ARM GAS  C:\Users\cta10\AppData\Local\Temp\ccK32gYJ.s 			page 1


   1              		.syntax unified
   2              		.cpu cortex-m3
   3              		.fpu softvfp
   4              		.eabi_attribute 20, 1
   5              		.eabi_attribute 21, 1
   6              		.eabi_attribute 23, 3
   7              		.eabi_attribute 24, 1
   8              		.eabi_attribute 25, 1
   9              		.eabi_attribute 26, 1
  10              		.eabi_attribute 30, 6
  11              		.eabi_attribute 34, 1
  12              		.eabi_attribute 18, 4
  13              		.thumb
  14              		.syntax unified
  15              		.file	"cyfitter_cfg.c"
  16              		.text
  17              	.Ltext0:
  18              		.cfi_sections	.debug_frame
  19              		.section	.text.CYMEMZERO,"ax",%progbits
  20              		.align	2
  21              		.thumb
  22              		.thumb_func
  23              		.type	CYMEMZERO, %function
  24              	CYMEMZERO:
  25              	.LFB0:
  26              		.file 1 "Generated_Source\\PSoC5\\cyfitter_cfg.c"
   1:Generated_Source\PSoC5/cyfitter_cfg.c **** 
   2:Generated_Source\PSoC5/cyfitter_cfg.c **** /*******************************************************************************
   3:Generated_Source\PSoC5/cyfitter_cfg.c **** * File Name: cyfitter_cfg.c
   4:Generated_Source\PSoC5/cyfitter_cfg.c **** * 
   5:Generated_Source\PSoC5/cyfitter_cfg.c **** * PSoC Creator  4.4
   6:Generated_Source\PSoC5/cyfitter_cfg.c **** *
   7:Generated_Source\PSoC5/cyfitter_cfg.c **** * Description:
   8:Generated_Source\PSoC5/cyfitter_cfg.c **** * This file contains device initialization code.
   9:Generated_Source\PSoC5/cyfitter_cfg.c **** * Except for the user defined sections in CyClockStartupError(), this file should not be modified.
  10:Generated_Source\PSoC5/cyfitter_cfg.c **** * This file is automatically generated by PSoC Creator.
  11:Generated_Source\PSoC5/cyfitter_cfg.c **** *
  12:Generated_Source\PSoC5/cyfitter_cfg.c **** ********************************************************************************
  13:Generated_Source\PSoC5/cyfitter_cfg.c **** * Copyright (c) 2007-2020 Cypress Semiconductor.  All rights reserved.
  14:Generated_Source\PSoC5/cyfitter_cfg.c **** * You may use this file only in accordance with the license, terms, conditions, 
  15:Generated_Source\PSoC5/cyfitter_cfg.c **** * disclaimers, and limitations in the end user license agreement accompanying 
  16:Generated_Source\PSoC5/cyfitter_cfg.c **** * the software package with which this file was provided.
  17:Generated_Source\PSoC5/cyfitter_cfg.c **** ********************************************************************************/
  18:Generated_Source\PSoC5/cyfitter_cfg.c **** 
  19:Generated_Source\PSoC5/cyfitter_cfg.c **** #include <string.h>
  20:Generated_Source\PSoC5/cyfitter_cfg.c **** #include "cytypes.h"
  21:Generated_Source\PSoC5/cyfitter_cfg.c **** #include "cydevice_trm.h"
  22:Generated_Source\PSoC5/cyfitter_cfg.c **** #include "cyfitter.h"
  23:Generated_Source\PSoC5/cyfitter_cfg.c **** #include "CyLib.h"
  24:Generated_Source\PSoC5/cyfitter_cfg.c **** #include "cyfitter_cfg.h"
  25:Generated_Source\PSoC5/cyfitter_cfg.c **** 
  26:Generated_Source\PSoC5/cyfitter_cfg.c **** #define CY_NEED_CYCLOCKSTARTUPERROR 1
  27:Generated_Source\PSoC5/cyfitter_cfg.c **** 
  28:Generated_Source\PSoC5/cyfitter_cfg.c **** 
  29:Generated_Source\PSoC5/cyfitter_cfg.c **** #if defined(__GNUC__) || defined(__ARMCC_VERSION)
  30:Generated_Source\PSoC5/cyfitter_cfg.c ****     #define CYPACKED 
  31:Generated_Source\PSoC5/cyfitter_cfg.c ****     #define CYPACKED_ATTR __attribute__ ((packed))
ARM GAS  C:\Users\cta10\AppData\Local\Temp\ccK32gYJ.s 			page 2


  32:Generated_Source\PSoC5/cyfitter_cfg.c ****     #define CYALIGNED __attribute__ ((aligned))
  33:Generated_Source\PSoC5/cyfitter_cfg.c ****     #define CY_CFG_UNUSED __attribute__ ((unused))
  34:Generated_Source\PSoC5/cyfitter_cfg.c ****     #ifndef CY_CFG_SECTION
  35:Generated_Source\PSoC5/cyfitter_cfg.c ****         #define CY_CFG_SECTION __attribute__ ((section(".psocinit")))
  36:Generated_Source\PSoC5/cyfitter_cfg.c ****     #endif
  37:Generated_Source\PSoC5/cyfitter_cfg.c ****     
  38:Generated_Source\PSoC5/cyfitter_cfg.c ****     #if defined(__ARMCC_VERSION)
  39:Generated_Source\PSoC5/cyfitter_cfg.c ****         #define CY_CFG_MEMORY_BARRIER() __memory_changed()
  40:Generated_Source\PSoC5/cyfitter_cfg.c ****     #else
  41:Generated_Source\PSoC5/cyfitter_cfg.c ****         #define CY_CFG_MEMORY_BARRIER() __sync_synchronize()
  42:Generated_Source\PSoC5/cyfitter_cfg.c ****     #endif
  43:Generated_Source\PSoC5/cyfitter_cfg.c ****     
  44:Generated_Source\PSoC5/cyfitter_cfg.c **** #elif defined(__ICCARM__)
  45:Generated_Source\PSoC5/cyfitter_cfg.c ****     #include <intrinsics.h>
  46:Generated_Source\PSoC5/cyfitter_cfg.c **** 
  47:Generated_Source\PSoC5/cyfitter_cfg.c ****     #define CYPACKED __packed
  48:Generated_Source\PSoC5/cyfitter_cfg.c ****     #define CYPACKED_ATTR 
  49:Generated_Source\PSoC5/cyfitter_cfg.c ****     #define CYALIGNED _Pragma("data_alignment=4")
  50:Generated_Source\PSoC5/cyfitter_cfg.c ****     #define CY_CFG_UNUSED _Pragma("diag_suppress=Pe177")
  51:Generated_Source\PSoC5/cyfitter_cfg.c ****     #define CY_CFG_SECTION _Pragma("location=\".psocinit\"")
  52:Generated_Source\PSoC5/cyfitter_cfg.c ****     
  53:Generated_Source\PSoC5/cyfitter_cfg.c ****     #define CY_CFG_MEMORY_BARRIER() __DMB()
  54:Generated_Source\PSoC5/cyfitter_cfg.c ****     
  55:Generated_Source\PSoC5/cyfitter_cfg.c **** #else
  56:Generated_Source\PSoC5/cyfitter_cfg.c ****     #error Unsupported toolchain
  57:Generated_Source\PSoC5/cyfitter_cfg.c **** #endif
  58:Generated_Source\PSoC5/cyfitter_cfg.c **** 
  59:Generated_Source\PSoC5/cyfitter_cfg.c **** #ifndef CYCODE
  60:Generated_Source\PSoC5/cyfitter_cfg.c ****     #define CYCODE
  61:Generated_Source\PSoC5/cyfitter_cfg.c **** #endif
  62:Generated_Source\PSoC5/cyfitter_cfg.c **** #ifndef CYDATA
  63:Generated_Source\PSoC5/cyfitter_cfg.c ****     #define CYDATA
  64:Generated_Source\PSoC5/cyfitter_cfg.c **** #endif
  65:Generated_Source\PSoC5/cyfitter_cfg.c **** #ifndef CYFAR
  66:Generated_Source\PSoC5/cyfitter_cfg.c ****     #define CYFAR
  67:Generated_Source\PSoC5/cyfitter_cfg.c **** #endif
  68:Generated_Source\PSoC5/cyfitter_cfg.c **** #ifndef CYXDATA
  69:Generated_Source\PSoC5/cyfitter_cfg.c ****     #define CYXDATA
  70:Generated_Source\PSoC5/cyfitter_cfg.c **** #endif
  71:Generated_Source\PSoC5/cyfitter_cfg.c **** 
  72:Generated_Source\PSoC5/cyfitter_cfg.c **** 
  73:Generated_Source\PSoC5/cyfitter_cfg.c **** CY_CFG_UNUSED
  74:Generated_Source\PSoC5/cyfitter_cfg.c **** static void CYMEMZERO(void *s, size_t n);
  75:Generated_Source\PSoC5/cyfitter_cfg.c **** CY_CFG_UNUSED
  76:Generated_Source\PSoC5/cyfitter_cfg.c **** static void CYMEMZERO(void *s, size_t n)
  77:Generated_Source\PSoC5/cyfitter_cfg.c **** {
  27              		.loc 1 77 0
  28              		.cfi_startproc
  29              		@ args = 0, pretend = 0, frame = 8
  30              		@ frame_needed = 1, uses_anonymous_args = 0
  31 0000 80B5     		push	{r7, lr}
  32              		.cfi_def_cfa_offset 8
  33              		.cfi_offset 7, -8
  34              		.cfi_offset 14, -4
  35 0002 82B0     		sub	sp, sp, #8
  36              		.cfi_def_cfa_offset 16
  37 0004 00AF     		add	r7, sp, #0
ARM GAS  C:\Users\cta10\AppData\Local\Temp\ccK32gYJ.s 			page 3


  38              		.cfi_def_cfa_register 7
  39 0006 7860     		str	r0, [r7, #4]
  40 0008 3960     		str	r1, [r7]
  78:Generated_Source\PSoC5/cyfitter_cfg.c **** 	(void)memset(s, 0, n);
  41              		.loc 1 78 0
  42 000a 3A68     		ldr	r2, [r7]
  43 000c 0021     		movs	r1, #0
  44 000e 7868     		ldr	r0, [r7, #4]
  45 0010 FFF7FEFF 		bl	memset
  79:Generated_Source\PSoC5/cyfitter_cfg.c **** }
  46              		.loc 1 79 0
  47 0014 00BF     		nop
  48 0016 0837     		adds	r7, r7, #8
  49              		.cfi_def_cfa_offset 8
  50 0018 BD46     		mov	sp, r7
  51              		.cfi_def_cfa_register 13
  52              		@ sp needed
  53 001a 80BD     		pop	{r7, pc}
  54              		.cfi_endproc
  55              	.LFE0:
  56              		.size	CYMEMZERO, .-CYMEMZERO
  57              		.section	.text.CYCONFIGCPY,"ax",%progbits
  58              		.align	2
  59              		.thumb
  60              		.thumb_func
  61              		.type	CYCONFIGCPY, %function
  62              	CYCONFIGCPY:
  63              	.LFB1:
  80:Generated_Source\PSoC5/cyfitter_cfg.c **** CY_CFG_UNUSED
  81:Generated_Source\PSoC5/cyfitter_cfg.c **** static void CYCONFIGCPY(void *dest, const void *src, size_t n);
  82:Generated_Source\PSoC5/cyfitter_cfg.c **** CY_CFG_UNUSED
  83:Generated_Source\PSoC5/cyfitter_cfg.c **** static void CYCONFIGCPY(void *dest, const void *src, size_t n)
  84:Generated_Source\PSoC5/cyfitter_cfg.c **** {
  64              		.loc 1 84 0
  65              		.cfi_startproc
  66              		@ args = 0, pretend = 0, frame = 16
  67              		@ frame_needed = 1, uses_anonymous_args = 0
  68 0000 80B5     		push	{r7, lr}
  69              		.cfi_def_cfa_offset 8
  70              		.cfi_offset 7, -8
  71              		.cfi_offset 14, -4
  72 0002 84B0     		sub	sp, sp, #16
  73              		.cfi_def_cfa_offset 24
  74 0004 00AF     		add	r7, sp, #0
  75              		.cfi_def_cfa_register 7
  76 0006 F860     		str	r0, [r7, #12]
  77 0008 B960     		str	r1, [r7, #8]
  78 000a 7A60     		str	r2, [r7, #4]
  85:Generated_Source\PSoC5/cyfitter_cfg.c **** 	(void)memcpy(dest, src, n);
  79              		.loc 1 85 0
  80 000c 7A68     		ldr	r2, [r7, #4]
  81 000e B968     		ldr	r1, [r7, #8]
  82 0010 F868     		ldr	r0, [r7, #12]
  83 0012 FFF7FEFF 		bl	memcpy
  86:Generated_Source\PSoC5/cyfitter_cfg.c **** }
  84              		.loc 1 86 0
  85 0016 00BF     		nop
ARM GAS  C:\Users\cta10\AppData\Local\Temp\ccK32gYJ.s 			page 4


  86 0018 1037     		adds	r7, r7, #16
  87              		.cfi_def_cfa_offset 8
  88 001a BD46     		mov	sp, r7
  89              		.cfi_def_cfa_register 13
  90              		@ sp needed
  91 001c 80BD     		pop	{r7, pc}
  92              		.cfi_endproc
  93              	.LFE1:
  94              		.size	CYCONFIGCPY, .-CYCONFIGCPY
  95 001e 00BF     		.section	.text.CYCONFIGCPYCODE,"ax",%progbits
  96              		.align	2
  97              		.thumb
  98              		.thumb_func
  99              		.type	CYCONFIGCPYCODE, %function
 100              	CYCONFIGCPYCODE:
 101              	.LFB2:
  87:Generated_Source\PSoC5/cyfitter_cfg.c **** CY_CFG_UNUSED
  88:Generated_Source\PSoC5/cyfitter_cfg.c **** static void CYCONFIGCPYCODE(void *dest, const void *src, size_t n);
  89:Generated_Source\PSoC5/cyfitter_cfg.c **** CY_CFG_UNUSED
  90:Generated_Source\PSoC5/cyfitter_cfg.c **** static void CYCONFIGCPYCODE(void *dest, const void *src, size_t n)
  91:Generated_Source\PSoC5/cyfitter_cfg.c **** {
 102              		.loc 1 91 0
 103              		.cfi_startproc
 104              		@ args = 0, pretend = 0, frame = 16
 105              		@ frame_needed = 1, uses_anonymous_args = 0
 106 0000 80B5     		push	{r7, lr}
 107              		.cfi_def_cfa_offset 8
 108              		.cfi_offset 7, -8
 109              		.cfi_offset 14, -4
 110 0002 84B0     		sub	sp, sp, #16
 111              		.cfi_def_cfa_offset 24
 112 0004 00AF     		add	r7, sp, #0
 113              		.cfi_def_cfa_register 7
 114 0006 F860     		str	r0, [r7, #12]
 115 0008 B960     		str	r1, [r7, #8]
 116 000a 7A60     		str	r2, [r7, #4]
  92:Generated_Source\PSoC5/cyfitter_cfg.c **** 	(void)memcpy(dest, src, n);
 117              		.loc 1 92 0
 118 000c 7A68     		ldr	r2, [r7, #4]
 119 000e B968     		ldr	r1, [r7, #8]
 120 0010 F868     		ldr	r0, [r7, #12]
 121 0012 FFF7FEFF 		bl	memcpy
  93:Generated_Source\PSoC5/cyfitter_cfg.c **** }
 122              		.loc 1 93 0
 123 0016 00BF     		nop
 124 0018 1037     		adds	r7, r7, #16
 125              		.cfi_def_cfa_offset 8
 126 001a BD46     		mov	sp, r7
 127              		.cfi_def_cfa_register 13
 128              		@ sp needed
 129 001c 80BD     		pop	{r7, pc}
 130              		.cfi_endproc
 131              	.LFE2:
 132              		.size	CYCONFIGCPYCODE, .-CYCONFIGCPYCODE
 133 001e 00BF     		.section	.text.CyClockStartupError,"ax",%progbits
 134              		.align	2
 135              		.thumb
ARM GAS  C:\Users\cta10\AppData\Local\Temp\ccK32gYJ.s 			page 5


 136              		.thumb_func
 137              		.type	CyClockStartupError, %function
 138              	CyClockStartupError:
 139              	.LFB3:
  94:Generated_Source\PSoC5/cyfitter_cfg.c **** 
  95:Generated_Source\PSoC5/cyfitter_cfg.c **** 
  96:Generated_Source\PSoC5/cyfitter_cfg.c **** 
  97:Generated_Source\PSoC5/cyfitter_cfg.c **** 
  98:Generated_Source\PSoC5/cyfitter_cfg.c **** /* Clock startup error codes                                                   */
  99:Generated_Source\PSoC5/cyfitter_cfg.c **** #define CYCLOCKSTART_NO_ERROR    0u
 100:Generated_Source\PSoC5/cyfitter_cfg.c **** #define CYCLOCKSTART_XTAL_ERROR  1u
 101:Generated_Source\PSoC5/cyfitter_cfg.c **** #define CYCLOCKSTART_32KHZ_ERROR 2u
 102:Generated_Source\PSoC5/cyfitter_cfg.c **** #define CYCLOCKSTART_PLL_ERROR   3u
 103:Generated_Source\PSoC5/cyfitter_cfg.c **** #define CYCLOCKSTART_FLL_ERROR   4u
 104:Generated_Source\PSoC5/cyfitter_cfg.c **** #define CYCLOCKSTART_WCO_ERROR   5u
 105:Generated_Source\PSoC5/cyfitter_cfg.c **** 
 106:Generated_Source\PSoC5/cyfitter_cfg.c **** 
 107:Generated_Source\PSoC5/cyfitter_cfg.c **** #ifdef CY_NEED_CYCLOCKSTARTUPERROR
 108:Generated_Source\PSoC5/cyfitter_cfg.c **** /*******************************************************************************
 109:Generated_Source\PSoC5/cyfitter_cfg.c **** * Function Name: CyClockStartupError
 110:Generated_Source\PSoC5/cyfitter_cfg.c **** ********************************************************************************
 111:Generated_Source\PSoC5/cyfitter_cfg.c **** * Summary:
 112:Generated_Source\PSoC5/cyfitter_cfg.c **** *  If an error is encountered during clock configuration (crystal startup error,
 113:Generated_Source\PSoC5/cyfitter_cfg.c **** *  PLL lock error, etc.), the system will end up here.  Unless reimplemented by
 114:Generated_Source\PSoC5/cyfitter_cfg.c **** *  the customer, this function will stop in an infinite loop.
 115:Generated_Source\PSoC5/cyfitter_cfg.c **** *
 116:Generated_Source\PSoC5/cyfitter_cfg.c **** * Parameters:
 117:Generated_Source\PSoC5/cyfitter_cfg.c **** *   void
 118:Generated_Source\PSoC5/cyfitter_cfg.c **** *
 119:Generated_Source\PSoC5/cyfitter_cfg.c **** * Return:
 120:Generated_Source\PSoC5/cyfitter_cfg.c **** *   void
 121:Generated_Source\PSoC5/cyfitter_cfg.c **** *
 122:Generated_Source\PSoC5/cyfitter_cfg.c **** *******************************************************************************/
 123:Generated_Source\PSoC5/cyfitter_cfg.c **** CY_CFG_UNUSED
 124:Generated_Source\PSoC5/cyfitter_cfg.c **** static void CyClockStartupError(uint8 errorCode);
 125:Generated_Source\PSoC5/cyfitter_cfg.c **** CY_CFG_UNUSED
 126:Generated_Source\PSoC5/cyfitter_cfg.c **** static void CyClockStartupError(uint8 errorCode)
 127:Generated_Source\PSoC5/cyfitter_cfg.c **** {
 140              		.loc 1 127 0
 141              		.cfi_startproc
 142              		@ args = 0, pretend = 0, frame = 8
 143              		@ frame_needed = 1, uses_anonymous_args = 0
 144              		@ link register save eliminated.
 145 0000 80B4     		push	{r7}
 146              		.cfi_def_cfa_offset 4
 147              		.cfi_offset 7, -4
 148 0002 83B0     		sub	sp, sp, #12
 149              		.cfi_def_cfa_offset 16
 150 0004 00AF     		add	r7, sp, #0
 151              		.cfi_def_cfa_register 7
 152 0006 0346     		mov	r3, r0
 153 0008 FB71     		strb	r3, [r7, #7]
 154              	.L5:
 128:Generated_Source\PSoC5/cyfitter_cfg.c ****     /* To remove the compiler warning if errorCode not used.                */
 129:Generated_Source\PSoC5/cyfitter_cfg.c ****     errorCode = errorCode;
 130:Generated_Source\PSoC5/cyfitter_cfg.c **** 
 131:Generated_Source\PSoC5/cyfitter_cfg.c ****     /* If we have a clock startup error (bad MHz crystal, PLL lock, etc.),  */
ARM GAS  C:\Users\cta10\AppData\Local\Temp\ccK32gYJ.s 			page 6


 132:Generated_Source\PSoC5/cyfitter_cfg.c ****     /* we will end up here to allow the customer to implement something to  */
 133:Generated_Source\PSoC5/cyfitter_cfg.c ****     /* deal with the clock condition.                                       */
 134:Generated_Source\PSoC5/cyfitter_cfg.c **** 
 135:Generated_Source\PSoC5/cyfitter_cfg.c **** #ifdef CY_CFG_CLOCK_STARTUP_ERROR_CALLBACK
 136:Generated_Source\PSoC5/cyfitter_cfg.c ****     CY_CFG_Clock_Startup_ErrorCallback();
 137:Generated_Source\PSoC5/cyfitter_cfg.c **** #else
 138:Generated_Source\PSoC5/cyfitter_cfg.c ****     /*  If not using CY_CFG_CLOCK_STARTUP_ERROR_CALLBACK, place your clock startup code here. */
 139:Generated_Source\PSoC5/cyfitter_cfg.c ****     /* `#START CyClockStartupError` */
 140:Generated_Source\PSoC5/cyfitter_cfg.c **** 
 141:Generated_Source\PSoC5/cyfitter_cfg.c ****     /* If we have a clock startup error (bad MHz crystal, PLL lock, etc.),  */
 142:Generated_Source\PSoC5/cyfitter_cfg.c ****     /* we will end up here to allow the customer to implement something to  */
 143:Generated_Source\PSoC5/cyfitter_cfg.c ****     /* deal with the clock condition.                                       */
 144:Generated_Source\PSoC5/cyfitter_cfg.c **** 
 145:Generated_Source\PSoC5/cyfitter_cfg.c ****     /* `#END` */
 146:Generated_Source\PSoC5/cyfitter_cfg.c **** 
 147:Generated_Source\PSoC5/cyfitter_cfg.c ****     while(1) {}
 155              		.loc 1 147 0 discriminator 1
 156 000a FEE7     		b	.L5
 157              		.cfi_endproc
 158              	.LFE3:
 159              		.size	CyClockStartupError, .-CyClockStartupError
 160              		.section	.text.cfg_write_bytes32,"ax",%progbits
 161              		.align	2
 162              		.thumb
 163              		.thumb_func
 164              		.type	cfg_write_bytes32, %function
 165              	cfg_write_bytes32:
 166              	.LFB4:
 148:Generated_Source\PSoC5/cyfitter_cfg.c **** #endif /* CY_CFG_CLOCK_STARTUP_ERROR_CALLBACK */
 149:Generated_Source\PSoC5/cyfitter_cfg.c **** }
 150:Generated_Source\PSoC5/cyfitter_cfg.c **** #endif
 151:Generated_Source\PSoC5/cyfitter_cfg.c **** 
 152:Generated_Source\PSoC5/cyfitter_cfg.c **** #define CY_CFG_BASE_ADDR_COUNT 39u
 153:Generated_Source\PSoC5/cyfitter_cfg.c **** CYPACKED typedef struct
 154:Generated_Source\PSoC5/cyfitter_cfg.c **** {
 155:Generated_Source\PSoC5/cyfitter_cfg.c **** 	uint8 offset;
 156:Generated_Source\PSoC5/cyfitter_cfg.c **** 	uint8 value;
 157:Generated_Source\PSoC5/cyfitter_cfg.c **** } CYPACKED_ATTR cy_cfg_addrvalue_t;
 158:Generated_Source\PSoC5/cyfitter_cfg.c **** 
 159:Generated_Source\PSoC5/cyfitter_cfg.c **** #define cy_cfg_addr_table ((const uint32 CYFAR *)0x48000000u)
 160:Generated_Source\PSoC5/cyfitter_cfg.c **** #define cy_cfg_data_table ((const cy_cfg_addrvalue_t CYFAR *)0x4800009Cu)
 161:Generated_Source\PSoC5/cyfitter_cfg.c **** 
 162:Generated_Source\PSoC5/cyfitter_cfg.c **** /* IDMUX_IRQ Address: CYREG_IDMUX_IRQ_CTL0 Size (bytes): 8 */
 163:Generated_Source\PSoC5/cyfitter_cfg.c **** #define BS_IDMUX_IRQ_VAL ((const uint8 CYFAR *)0x48000BD0u)
 164:Generated_Source\PSoC5/cyfitter_cfg.c **** 
 165:Generated_Source\PSoC5/cyfitter_cfg.c **** /* IOPINS0_0 Address: CYREG_PRT0_DM0 Size (bytes): 8 */
 166:Generated_Source\PSoC5/cyfitter_cfg.c **** #define BS_IOPINS0_0_VAL ((const uint8 CYFAR *)0x48000BD8u)
 167:Generated_Source\PSoC5/cyfitter_cfg.c **** 
 168:Generated_Source\PSoC5/cyfitter_cfg.c **** /* IOPINS0_7 Address: CYREG_PRT12_DM0 Size (bytes): 8 */
 169:Generated_Source\PSoC5/cyfitter_cfg.c **** #define BS_IOPINS0_7_VAL ((const uint8 CYFAR *)0x48000BE0u)
 170:Generated_Source\PSoC5/cyfitter_cfg.c **** 
 171:Generated_Source\PSoC5/cyfitter_cfg.c **** /* IOPINS0_8 Address: CYREG_PRT15_DR Size (bytes): 10 */
 172:Generated_Source\PSoC5/cyfitter_cfg.c **** #define BS_IOPINS0_8_VAL ((const uint8 CYFAR *)0x48000BE8u)
 173:Generated_Source\PSoC5/cyfitter_cfg.c **** 
 174:Generated_Source\PSoC5/cyfitter_cfg.c **** /* IOPINS0_1 Address: CYREG_PRT1_DM0 Size (bytes): 8 */
 175:Generated_Source\PSoC5/cyfitter_cfg.c **** #define BS_IOPINS0_1_VAL ((const uint8 CYFAR *)0x48000BF4u)
 176:Generated_Source\PSoC5/cyfitter_cfg.c **** 
ARM GAS  C:\Users\cta10\AppData\Local\Temp\ccK32gYJ.s 			page 7


 177:Generated_Source\PSoC5/cyfitter_cfg.c **** /* IOPINS0_2 Address: CYREG_PRT2_DR Size (bytes): 10 */
 178:Generated_Source\PSoC5/cyfitter_cfg.c **** #define BS_IOPINS0_2_VAL ((const uint8 CYFAR *)0x48000BFCu)
 179:Generated_Source\PSoC5/cyfitter_cfg.c **** 
 180:Generated_Source\PSoC5/cyfitter_cfg.c **** /* IOPINS0_3 Address: CYREG_PRT3_DM0 Size (bytes): 8 */
 181:Generated_Source\PSoC5/cyfitter_cfg.c **** #define BS_IOPINS0_3_VAL ((const uint8 CYFAR *)0x48000C08u)
 182:Generated_Source\PSoC5/cyfitter_cfg.c **** 
 183:Generated_Source\PSoC5/cyfitter_cfg.c **** 
 184:Generated_Source\PSoC5/cyfitter_cfg.c **** /*******************************************************************************
 185:Generated_Source\PSoC5/cyfitter_cfg.c **** * Function Name: cfg_write_bytes32
 186:Generated_Source\PSoC5/cyfitter_cfg.c **** ********************************************************************************
 187:Generated_Source\PSoC5/cyfitter_cfg.c **** * Summary:
 188:Generated_Source\PSoC5/cyfitter_cfg.c **** *  This function is used for setting up the chip configuration areas that
 189:Generated_Source\PSoC5/cyfitter_cfg.c **** *  contain relatively sparse data.
 190:Generated_Source\PSoC5/cyfitter_cfg.c **** *
 191:Generated_Source\PSoC5/cyfitter_cfg.c **** * Parameters:
 192:Generated_Source\PSoC5/cyfitter_cfg.c **** *   void
 193:Generated_Source\PSoC5/cyfitter_cfg.c **** *
 194:Generated_Source\PSoC5/cyfitter_cfg.c **** * Return:
 195:Generated_Source\PSoC5/cyfitter_cfg.c **** *   void
 196:Generated_Source\PSoC5/cyfitter_cfg.c **** *
 197:Generated_Source\PSoC5/cyfitter_cfg.c **** *******************************************************************************/
 198:Generated_Source\PSoC5/cyfitter_cfg.c **** static void cfg_write_bytes32(const uint32 addr_table[], const cy_cfg_addrvalue_t data_table[]);
 199:Generated_Source\PSoC5/cyfitter_cfg.c **** static void cfg_write_bytes32(const uint32 addr_table[], const cy_cfg_addrvalue_t data_table[])
 200:Generated_Source\PSoC5/cyfitter_cfg.c **** {
 167              		.loc 1 200 0
 168              		.cfi_startproc
 169              		@ args = 0, pretend = 0, frame = 24
 170              		@ frame_needed = 1, uses_anonymous_args = 0
 171              		@ link register save eliminated.
 172 0000 80B4     		push	{r7}
 173              		.cfi_def_cfa_offset 4
 174              		.cfi_offset 7, -4
 175 0002 87B0     		sub	sp, sp, #28
 176              		.cfi_def_cfa_offset 32
 177 0004 00AF     		add	r7, sp, #0
 178              		.cfi_def_cfa_register 7
 179 0006 7860     		str	r0, [r7, #4]
 180 0008 3960     		str	r1, [r7]
 201:Generated_Source\PSoC5/cyfitter_cfg.c **** 	/* For 32-bit little-endian architectures */
 202:Generated_Source\PSoC5/cyfitter_cfg.c **** 	uint32 i, j = 0u;
 181              		.loc 1 202 0
 182 000a 0023     		movs	r3, #0
 183 000c 3B61     		str	r3, [r7, #16]
 203:Generated_Source\PSoC5/cyfitter_cfg.c **** 	for (i = 0u; i < CY_CFG_BASE_ADDR_COUNT; i++)
 184              		.loc 1 203 0
 185 000e 0023     		movs	r3, #0
 186 0010 7B61     		str	r3, [r7, #20]
 187 0012 27E0     		b	.L7
 188              	.L10:
 189              	.LBB2:
 204:Generated_Source\PSoC5/cyfitter_cfg.c **** 	{
 205:Generated_Source\PSoC5/cyfitter_cfg.c **** 		uint32 baseAddr = addr_table[i];
 190              		.loc 1 205 0
 191 0014 7B69     		ldr	r3, [r7, #20]
 192 0016 9B00     		lsls	r3, r3, #2
 193 0018 7A68     		ldr	r2, [r7, #4]
 194 001a 1344     		add	r3, r3, r2
ARM GAS  C:\Users\cta10\AppData\Local\Temp\ccK32gYJ.s 			page 8


 195 001c 1B68     		ldr	r3, [r3]
 196 001e BB60     		str	r3, [r7, #8]
 206:Generated_Source\PSoC5/cyfitter_cfg.c **** 		uint8 count = (uint8)baseAddr;
 197              		.loc 1 206 0
 198 0020 BB68     		ldr	r3, [r7, #8]
 199 0022 FB73     		strb	r3, [r7, #15]
 207:Generated_Source\PSoC5/cyfitter_cfg.c **** 		baseAddr &= 0xFFFFFF00u;
 200              		.loc 1 207 0
 201 0024 BB68     		ldr	r3, [r7, #8]
 202 0026 23F0FF03 		bic	r3, r3, #255
 203 002a BB60     		str	r3, [r7, #8]
 208:Generated_Source\PSoC5/cyfitter_cfg.c **** 		while (count != 0u)
 204              		.loc 1 208 0
 205 002c 14E0     		b	.L8
 206              	.L9:
 209:Generated_Source\PSoC5/cyfitter_cfg.c **** 		{
 210:Generated_Source\PSoC5/cyfitter_cfg.c **** 			CY_SET_REG8((void *)(baseAddr + data_table[j].offset), data_table[j].value);
 207              		.loc 1 210 0
 208 002e 3B69     		ldr	r3, [r7, #16]
 209 0030 5B00     		lsls	r3, r3, #1
 210 0032 3A68     		ldr	r2, [r7]
 211 0034 1344     		add	r3, r3, r2
 212 0036 1B78     		ldrb	r3, [r3]	@ zero_extendqisi2
 213 0038 1A46     		mov	r2, r3
 214 003a BB68     		ldr	r3, [r7, #8]
 215 003c 1344     		add	r3, r3, r2
 216 003e 1946     		mov	r1, r3
 217 0040 3B69     		ldr	r3, [r7, #16]
 218 0042 5B00     		lsls	r3, r3, #1
 219 0044 3A68     		ldr	r2, [r7]
 220 0046 1344     		add	r3, r3, r2
 221 0048 5B78     		ldrb	r3, [r3, #1]	@ zero_extendqisi2
 222 004a 0B70     		strb	r3, [r1]
 211:Generated_Source\PSoC5/cyfitter_cfg.c **** 			j++;
 223              		.loc 1 211 0
 224 004c 3B69     		ldr	r3, [r7, #16]
 225 004e 0133     		adds	r3, r3, #1
 226 0050 3B61     		str	r3, [r7, #16]
 212:Generated_Source\PSoC5/cyfitter_cfg.c **** 			count--;
 227              		.loc 1 212 0
 228 0052 FB7B     		ldrb	r3, [r7, #15]	@ zero_extendqisi2
 229 0054 013B     		subs	r3, r3, #1
 230 0056 FB73     		strb	r3, [r7, #15]
 231              	.L8:
 208:Generated_Source\PSoC5/cyfitter_cfg.c **** 		{
 232              		.loc 1 208 0
 233 0058 FB7B     		ldrb	r3, [r7, #15]	@ zero_extendqisi2
 234 005a 002B     		cmp	r3, #0
 235 005c E7D1     		bne	.L9
 236              	.LBE2:
 203:Generated_Source\PSoC5/cyfitter_cfg.c **** 	{
 237              		.loc 1 203 0 discriminator 2
 238 005e 7B69     		ldr	r3, [r7, #20]
 239 0060 0133     		adds	r3, r3, #1
 240 0062 7B61     		str	r3, [r7, #20]
 241              	.L7:
 203:Generated_Source\PSoC5/cyfitter_cfg.c **** 	{
ARM GAS  C:\Users\cta10\AppData\Local\Temp\ccK32gYJ.s 			page 9


 242              		.loc 1 203 0 is_stmt 0 discriminator 1
 243 0064 7B69     		ldr	r3, [r7, #20]
 244 0066 262B     		cmp	r3, #38
 245 0068 D4D9     		bls	.L10
 213:Generated_Source\PSoC5/cyfitter_cfg.c **** 		}
 214:Generated_Source\PSoC5/cyfitter_cfg.c **** 	}
 215:Generated_Source\PSoC5/cyfitter_cfg.c **** }
 246              		.loc 1 215 0 is_stmt 1
 247 006a 00BF     		nop
 248 006c 1C37     		adds	r7, r7, #28
 249              		.cfi_def_cfa_offset 4
 250 006e BD46     		mov	sp, r7
 251              		.cfi_def_cfa_register 13
 252              		@ sp needed
 253 0070 80BC     		pop	{r7}
 254              		.cfi_restore 7
 255              		.cfi_def_cfa_offset 0
 256 0072 7047     		bx	lr
 257              		.cfi_endproc
 258              	.LFE4:
 259              		.size	cfg_write_bytes32, .-cfg_write_bytes32
 260              		.section	.text.ClockSetup,"ax",%progbits
 261              		.align	2
 262              		.thumb
 263              		.thumb_func
 264              		.type	ClockSetup, %function
 265              	ClockSetup:
 266              	.LFB5:
 216:Generated_Source\PSoC5/cyfitter_cfg.c **** 
 217:Generated_Source\PSoC5/cyfitter_cfg.c **** /*******************************************************************************
 218:Generated_Source\PSoC5/cyfitter_cfg.c **** * Function Name: ClockSetup
 219:Generated_Source\PSoC5/cyfitter_cfg.c **** ********************************************************************************
 220:Generated_Source\PSoC5/cyfitter_cfg.c **** *
 221:Generated_Source\PSoC5/cyfitter_cfg.c **** * Summary:
 222:Generated_Source\PSoC5/cyfitter_cfg.c **** *  Performs the initialization of all of the clocks in the device based on the
 223:Generated_Source\PSoC5/cyfitter_cfg.c **** *  settings in the Clock tab of the DWR.  This includes enabling the requested
 224:Generated_Source\PSoC5/cyfitter_cfg.c **** *  clocks and setting the necessary dividers to produce the desired frequency. 
 225:Generated_Source\PSoC5/cyfitter_cfg.c **** *
 226:Generated_Source\PSoC5/cyfitter_cfg.c **** * Parameters:
 227:Generated_Source\PSoC5/cyfitter_cfg.c **** *  void
 228:Generated_Source\PSoC5/cyfitter_cfg.c **** *
 229:Generated_Source\PSoC5/cyfitter_cfg.c **** * Return:
 230:Generated_Source\PSoC5/cyfitter_cfg.c **** *  void
 231:Generated_Source\PSoC5/cyfitter_cfg.c **** *
 232:Generated_Source\PSoC5/cyfitter_cfg.c **** *******************************************************************************/
 233:Generated_Source\PSoC5/cyfitter_cfg.c **** static void ClockSetup(void);
 234:Generated_Source\PSoC5/cyfitter_cfg.c **** static void ClockSetup(void)
 235:Generated_Source\PSoC5/cyfitter_cfg.c **** {
 267              		.loc 1 235 0
 268              		.cfi_startproc
 269              		@ args = 0, pretend = 0, frame = 8
 270              		@ frame_needed = 1, uses_anonymous_args = 0
 271 0000 80B5     		push	{r7, lr}
 272              		.cfi_def_cfa_offset 8
 273              		.cfi_offset 7, -8
 274              		.cfi_offset 14, -4
 275 0002 82B0     		sub	sp, sp, #8
ARM GAS  C:\Users\cta10\AppData\Local\Temp\ccK32gYJ.s 			page 10


 276              		.cfi_def_cfa_offset 16
 277 0004 00AF     		add	r7, sp, #0
 278              		.cfi_def_cfa_register 7
 236:Generated_Source\PSoC5/cyfitter_cfg.c **** 	uint32 timeout;
 237:Generated_Source\PSoC5/cyfitter_cfg.c **** 	uint8 pllLock;
 238:Generated_Source\PSoC5/cyfitter_cfg.c **** 
 239:Generated_Source\PSoC5/cyfitter_cfg.c **** 
 240:Generated_Source\PSoC5/cyfitter_cfg.c **** 	/* Configure Digital Clocks based on settings from Clock DWR */
 241:Generated_Source\PSoC5/cyfitter_cfg.c **** 	CY_SET_XTND_REG16((void CYFAR *)(CYREG_CLKDIST_DCFG0_CFG0), 0x0004u);
 279              		.loc 1 241 0
 280 0006 3D4B     		ldr	r3, .L16
 281 0008 0422     		movs	r2, #4
 282 000a 1A80     		strh	r2, [r3]	@ movhi
 242:Generated_Source\PSoC5/cyfitter_cfg.c **** 	CY_SET_XTND_REG8((void CYFAR *)(CYREG_CLKDIST_DCFG0_CFG0 + 0x2u), 0x18u);
 283              		.loc 1 242 0
 284 000c 3C4B     		ldr	r3, .L16+4
 285 000e 1822     		movs	r2, #24
 286 0010 1A70     		strb	r2, [r3]
 243:Generated_Source\PSoC5/cyfitter_cfg.c **** 	CY_SET_XTND_REG16((void CYFAR *)(CYREG_CLKDIST_DCFG1_CFG0), 0x003Bu);
 287              		.loc 1 243 0
 288 0012 3C4B     		ldr	r3, .L16+8
 289 0014 3B22     		movs	r2, #59
 290 0016 1A80     		strh	r2, [r3]	@ movhi
 244:Generated_Source\PSoC5/cyfitter_cfg.c **** 	CY_SET_XTND_REG8((void CYFAR *)(CYREG_CLKDIST_DCFG1_CFG0 + 0x2u), 0x18u);
 291              		.loc 1 244 0
 292 0018 3B4B     		ldr	r3, .L16+12
 293 001a 1822     		movs	r2, #24
 294 001c 1A70     		strb	r2, [r3]
 245:Generated_Source\PSoC5/cyfitter_cfg.c **** 	CY_SET_XTND_REG16((void CYFAR *)(CYREG_CLKDIST_DCFG2_CFG0), 0x0081u);
 295              		.loc 1 245 0
 296 001e 3B4B     		ldr	r3, .L16+16
 297 0020 8122     		movs	r2, #129
 298 0022 1A80     		strh	r2, [r3]	@ movhi
 246:Generated_Source\PSoC5/cyfitter_cfg.c **** 	CY_SET_XTND_REG8((void CYFAR *)(CYREG_CLKDIST_DCFG2_CFG0 + 0x2u), 0x18u);
 299              		.loc 1 246 0
 300 0024 3A4B     		ldr	r3, .L16+20
 301 0026 1822     		movs	r2, #24
 302 0028 1A70     		strb	r2, [r3]
 247:Generated_Source\PSoC5/cyfitter_cfg.c **** 	CY_SET_XTND_REG16((void CYFAR *)(CYREG_CLKDIST_DCFG3_CFG0), 0x2EDFu);
 303              		.loc 1 247 0
 304 002a 3A4B     		ldr	r3, .L16+24
 305 002c 42F6DF62 		movw	r2, #11999
 306 0030 1A80     		strh	r2, [r3]	@ movhi
 248:Generated_Source\PSoC5/cyfitter_cfg.c **** 	CY_SET_XTND_REG8((void CYFAR *)(CYREG_CLKDIST_DCFG3_CFG0 + 0x2u), 0x19u);
 307              		.loc 1 248 0
 308 0032 394B     		ldr	r3, .L16+28
 309 0034 1922     		movs	r2, #25
 310 0036 1A70     		strb	r2, [r3]
 249:Generated_Source\PSoC5/cyfitter_cfg.c **** 	CY_SET_XTND_REG16((void CYFAR *)(CYREG_CLKDIST_DCFG4_CFG0), 0x5DBFu);
 311              		.loc 1 249 0
 312 0038 384B     		ldr	r3, .L16+32
 313 003a 45F6BF52 		movw	r2, #23999
 314 003e 1A80     		strh	r2, [r3]	@ movhi
 250:Generated_Source\PSoC5/cyfitter_cfg.c **** 	CY_SET_XTND_REG8((void CYFAR *)(CYREG_CLKDIST_DCFG4_CFG0 + 0x2u), 0x19u);
 315              		.loc 1 250 0
 316 0040 374B     		ldr	r3, .L16+36
 317 0042 1922     		movs	r2, #25
ARM GAS  C:\Users\cta10\AppData\Local\Temp\ccK32gYJ.s 			page 11


 318 0044 1A70     		strb	r2, [r3]
 251:Generated_Source\PSoC5/cyfitter_cfg.c **** 
 252:Generated_Source\PSoC5/cyfitter_cfg.c **** 	/* Configure ILO based on settings from Clock DWR */
 253:Generated_Source\PSoC5/cyfitter_cfg.c **** 	CY_SET_XTND_REG8((void CYFAR *)(CYREG_SLOWCLK_ILO_CR0), 0x06u);
 319              		.loc 1 253 0
 320 0046 374B     		ldr	r3, .L16+40
 321 0048 0622     		movs	r2, #6
 322 004a 1A70     		strb	r2, [r3]
 254:Generated_Source\PSoC5/cyfitter_cfg.c **** 
 255:Generated_Source\PSoC5/cyfitter_cfg.c **** 	/* Configure IMO based on settings from Clock DWR */
 256:Generated_Source\PSoC5/cyfitter_cfg.c **** 	CY_SET_XTND_REG8((void CYFAR *)(CYREG_FASTCLK_IMO_CR), 0x52u);
 323              		.loc 1 256 0
 324 004c 364B     		ldr	r3, .L16+44
 325 004e 5222     		movs	r2, #82
 326 0050 1A70     		strb	r2, [r3]
 257:Generated_Source\PSoC5/cyfitter_cfg.c **** 	CY_SET_XTND_REG8((void CYFAR *)(CYREG_IMO_TR1), (CY_GET_XTND_REG8((void CYFAR *)CYREG_FLSHID_CUST_
 327              		.loc 1 257 0
 328 0052 364B     		ldr	r3, .L16+48
 329 0054 364A     		ldr	r2, .L16+52
 330 0056 1278     		ldrb	r2, [r2]
 331 0058 D2B2     		uxtb	r2, r2
 332 005a 1A70     		strb	r2, [r3]
 258:Generated_Source\PSoC5/cyfitter_cfg.c **** 
 259:Generated_Source\PSoC5/cyfitter_cfg.c **** 	/* Configure PLL based on settings from Clock DWR */
 260:Generated_Source\PSoC5/cyfitter_cfg.c **** 	CY_SET_XTND_REG16((void CYFAR *)(CYREG_FASTCLK_PLL_P), 0x0919u);
 333              		.loc 1 260 0
 334 005c 354B     		ldr	r3, .L16+56
 335 005e 40F61912 		movw	r2, #2329
 336 0062 1A80     		strh	r2, [r3]	@ movhi
 261:Generated_Source\PSoC5/cyfitter_cfg.c **** 	CY_SET_XTND_REG16((void CYFAR *)(CYREG_FASTCLK_PLL_CFG0), 0x1251u);
 337              		.loc 1 261 0
 338 0064 344B     		ldr	r3, .L16+60
 339 0066 41F25122 		movw	r2, #4689
 340 006a 1A80     		strh	r2, [r3]	@ movhi
 262:Generated_Source\PSoC5/cyfitter_cfg.c **** 	/* Wait up to 250us for the PLL to lock */
 263:Generated_Source\PSoC5/cyfitter_cfg.c **** 	pllLock = 0u;
 341              		.loc 1 263 0
 342 006c 0023     		movs	r3, #0
 343 006e FB70     		strb	r3, [r7, #3]
 264:Generated_Source\PSoC5/cyfitter_cfg.c **** 	for (timeout = 250u / 10u; (timeout > 0u) && (pllLock != 0x03u); timeout--)
 344              		.loc 1 264 0
 345 0070 1923     		movs	r3, #25
 346 0072 7B60     		str	r3, [r7, #4]
 347 0074 14E0     		b	.L12
 348              	.L14:
 265:Generated_Source\PSoC5/cyfitter_cfg.c **** 	{ 
 266:Generated_Source\PSoC5/cyfitter_cfg.c **** 		pllLock = 0x03u & ((uint8)((uint8)pllLock << 1) | ((CY_GET_XTND_REG8((void CYFAR *)CYREG_FASTCLK_
 349              		.loc 1 266 0 discriminator 4
 350 0076 FB78     		ldrb	r3, [r7, #3]
 351 0078 5B00     		lsls	r3, r3, #1
 352 007a DAB2     		uxtb	r2, r3
 353 007c 2F4B     		ldr	r3, .L16+64
 354 007e 1B78     		ldrb	r3, [r3]
 355 0080 DBB2     		uxtb	r3, r3
 356 0082 03F00103 		and	r3, r3, #1
 357 0086 DBB2     		uxtb	r3, r3
 358 0088 1343     		orrs	r3, r3, r2
ARM GAS  C:\Users\cta10\AppData\Local\Temp\ccK32gYJ.s 			page 12


 359 008a DBB2     		uxtb	r3, r3
 360 008c 03F00303 		and	r3, r3, #3
 361 0090 FB70     		strb	r3, [r7, #3]
 267:Generated_Source\PSoC5/cyfitter_cfg.c **** 		CyDelayCycles(10u * 48u); /* Delay 10us based on 48MHz clock */
 362              		.loc 1 267 0 discriminator 4
 363 0092 4FF4F070 		mov	r0, #480
 364 0096 FFF7FEFF 		bl	CyDelayCycles
 264:Generated_Source\PSoC5/cyfitter_cfg.c **** 	for (timeout = 250u / 10u; (timeout > 0u) && (pllLock != 0x03u); timeout--)
 365              		.loc 1 264 0 discriminator 4
 366 009a 7B68     		ldr	r3, [r7, #4]
 367 009c 013B     		subs	r3, r3, #1
 368 009e 7B60     		str	r3, [r7, #4]
 369              	.L12:
 264:Generated_Source\PSoC5/cyfitter_cfg.c **** 	for (timeout = 250u / 10u; (timeout > 0u) && (pllLock != 0x03u); timeout--)
 370              		.loc 1 264 0 is_stmt 0 discriminator 1
 371 00a0 7B68     		ldr	r3, [r7, #4]
 372 00a2 002B     		cmp	r3, #0
 373 00a4 02D0     		beq	.L13
 264:Generated_Source\PSoC5/cyfitter_cfg.c **** 	for (timeout = 250u / 10u; (timeout > 0u) && (pllLock != 0x03u); timeout--)
 374              		.loc 1 264 0 discriminator 3
 375 00a6 FB78     		ldrb	r3, [r7, #3]	@ zero_extendqisi2
 376 00a8 032B     		cmp	r3, #3
 377 00aa E4D1     		bne	.L14
 378              	.L13:
 268:Generated_Source\PSoC5/cyfitter_cfg.c **** 	}
 269:Generated_Source\PSoC5/cyfitter_cfg.c **** 	/* If we ran out of time the PLL didn't lock so go to the error function */
 270:Generated_Source\PSoC5/cyfitter_cfg.c **** 	if (timeout == 0u)
 379              		.loc 1 270 0 is_stmt 1
 380 00ac 7B68     		ldr	r3, [r7, #4]
 381 00ae 002B     		cmp	r3, #0
 382 00b0 02D1     		bne	.L15
 271:Generated_Source\PSoC5/cyfitter_cfg.c **** 	{
 272:Generated_Source\PSoC5/cyfitter_cfg.c **** 		CyClockStartupError(CYCLOCKSTART_PLL_ERROR);
 383              		.loc 1 272 0
 384 00b2 0320     		movs	r0, #3
 385 00b4 FFF7FEFF 		bl	CyClockStartupError
 386              	.L15:
 273:Generated_Source\PSoC5/cyfitter_cfg.c **** 	}
 274:Generated_Source\PSoC5/cyfitter_cfg.c **** 
 275:Generated_Source\PSoC5/cyfitter_cfg.c **** 	/* Configure Bus/Master Clock based on settings from Clock DWR */
 276:Generated_Source\PSoC5/cyfitter_cfg.c **** 	CY_SET_XTND_REG16((void CYFAR *)(CYREG_CLKDIST_MSTR0), 0x0100u);
 387              		.loc 1 276 0
 388 00b8 214B     		ldr	r3, .L16+68
 389 00ba 4FF48072 		mov	r2, #256
 390 00be 1A80     		strh	r2, [r3]	@ movhi
 277:Generated_Source\PSoC5/cyfitter_cfg.c **** 	CY_SET_XTND_REG8((void CYFAR *)(CYREG_CLKDIST_MSTR0), 0x07u);
 391              		.loc 1 277 0
 392 00c0 1F4B     		ldr	r3, .L16+68
 393 00c2 0722     		movs	r2, #7
 394 00c4 1A70     		strb	r2, [r3]
 278:Generated_Source\PSoC5/cyfitter_cfg.c **** 	CY_SET_XTND_REG8((void CYFAR *)(CYREG_CLKDIST_BCFG0), 0x00u);
 395              		.loc 1 278 0
 396 00c6 1F4B     		ldr	r3, .L16+72
 397 00c8 0022     		movs	r2, #0
 398 00ca 1A70     		strb	r2, [r3]
 279:Generated_Source\PSoC5/cyfitter_cfg.c **** 	CY_SET_XTND_REG8((void CYFAR *)(CYREG_CLKDIST_BCFG2), 0x48u);
 399              		.loc 1 279 0
ARM GAS  C:\Users\cta10\AppData\Local\Temp\ccK32gYJ.s 			page 13


 400 00cc 1E4B     		ldr	r3, .L16+76
 401 00ce 4822     		movs	r2, #72
 402 00d0 1A70     		strb	r2, [r3]
 280:Generated_Source\PSoC5/cyfitter_cfg.c **** 	CY_SET_XTND_REG8((void CYFAR *)(CYREG_CLKDIST_MSTR0), 0x00u);
 403              		.loc 1 280 0
 404 00d2 1B4B     		ldr	r3, .L16+68
 405 00d4 0022     		movs	r2, #0
 406 00d6 1A70     		strb	r2, [r3]
 281:Generated_Source\PSoC5/cyfitter_cfg.c **** 
 282:Generated_Source\PSoC5/cyfitter_cfg.c **** 	/* Configure USB Clock based on settings from Clock DWR */
 283:Generated_Source\PSoC5/cyfitter_cfg.c **** 	CY_SET_XTND_REG8((void CYFAR *)(CYREG_CLKDIST_UCFG), 0x00u);
 407              		.loc 1 283 0
 408 00d8 1C4B     		ldr	r3, .L16+80
 409 00da 0022     		movs	r2, #0
 410 00dc 1A70     		strb	r2, [r3]
 284:Generated_Source\PSoC5/cyfitter_cfg.c **** 	CY_SET_XTND_REG8((void CYFAR *)(CYREG_CLKDIST_LD), 0x02u);
 411              		.loc 1 284 0
 412 00de 1C4B     		ldr	r3, .L16+84
 413 00e0 0222     		movs	r2, #2
 414 00e2 1A70     		strb	r2, [r3]
 285:Generated_Source\PSoC5/cyfitter_cfg.c **** 
 286:Generated_Source\PSoC5/cyfitter_cfg.c **** 	CY_SET_XTND_REG8((void CYFAR *)(CYREG_PM_ACT_CFG2), ((CY_GET_XTND_REG8((void CYFAR *)CYREG_PM_ACT_
 415              		.loc 1 286 0
 416 00e4 1B4A     		ldr	r2, .L16+88
 417 00e6 1B4B     		ldr	r3, .L16+88
 418 00e8 1B78     		ldrb	r3, [r3]
 419 00ea DBB2     		uxtb	r3, r3
 420 00ec 43F01F03 		orr	r3, r3, #31
 421 00f0 DBB2     		uxtb	r3, r3
 422 00f2 1370     		strb	r3, [r2]
 287:Generated_Source\PSoC5/cyfitter_cfg.c **** }
 423              		.loc 1 287 0
 424 00f4 00BF     		nop
 425 00f6 0837     		adds	r7, r7, #8
 426              		.cfi_def_cfa_offset 8
 427 00f8 BD46     		mov	sp, r7
 428              		.cfi_def_cfa_register 13
 429              		@ sp needed
 430 00fa 80BD     		pop	{r7, pc}
 431              	.L17:
 432              		.align	2
 433              	.L16:
 434 00fc 80400040 		.word	1073758336
 435 0100 82400040 		.word	1073758338
 436 0104 84400040 		.word	1073758340
 437 0108 86400040 		.word	1073758342
 438 010c 88400040 		.word	1073758344
 439 0110 8A400040 		.word	1073758346
 440 0114 8C400040 		.word	1073758348
 441 0118 8E400040 		.word	1073758350
 442 011c 90400040 		.word	1073758352
 443 0120 92400040 		.word	1073758354
 444 0124 00430040 		.word	1073758976
 445 0128 00420040 		.word	1073758720
 446 012c A1460040 		.word	1073759905
 447 0130 0F010049 		.word	1224737039
 448 0134 22420040 		.word	1073758754
ARM GAS  C:\Users\cta10\AppData\Local\Temp\ccK32gYJ.s 			page 14


 449 0138 20420040 		.word	1073758752
 450 013c 25420040 		.word	1073758757
 451 0140 04400040 		.word	1073758212
 452 0144 06400040 		.word	1073758214
 453 0148 08400040 		.word	1073758216
 454 014c 09400040 		.word	1073758217
 455 0150 01400040 		.word	1073758209
 456 0154 A2430040 		.word	1073759138
 457              		.cfi_endproc
 458              	.LFE5:
 459              		.size	ClockSetup, .-ClockSetup
 460              		.section	.text.AnalogSetDefault,"ax",%progbits
 461              		.align	2
 462              		.thumb
 463              		.thumb_func
 464              		.type	AnalogSetDefault, %function
 465              	AnalogSetDefault:
 466              	.LFB6:
 288:Generated_Source\PSoC5/cyfitter_cfg.c **** 
 289:Generated_Source\PSoC5/cyfitter_cfg.c **** 
 290:Generated_Source\PSoC5/cyfitter_cfg.c **** /* Analog API Functions */
 291:Generated_Source\PSoC5/cyfitter_cfg.c **** 
 292:Generated_Source\PSoC5/cyfitter_cfg.c **** 
 293:Generated_Source\PSoC5/cyfitter_cfg.c **** /*******************************************************************************
 294:Generated_Source\PSoC5/cyfitter_cfg.c **** * Function Name: AnalogSetDefault
 295:Generated_Source\PSoC5/cyfitter_cfg.c **** ********************************************************************************
 296:Generated_Source\PSoC5/cyfitter_cfg.c **** *
 297:Generated_Source\PSoC5/cyfitter_cfg.c **** * Summary:
 298:Generated_Source\PSoC5/cyfitter_cfg.c **** *  Sets up the analog portions of the chip to default values based on chip
 299:Generated_Source\PSoC5/cyfitter_cfg.c **** *  configuration options from the project.
 300:Generated_Source\PSoC5/cyfitter_cfg.c **** *
 301:Generated_Source\PSoC5/cyfitter_cfg.c **** * Parameters:
 302:Generated_Source\PSoC5/cyfitter_cfg.c **** *  void
 303:Generated_Source\PSoC5/cyfitter_cfg.c **** *
 304:Generated_Source\PSoC5/cyfitter_cfg.c **** * Return:
 305:Generated_Source\PSoC5/cyfitter_cfg.c **** *  void
 306:Generated_Source\PSoC5/cyfitter_cfg.c **** *
 307:Generated_Source\PSoC5/cyfitter_cfg.c **** *******************************************************************************/
 308:Generated_Source\PSoC5/cyfitter_cfg.c **** static void AnalogSetDefault(void);
 309:Generated_Source\PSoC5/cyfitter_cfg.c **** static void AnalogSetDefault(void)
 310:Generated_Source\PSoC5/cyfitter_cfg.c **** {
 467              		.loc 1 310 0
 468              		.cfi_startproc
 469              		@ args = 0, pretend = 0, frame = 8
 470              		@ frame_needed = 1, uses_anonymous_args = 0
 471              		@ link register save eliminated.
 472 0000 80B4     		push	{r7}
 473              		.cfi_def_cfa_offset 4
 474              		.cfi_offset 7, -4
 475 0002 83B0     		sub	sp, sp, #12
 476              		.cfi_def_cfa_offset 16
 477 0004 00AF     		add	r7, sp, #0
 478              		.cfi_def_cfa_register 7
 311:Generated_Source\PSoC5/cyfitter_cfg.c **** 	uint8 bg_xover_inl_trim = CY_GET_XTND_REG8((void CYFAR *)(CYREG_FLSHID_MFG_CFG_BG_XOVER_INL_TRIM +
 479              		.loc 1 311 0
 480 0006 0B4B     		ldr	r3, .L19
 481 0008 1B78     		ldrb	r3, [r3]
ARM GAS  C:\Users\cta10\AppData\Local\Temp\ccK32gYJ.s 			page 15


 482 000a FB71     		strb	r3, [r7, #7]
 312:Generated_Source\PSoC5/cyfitter_cfg.c **** 	CY_SET_XTND_REG8((void CYFAR *)(CYREG_BG_DFT0), (bg_xover_inl_trim & 0x07u));
 483              		.loc 1 312 0
 484 000c 0A4A     		ldr	r2, .L19+4
 485 000e FB79     		ldrb	r3, [r7, #7]
 486 0010 03F00703 		and	r3, r3, #7
 487 0014 DBB2     		uxtb	r3, r3
 488 0016 1370     		strb	r3, [r2]
 313:Generated_Source\PSoC5/cyfitter_cfg.c **** 	CY_SET_XTND_REG8((void CYFAR *)(CYREG_BG_DFT1), ((bg_xover_inl_trim >> 4) & 0x0Fu));
 489              		.loc 1 313 0
 490 0018 084A     		ldr	r2, .L19+8
 491 001a FB79     		ldrb	r3, [r7, #7]	@ zero_extendqisi2
 492 001c 1B09     		lsrs	r3, r3, #4
 493 001e DBB2     		uxtb	r3, r3
 494 0020 1370     		strb	r3, [r2]
 314:Generated_Source\PSoC5/cyfitter_cfg.c **** 	CY_SET_XTND_REG8((void CYFAR *)CYREG_PUMP_CR0, 0x44u);
 495              		.loc 1 314 0
 496 0022 074B     		ldr	r3, .L19+12
 497 0024 4422     		movs	r2, #68
 498 0026 1A70     		strb	r2, [r3]
 315:Generated_Source\PSoC5/cyfitter_cfg.c **** }
 499              		.loc 1 315 0
 500 0028 00BF     		nop
 501 002a 0C37     		adds	r7, r7, #12
 502              		.cfi_def_cfa_offset 4
 503 002c BD46     		mov	sp, r7
 504              		.cfi_def_cfa_register 13
 505              		@ sp needed
 506 002e 80BC     		pop	{r7}
 507              		.cfi_restore 7
 508              		.cfi_def_cfa_offset 0
 509 0030 7047     		bx	lr
 510              	.L20:
 511 0032 00BF     		.align	2
 512              	.L19:
 513 0034 CF010049 		.word	1224737231
 514 0038 6E580040 		.word	1073764462
 515 003c 6F580040 		.word	1073764463
 516 0040 76580040 		.word	1073764470
 517              		.cfi_endproc
 518              	.LFE6:
 519              		.size	AnalogSetDefault, .-AnalogSetDefault
 520              		.section	.text.SetAnalogRoutingPumps,"ax",%progbits
 521              		.align	2
 522              		.global	SetAnalogRoutingPumps
 523              		.thumb
 524              		.thumb_func
 525              		.type	SetAnalogRoutingPumps, %function
 526              	SetAnalogRoutingPumps:
 527              	.LFB7:
 316:Generated_Source\PSoC5/cyfitter_cfg.c **** 
 317:Generated_Source\PSoC5/cyfitter_cfg.c **** 
 318:Generated_Source\PSoC5/cyfitter_cfg.c **** /*******************************************************************************
 319:Generated_Source\PSoC5/cyfitter_cfg.c **** * Function Name: SetAnalogRoutingPumps
 320:Generated_Source\PSoC5/cyfitter_cfg.c **** ********************************************************************************
 321:Generated_Source\PSoC5/cyfitter_cfg.c **** *
 322:Generated_Source\PSoC5/cyfitter_cfg.c **** * Summary:
ARM GAS  C:\Users\cta10\AppData\Local\Temp\ccK32gYJ.s 			page 16


 323:Generated_Source\PSoC5/cyfitter_cfg.c **** * Enables or disables the analog pumps feeding analog routing switches.
 324:Generated_Source\PSoC5/cyfitter_cfg.c **** * Intended to be called at startup, based on the Vdda system configuration;
 325:Generated_Source\PSoC5/cyfitter_cfg.c **** * may be called during operation when the user informs us that the Vdda voltage
 326:Generated_Source\PSoC5/cyfitter_cfg.c **** * crossed the pump threshold.
 327:Generated_Source\PSoC5/cyfitter_cfg.c **** *
 328:Generated_Source\PSoC5/cyfitter_cfg.c **** * Parameters:
 329:Generated_Source\PSoC5/cyfitter_cfg.c **** *  enabled - 1 to enable the pumps, 0 to disable the pumps
 330:Generated_Source\PSoC5/cyfitter_cfg.c **** *
 331:Generated_Source\PSoC5/cyfitter_cfg.c **** * Return:
 332:Generated_Source\PSoC5/cyfitter_cfg.c **** *  void
 333:Generated_Source\PSoC5/cyfitter_cfg.c **** *
 334:Generated_Source\PSoC5/cyfitter_cfg.c **** *******************************************************************************/
 335:Generated_Source\PSoC5/cyfitter_cfg.c **** void SetAnalogRoutingPumps(uint8 enabled)
 336:Generated_Source\PSoC5/cyfitter_cfg.c **** {
 528              		.loc 1 336 0
 529              		.cfi_startproc
 530              		@ args = 0, pretend = 0, frame = 16
 531              		@ frame_needed = 1, uses_anonymous_args = 0
 532              		@ link register save eliminated.
 533 0000 80B4     		push	{r7}
 534              		.cfi_def_cfa_offset 4
 535              		.cfi_offset 7, -4
 536 0002 85B0     		sub	sp, sp, #20
 537              		.cfi_def_cfa_offset 24
 538 0004 00AF     		add	r7, sp, #0
 539              		.cfi_def_cfa_register 7
 540 0006 0346     		mov	r3, r0
 541 0008 FB71     		strb	r3, [r7, #7]
 337:Generated_Source\PSoC5/cyfitter_cfg.c **** 	uint8 regValue = CY_GET_XTND_REG8((void CYFAR *)CYREG_PUMP_CR0);
 542              		.loc 1 337 0
 543 000a 064B     		ldr	r3, .L24
 544 000c 1B78     		ldrb	r3, [r3]
 545 000e FB73     		strb	r3, [r7, #15]
 338:Generated_Source\PSoC5/cyfitter_cfg.c **** 	if (enabled != 0u)
 546              		.loc 1 338 0
 547 0010 FB79     		ldrb	r3, [r7, #7]	@ zero_extendqisi2
 548 0012 002B     		cmp	r3, #0
 339:Generated_Source\PSoC5/cyfitter_cfg.c **** 	{
 340:Generated_Source\PSoC5/cyfitter_cfg.c **** 		regValue |= 0x00u;
 341:Generated_Source\PSoC5/cyfitter_cfg.c **** 	}
 342:Generated_Source\PSoC5/cyfitter_cfg.c **** 	else
 343:Generated_Source\PSoC5/cyfitter_cfg.c **** 	{
 344:Generated_Source\PSoC5/cyfitter_cfg.c **** 		regValue &= (uint8)~0x00u;
 345:Generated_Source\PSoC5/cyfitter_cfg.c **** 	}
 346:Generated_Source\PSoC5/cyfitter_cfg.c **** 	CY_SET_XTND_REG8((void CYFAR *)CYREG_PUMP_CR0, regValue);
 549              		.loc 1 346 0
 550 0014 034A     		ldr	r2, .L24
 551 0016 FB7B     		ldrb	r3, [r7, #15]
 552 0018 1370     		strb	r3, [r2]
 347:Generated_Source\PSoC5/cyfitter_cfg.c **** }
 553              		.loc 1 347 0
 554 001a 00BF     		nop
 555 001c 1437     		adds	r7, r7, #20
 556              		.cfi_def_cfa_offset 4
 557 001e BD46     		mov	sp, r7
 558              		.cfi_def_cfa_register 13
 559              		@ sp needed
ARM GAS  C:\Users\cta10\AppData\Local\Temp\ccK32gYJ.s 			page 17


 560 0020 80BC     		pop	{r7}
 561              		.cfi_restore 7
 562              		.cfi_def_cfa_offset 0
 563 0022 7047     		bx	lr
 564              	.L25:
 565              		.align	2
 566              	.L24:
 567 0024 76580040 		.word	1073764470
 568              		.cfi_endproc
 569              	.LFE7:
 570              		.size	SetAnalogRoutingPumps, .-SetAnalogRoutingPumps
 571              		.section	.text.cyfitter_cfg,"ax",%progbits
 572              		.align	2
 573              		.global	cyfitter_cfg
 574              		.thumb
 575              		.thumb_func
 576              		.type	cyfitter_cfg, %function
 577              	cyfitter_cfg:
 578              	.LFB8:
 348:Generated_Source\PSoC5/cyfitter_cfg.c **** 
 349:Generated_Source\PSoC5/cyfitter_cfg.c **** 
 350:Generated_Source\PSoC5/cyfitter_cfg.c **** 
 351:Generated_Source\PSoC5/cyfitter_cfg.c **** 
 352:Generated_Source\PSoC5/cyfitter_cfg.c **** /*******************************************************************************
 353:Generated_Source\PSoC5/cyfitter_cfg.c **** * Function Name: cyfitter_cfg
 354:Generated_Source\PSoC5/cyfitter_cfg.c **** ********************************************************************************
 355:Generated_Source\PSoC5/cyfitter_cfg.c **** * Summary:
 356:Generated_Source\PSoC5/cyfitter_cfg.c **** *  This function is called by the start-up code for the selected device. It
 357:Generated_Source\PSoC5/cyfitter_cfg.c **** *  performs all of the necessary device configuration based on the design
 358:Generated_Source\PSoC5/cyfitter_cfg.c **** *  settings.  This includes settings from the Design Wide Resources (DWR) such
 359:Generated_Source\PSoC5/cyfitter_cfg.c **** *  as Clocks and Pins as well as any component configuration that is necessary.
 360:Generated_Source\PSoC5/cyfitter_cfg.c **** *
 361:Generated_Source\PSoC5/cyfitter_cfg.c **** * Parameters:
 362:Generated_Source\PSoC5/cyfitter_cfg.c **** *   void
 363:Generated_Source\PSoC5/cyfitter_cfg.c **** *
 364:Generated_Source\PSoC5/cyfitter_cfg.c **** * Return:
 365:Generated_Source\PSoC5/cyfitter_cfg.c **** *   void
 366:Generated_Source\PSoC5/cyfitter_cfg.c **** *
 367:Generated_Source\PSoC5/cyfitter_cfg.c **** *******************************************************************************/
 368:Generated_Source\PSoC5/cyfitter_cfg.c **** 
 369:Generated_Source\PSoC5/cyfitter_cfg.c **** void cyfitter_cfg(void)
 370:Generated_Source\PSoC5/cyfitter_cfg.c **** {
 579              		.loc 1 370 0
 580              		.cfi_startproc
 581              		@ args = 0, pretend = 0, frame = 24
 582              		@ frame_needed = 1, uses_anonymous_args = 0
 583 0000 80B5     		push	{r7, lr}
 584              		.cfi_def_cfa_offset 8
 585              		.cfi_offset 7, -8
 586              		.cfi_offset 14, -4
 587 0002 86B0     		sub	sp, sp, #24
 588              		.cfi_def_cfa_offset 32
 589 0004 00AF     		add	r7, sp, #0
 590              		.cfi_def_cfa_register 7
 371:Generated_Source\PSoC5/cyfitter_cfg.c **** #ifdef CYGlobalIntDisable
 372:Generated_Source\PSoC5/cyfitter_cfg.c **** 	/* Disable interrupts by default. Let user enable if/when they want. */
 373:Generated_Source\PSoC5/cyfitter_cfg.c **** 	CYGlobalIntDisable
ARM GAS  C:\Users\cta10\AppData\Local\Temp\ccK32gYJ.s 			page 18


 591              		.loc 1 373 0
 592              		.syntax unified
 593              	@ 373 "Generated_Source\PSoC5\cyfitter_cfg.c" 1
 594 0006 72B6     		CPSID   i
 595              	@ 0 "" 2
 374:Generated_Source\PSoC5/cyfitter_cfg.c **** #endif
 375:Generated_Source\PSoC5/cyfitter_cfg.c **** 
 376:Generated_Source\PSoC5/cyfitter_cfg.c **** 
 377:Generated_Source\PSoC5/cyfitter_cfg.c **** 	/* Set Flash Cycles based on max possible frequency in case a glitch occurs during ClockSetup(). *
 378:Generated_Source\PSoC5/cyfitter_cfg.c **** 	CY_SET_XTND_REG8((void CYFAR *)(CYREG_CACHE_CC_CTL), (((CYDEV_INSTRUCT_CACHE_ENABLED) != 0) ? 0x61
 596              		.loc 1 378 0
 597              		.thumb
 598              		.syntax unified
 599 0008 504B     		ldr	r3, .L31
 600 000a 6122     		movs	r2, #97
 601 000c 1A70     		strb	r2, [r3]
 379:Generated_Source\PSoC5/cyfitter_cfg.c **** 	/* Setup clocks based on selections from Clock DWR */
 380:Generated_Source\PSoC5/cyfitter_cfg.c **** 	ClockSetup();
 602              		.loc 1 380 0
 603 000e FFF7FEFF 		bl	ClockSetup
 381:Generated_Source\PSoC5/cyfitter_cfg.c **** 	/* Set Flash Cycles based on newly configured 60.00MHz Bus Clock. */
 382:Generated_Source\PSoC5/cyfitter_cfg.c **** 	CY_SET_XTND_REG8((void CYFAR *)(CYREG_CACHE_CC_CTL), (((CYDEV_INSTRUCT_CACHE_ENABLED) != 0) ? 0x01
 604              		.loc 1 382 0
 605 0012 4E4B     		ldr	r3, .L31
 606 0014 0122     		movs	r2, #1
 607 0016 1A70     		strb	r2, [r3]
 608              	.LBB3:
 383:Generated_Source\PSoC5/cyfitter_cfg.c **** 	{
 384:Generated_Source\PSoC5/cyfitter_cfg.c **** 
 385:Generated_Source\PSoC5/cyfitter_cfg.c **** 		CYPACKED typedef struct {
 386:Generated_Source\PSoC5/cyfitter_cfg.c **** 			void CYFAR *address;
 387:Generated_Source\PSoC5/cyfitter_cfg.c **** 			uint16 size;
 388:Generated_Source\PSoC5/cyfitter_cfg.c **** 		} CYPACKED_ATTR cfg_memset_t;
 389:Generated_Source\PSoC5/cyfitter_cfg.c **** 
 390:Generated_Source\PSoC5/cyfitter_cfg.c **** 
 391:Generated_Source\PSoC5/cyfitter_cfg.c **** 		CYPACKED typedef struct {
 392:Generated_Source\PSoC5/cyfitter_cfg.c **** 			void CYFAR *dest;
 393:Generated_Source\PSoC5/cyfitter_cfg.c **** 			const void CYFAR *src;
 394:Generated_Source\PSoC5/cyfitter_cfg.c **** 			uint16 size;
 395:Generated_Source\PSoC5/cyfitter_cfg.c **** 		} CYPACKED_ATTR cfg_memcpy_t;
 396:Generated_Source\PSoC5/cyfitter_cfg.c **** 
 397:Generated_Source\PSoC5/cyfitter_cfg.c **** 		static const cfg_memset_t CYCODE cfg_memset_list[] = {
 398:Generated_Source\PSoC5/cyfitter_cfg.c **** 			/* address, size */
 399:Generated_Source\PSoC5/cyfitter_cfg.c **** 			{(void CYFAR *)(CYREG_TMR0_CFG0), 48u},
 400:Generated_Source\PSoC5/cyfitter_cfg.c **** 			{(void CYFAR *)(CYREG_PRT4_DR), 48u},
 401:Generated_Source\PSoC5/cyfitter_cfg.c **** 			{(void CYFAR *)(CYDEV_UCFG_B0_P0_U0_BASE), 4096u},
 402:Generated_Source\PSoC5/cyfitter_cfg.c **** 			{(void CYFAR *)(CYDEV_UCFG_B1_P2_U0_BASE), 2048u},
 403:Generated_Source\PSoC5/cyfitter_cfg.c **** 			{(void CYFAR *)(CYDEV_UCFG_DSI0_BASE), 2560u},
 404:Generated_Source\PSoC5/cyfitter_cfg.c **** 			{(void CYFAR *)(CYDEV_UCFG_DSI12_BASE), 512u},
 405:Generated_Source\PSoC5/cyfitter_cfg.c **** 			{(void CYFAR *)(CYREG_BCTL0_MDCLK_EN), 32u},
 406:Generated_Source\PSoC5/cyfitter_cfg.c **** 		};
 407:Generated_Source\PSoC5/cyfitter_cfg.c **** 
 408:Generated_Source\PSoC5/cyfitter_cfg.c **** 		static const cfg_memcpy_t CYCODE cfg_memcpy_list [] = {
 409:Generated_Source\PSoC5/cyfitter_cfg.c **** 			/* dest, src, size */
 410:Generated_Source\PSoC5/cyfitter_cfg.c **** 			{(void CYFAR *)(CYREG_IDMUX_IRQ_CTL0), BS_IDMUX_IRQ_VAL, 8u},
 411:Generated_Source\PSoC5/cyfitter_cfg.c **** 		};
 412:Generated_Source\PSoC5/cyfitter_cfg.c **** 
ARM GAS  C:\Users\cta10\AppData\Local\Temp\ccK32gYJ.s 			page 19


 413:Generated_Source\PSoC5/cyfitter_cfg.c **** 		uint8 CYDATA i;
 414:Generated_Source\PSoC5/cyfitter_cfg.c **** 
 415:Generated_Source\PSoC5/cyfitter_cfg.c **** 		/* Zero out critical memory blocks before beginning configuration */
 416:Generated_Source\PSoC5/cyfitter_cfg.c **** 		for (i = 0u; i < (sizeof(cfg_memset_list)/sizeof(cfg_memset_list[0])); i++)
 609              		.loc 1 416 0
 610 0018 0023     		movs	r3, #0
 611 001a FB75     		strb	r3, [r7, #23]
 612 001c 13E0     		b	.L27
 613              	.L28:
 614              	.LBB4:
 417:Generated_Source\PSoC5/cyfitter_cfg.c **** 		{
 418:Generated_Source\PSoC5/cyfitter_cfg.c **** 			const cfg_memset_t CYCODE * CYDATA ms = &cfg_memset_list[i];
 615              		.loc 1 418 0 discriminator 3
 616 001e FA7D     		ldrb	r2, [r7, #23]	@ zero_extendqisi2
 617 0020 1346     		mov	r3, r2
 618 0022 5B00     		lsls	r3, r3, #1
 619 0024 1344     		add	r3, r3, r2
 620 0026 5B00     		lsls	r3, r3, #1
 621 0028 494A     		ldr	r2, .L31+4
 622 002a 1344     		add	r3, r3, r2
 623 002c 3B61     		str	r3, [r7, #16]
 419:Generated_Source\PSoC5/cyfitter_cfg.c **** 			CYMEMZERO(ms->address, (size_t)(uint32)(ms->size));
 624              		.loc 1 419 0 discriminator 3
 625 002e 3B69     		ldr	r3, [r7, #16]
 626 0030 1A68     		ldr	r2, [r3]	@ unaligned
 627 0032 3B69     		ldr	r3, [r7, #16]
 628 0034 9B88     		ldrh	r3, [r3, #4]	@ unaligned
 629 0036 9BB2     		uxth	r3, r3
 630 0038 1946     		mov	r1, r3
 631 003a 1046     		mov	r0, r2
 632 003c FFF7FEFF 		bl	CYMEMZERO
 633              	.LBE4:
 416:Generated_Source\PSoC5/cyfitter_cfg.c **** 		{
 634              		.loc 1 416 0 discriminator 3
 635 0040 FB7D     		ldrb	r3, [r7, #23]	@ zero_extendqisi2
 636 0042 0133     		adds	r3, r3, #1
 637 0044 FB75     		strb	r3, [r7, #23]
 638              	.L27:
 416:Generated_Source\PSoC5/cyfitter_cfg.c **** 		{
 639              		.loc 1 416 0 is_stmt 0 discriminator 1
 640 0046 FB7D     		ldrb	r3, [r7, #23]	@ zero_extendqisi2
 641 0048 062B     		cmp	r3, #6
 642 004a E8D9     		bls	.L28
 420:Generated_Source\PSoC5/cyfitter_cfg.c **** 		}
 421:Generated_Source\PSoC5/cyfitter_cfg.c **** 
 422:Generated_Source\PSoC5/cyfitter_cfg.c **** 		/* Copy device configuration data into registers */
 423:Generated_Source\PSoC5/cyfitter_cfg.c **** 		for (i = 0u; i < (sizeof(cfg_memcpy_list)/sizeof(cfg_memcpy_list[0])); i++)
 643              		.loc 1 423 0 is_stmt 1
 644 004c 0023     		movs	r3, #0
 645 004e FB75     		strb	r3, [r7, #23]
 646 0050 1CE0     		b	.L29
 647              	.L30:
 648              	.LBB5:
 424:Generated_Source\PSoC5/cyfitter_cfg.c **** 		{
 425:Generated_Source\PSoC5/cyfitter_cfg.c **** 			const cfg_memcpy_t CYCODE * CYDATA mc = &cfg_memcpy_list[i];
 649              		.loc 1 425 0 discriminator 3
 650 0052 FA7D     		ldrb	r2, [r7, #23]	@ zero_extendqisi2
ARM GAS  C:\Users\cta10\AppData\Local\Temp\ccK32gYJ.s 			page 20


 651 0054 1346     		mov	r3, r2
 652 0056 9B00     		lsls	r3, r3, #2
 653 0058 1344     		add	r3, r3, r2
 654 005a 5B00     		lsls	r3, r3, #1
 655 005c 3D4A     		ldr	r2, .L31+8
 656 005e 1344     		add	r3, r3, r2
 657 0060 FB60     		str	r3, [r7, #12]
 426:Generated_Source\PSoC5/cyfitter_cfg.c **** 			void * CYDATA destPtr = mc->dest;
 658              		.loc 1 426 0 discriminator 3
 659 0062 FB68     		ldr	r3, [r7, #12]
 660 0064 1B68     		ldr	r3, [r3]	@ unaligned
 661 0066 BB60     		str	r3, [r7, #8]
 427:Generated_Source\PSoC5/cyfitter_cfg.c **** 			const void * CYDATA srcPtr = mc->src;
 662              		.loc 1 427 0 discriminator 3
 663 0068 FB68     		ldr	r3, [r7, #12]
 664 006a 5B68     		ldr	r3, [r3, #4]	@ unaligned
 665 006c 7B60     		str	r3, [r7, #4]
 428:Generated_Source\PSoC5/cyfitter_cfg.c **** 			uint16 CYDATA numBytes = mc->size;
 666              		.loc 1 428 0 discriminator 3
 667 006e FB68     		ldr	r3, [r7, #12]
 668 0070 1A7A     		ldrb	r2, [r3, #8]	@ zero_extendqisi2
 669 0072 5B7A     		ldrb	r3, [r3, #9]	@ zero_extendqisi2
 670 0074 1B02     		lsls	r3, r3, #8
 671 0076 1343     		orrs	r3, r3, r2
 672 0078 7B80     		strh	r3, [r7, #2]	@ movhi
 429:Generated_Source\PSoC5/cyfitter_cfg.c **** 			CYCONFIGCPY(destPtr, srcPtr, numBytes);
 673              		.loc 1 429 0 discriminator 3
 674 007a 7B88     		ldrh	r3, [r7, #2]
 675 007c 1A46     		mov	r2, r3
 676 007e 7968     		ldr	r1, [r7, #4]
 677 0080 B868     		ldr	r0, [r7, #8]
 678 0082 FFF7FEFF 		bl	CYCONFIGCPY
 679              	.LBE5:
 423:Generated_Source\PSoC5/cyfitter_cfg.c **** 		{
 680              		.loc 1 423 0 discriminator 3
 681 0086 FB7D     		ldrb	r3, [r7, #23]	@ zero_extendqisi2
 682 0088 0133     		adds	r3, r3, #1
 683 008a FB75     		strb	r3, [r7, #23]
 684              	.L29:
 423:Generated_Source\PSoC5/cyfitter_cfg.c **** 		{
 685              		.loc 1 423 0 is_stmt 0 discriminator 1
 686 008c FB7D     		ldrb	r3, [r7, #23]	@ zero_extendqisi2
 687 008e 002B     		cmp	r3, #0
 688 0090 DFD0     		beq	.L30
 430:Generated_Source\PSoC5/cyfitter_cfg.c **** 		}
 431:Generated_Source\PSoC5/cyfitter_cfg.c **** 
 432:Generated_Source\PSoC5/cyfitter_cfg.c **** 		cfg_write_bytes32(cy_cfg_addr_table, cy_cfg_data_table);
 689              		.loc 1 432 0 is_stmt 1
 690 0092 3149     		ldr	r1, .L31+12
 691 0094 4FF09040 		mov	r0, #1207959552
 692 0098 FFF7FEFF 		bl	cfg_write_bytes32
 433:Generated_Source\PSoC5/cyfitter_cfg.c **** 
 434:Generated_Source\PSoC5/cyfitter_cfg.c **** 		/* B0_P0_U0_CFG24 Starting address: CYDEV_UCFG_B0_P0_U0_CFG24 */
 435:Generated_Source\PSoC5/cyfitter_cfg.c **** 		CY_SET_XTND_REG32((void CYFAR *)(CYREG_B0_P0_U0_CFG24), 0x84000404u);
 693              		.loc 1 435 0
 694 009c 2F4B     		ldr	r3, .L31+16
 695 009e 304A     		ldr	r2, .L31+20
ARM GAS  C:\Users\cta10\AppData\Local\Temp\ccK32gYJ.s 			page 21


 696 00a0 1A60     		str	r2, [r3]
 436:Generated_Source\PSoC5/cyfitter_cfg.c **** 
 437:Generated_Source\PSoC5/cyfitter_cfg.c **** 		/* B0_P4_U1_CFG24 Starting address: CYDEV_UCFG_B0_P4_U1_CFG24 */
 438:Generated_Source\PSoC5/cyfitter_cfg.c **** 		CY_SET_XTND_REG32((void CYFAR *)(CYREG_B0_P4_U1_CFG24), 0xC4040404u);
 697              		.loc 1 438 0
 698 00a2 304B     		ldr	r3, .L31+24
 699 00a4 304A     		ldr	r2, .L31+28
 700 00a6 1A60     		str	r2, [r3]
 439:Generated_Source\PSoC5/cyfitter_cfg.c **** 
 440:Generated_Source\PSoC5/cyfitter_cfg.c **** 		/* Enable digital routing */
 441:Generated_Source\PSoC5/cyfitter_cfg.c **** 		CY_SET_XTND_REG8((void CYFAR *)CYREG_BCTL0_BANK_CTL, CY_GET_XTND_REG8((void CYFAR *)CYREG_BCTL0_B
 701              		.loc 1 441 0
 702 00a8 304A     		ldr	r2, .L31+32
 703 00aa 304B     		ldr	r3, .L31+32
 704 00ac 1B78     		ldrb	r3, [r3]
 705 00ae DBB2     		uxtb	r3, r3
 706 00b0 43F00203 		orr	r3, r3, #2
 707 00b4 DBB2     		uxtb	r3, r3
 708 00b6 1370     		strb	r3, [r2]
 442:Generated_Source\PSoC5/cyfitter_cfg.c **** 		CY_SET_XTND_REG8((void CYFAR *)CYREG_BCTL1_BANK_CTL, CY_GET_XTND_REG8((void CYFAR *)CYREG_BCTL1_B
 709              		.loc 1 442 0
 710 00b8 2D4A     		ldr	r2, .L31+36
 711 00ba 2D4B     		ldr	r3, .L31+36
 712 00bc 1B78     		ldrb	r3, [r3]
 713 00be DBB2     		uxtb	r3, r3
 714 00c0 43F00203 		orr	r3, r3, #2
 715 00c4 DBB2     		uxtb	r3, r3
 716 00c6 1370     		strb	r3, [r2]
 443:Generated_Source\PSoC5/cyfitter_cfg.c **** 
 444:Generated_Source\PSoC5/cyfitter_cfg.c **** 		/* Enable UDB array */
 445:Generated_Source\PSoC5/cyfitter_cfg.c **** 		CY_SET_XTND_REG8((void CYFAR *)CYREG_PM_ACT_CFG0, CY_GET_XTND_REG8((void CYFAR *)CYREG_PM_ACT_CFG
 717              		.loc 1 445 0
 718 00c8 2A4A     		ldr	r2, .L31+40
 719 00ca 2A4B     		ldr	r3, .L31+40
 720 00cc 1B78     		ldrb	r3, [r3]
 721 00ce DBB2     		uxtb	r3, r3
 722 00d0 43F04003 		orr	r3, r3, #64
 723 00d4 DBB2     		uxtb	r3, r3
 724 00d6 1370     		strb	r3, [r2]
 446:Generated_Source\PSoC5/cyfitter_cfg.c **** 		CY_SET_XTND_REG8((void CYFAR *)CYREG_PM_AVAIL_CR2, CY_GET_XTND_REG8((void CYFAR *)CYREG_PM_AVAIL_
 725              		.loc 1 446 0
 726 00d8 274A     		ldr	r2, .L31+44
 727 00da 274B     		ldr	r3, .L31+44
 728 00dc 1B78     		ldrb	r3, [r3]
 729 00de DBB2     		uxtb	r3, r3
 730 00e0 43F01003 		orr	r3, r3, #16
 731 00e4 DBB2     		uxtb	r3, r3
 732 00e6 1370     		strb	r3, [r2]
 733              	.LBE3:
 447:Generated_Source\PSoC5/cyfitter_cfg.c **** 	}
 448:Generated_Source\PSoC5/cyfitter_cfg.c **** 
 449:Generated_Source\PSoC5/cyfitter_cfg.c **** 
 450:Generated_Source\PSoC5/cyfitter_cfg.c **** 	/* Perform second pass device configuration. These items must be configured in specific order afte
 451:Generated_Source\PSoC5/cyfitter_cfg.c **** 	CYCONFIGCPY((void CYFAR *)(CYREG_PRT0_DM0), (const void CYFAR *)(BS_IOPINS0_0_VAL), 8u);
 734              		.loc 1 451 0
 735 00e8 0822     		movs	r2, #8
 736 00ea 2449     		ldr	r1, .L31+48
ARM GAS  C:\Users\cta10\AppData\Local\Temp\ccK32gYJ.s 			page 22


 737 00ec 2448     		ldr	r0, .L31+52
 738 00ee FFF7FEFF 		bl	CYCONFIGCPY
 452:Generated_Source\PSoC5/cyfitter_cfg.c **** 	CYCONFIGCPY((void CYFAR *)(CYREG_PRT12_DM0), (const void CYFAR *)(BS_IOPINS0_7_VAL), 8u);
 739              		.loc 1 452 0
 740 00f2 0822     		movs	r2, #8
 741 00f4 2349     		ldr	r1, .L31+56
 742 00f6 2448     		ldr	r0, .L31+60
 743 00f8 FFF7FEFF 		bl	CYCONFIGCPY
 453:Generated_Source\PSoC5/cyfitter_cfg.c **** 	CYCONFIGCPY((void CYFAR *)(CYREG_PRT15_DR), (const void CYFAR *)(BS_IOPINS0_8_VAL), 10u);
 744              		.loc 1 453 0
 745 00fc 0A22     		movs	r2, #10
 746 00fe 2349     		ldr	r1, .L31+64
 747 0100 2348     		ldr	r0, .L31+68
 748 0102 FFF7FEFF 		bl	CYCONFIGCPY
 454:Generated_Source\PSoC5/cyfitter_cfg.c **** 	CYCONFIGCPY((void CYFAR *)(CYREG_PRT1_DM0), (const void CYFAR *)(BS_IOPINS0_1_VAL), 8u);
 749              		.loc 1 454 0
 750 0106 0822     		movs	r2, #8
 751 0108 2249     		ldr	r1, .L31+72
 752 010a 2348     		ldr	r0, .L31+76
 753 010c FFF7FEFF 		bl	CYCONFIGCPY
 455:Generated_Source\PSoC5/cyfitter_cfg.c **** 	CYCONFIGCPY((void CYFAR *)(CYREG_PRT2_DR), (const void CYFAR *)(BS_IOPINS0_2_VAL), 10u);
 754              		.loc 1 455 0
 755 0110 0A22     		movs	r2, #10
 756 0112 2249     		ldr	r1, .L31+80
 757 0114 2248     		ldr	r0, .L31+84
 758 0116 FFF7FEFF 		bl	CYCONFIGCPY
 456:Generated_Source\PSoC5/cyfitter_cfg.c **** 	CYCONFIGCPY((void CYFAR *)(CYREG_PRT3_DM0), (const void CYFAR *)(BS_IOPINS0_3_VAL), 8u);
 759              		.loc 1 456 0
 760 011a 0822     		movs	r2, #8
 761 011c 2149     		ldr	r1, .L31+88
 762 011e 2248     		ldr	r0, .L31+92
 763 0120 FFF7FEFF 		bl	CYCONFIGCPY
 457:Generated_Source\PSoC5/cyfitter_cfg.c **** 	/* Switch Boost to the precision bandgap reference from its internal reference */
 458:Generated_Source\PSoC5/cyfitter_cfg.c **** 	CY_SET_REG8((void CYXDATA *)CYREG_BOOST_CR2, (CY_GET_REG8((void CYXDATA *)CYREG_BOOST_CR2) | 0x08u
 764              		.loc 1 458 0
 765 0124 214A     		ldr	r2, .L31+96
 766 0126 214B     		ldr	r3, .L31+96
 767 0128 1B78     		ldrb	r3, [r3]
 768 012a DBB2     		uxtb	r3, r3
 769 012c 43F00803 		orr	r3, r3, #8
 770 0130 DBB2     		uxtb	r3, r3
 771 0132 1370     		strb	r3, [r2]
 459:Generated_Source\PSoC5/cyfitter_cfg.c **** 
 460:Generated_Source\PSoC5/cyfitter_cfg.c **** 	/* Perform basic analog initialization to defaults */
 461:Generated_Source\PSoC5/cyfitter_cfg.c **** 	AnalogSetDefault();
 772              		.loc 1 461 0
 773 0134 FFF7FEFF 		bl	AnalogSetDefault
 462:Generated_Source\PSoC5/cyfitter_cfg.c **** 
 463:Generated_Source\PSoC5/cyfitter_cfg.c **** 	/* Configure alternate active mode */
 464:Generated_Source\PSoC5/cyfitter_cfg.c **** 	CYCONFIGCPY((void CYFAR *)CYDEV_PM_STBY_BASE, (const void CYFAR *)CYDEV_PM_ACT_BASE, 14u);
 774              		.loc 1 464 0
 775 0138 0E22     		movs	r2, #14
 776 013a 0E49     		ldr	r1, .L31+40
 777 013c 1C48     		ldr	r0, .L31+100
 778 013e FFF7FEFF 		bl	CYCONFIGCPY
 465:Generated_Source\PSoC5/cyfitter_cfg.c **** }
 779              		.loc 1 465 0
ARM GAS  C:\Users\cta10\AppData\Local\Temp\ccK32gYJ.s 			page 23


 780 0142 00BF     		nop
 781 0144 1837     		adds	r7, r7, #24
 782              		.cfi_def_cfa_offset 8
 783 0146 BD46     		mov	sp, r7
 784              		.cfi_def_cfa_register 13
 785              		@ sp needed
 786 0148 80BD     		pop	{r7, pc}
 787              	.L32:
 788 014a 00BF     		.align	2
 789              	.L31:
 790 014c 00480040 		.word	1073760256
 791 0150 00000000 		.word	cfg_memset_list.5018
 792 0154 2C000000 		.word	cfg_memcpy_list.5019
 793 0158 9C000048 		.word	1207959708
 794 015c 58000140 		.word	1073807448
 795 0160 04040084 		.word	-2080373756
 796 0164 D8080140 		.word	1073809624
 797 0168 040404C4 		.word	-1006369788
 798 016c 03500140 		.word	1073827843
 799 0170 13500140 		.word	1073827859
 800 0174 A0430040 		.word	1073759136
 801 0178 C2430040 		.word	1073759170
 802 017c D80B0048 		.word	1207962584
 803 0180 02510040 		.word	1073762562
 804 0184 E00B0048 		.word	1207962592
 805 0188 C2510040 		.word	1073762754
 806 018c E80B0048 		.word	1207962600
 807 0190 F0510040 		.word	1073762800
 808 0194 F40B0048 		.word	1207962612
 809 0198 12510040 		.word	1073762578
 810 019c FC0B0048 		.word	1207962620
 811 01a0 20510040 		.word	1073762592
 812 01a4 080C0048 		.word	1207962632
 813 01a8 32510040 		.word	1073762610
 814 01ac 22430040 		.word	1073759010
 815 01b0 B0430040 		.word	1073759152
 816              		.cfi_endproc
 817              	.LFE8:
 818              		.size	cyfitter_cfg, .-cyfitter_cfg
 819              		.section	.rodata
 820              		.align	2
 821              		.type	cfg_memset_list.5018, %object
 822              		.size	cfg_memset_list.5018, 42
 823              	cfg_memset_list.5018:
 824 0000 004F0040 		.word	1073762048
 825 0004 3000     		.short	48
 826 0006 40510040 		.4byte	1073762624
 827 000a 3000     		.short	48
 828 000c 00000140 		.word	1073807360
 829 0010 0010     		.short	4096
 830 0012 00140140 		.4byte	1073812480
 831 0016 0008     		.short	2048
 832 0018 00400140 		.word	1073823744
 833 001c 000A     		.short	2560
 834 001e 004C0140 		.4byte	1073826816
 835 0022 0002     		.short	512
 836 0024 00500140 		.word	1073827840
ARM GAS  C:\Users\cta10\AppData\Local\Temp\ccK32gYJ.s 			page 24


 837 0028 2000     		.short	32
 838 002a 0000     		.align	2
 839              		.type	cfg_memcpy_list.5019, %object
 840              		.size	cfg_memcpy_list.5019, 10
 841              	cfg_memcpy_list.5019:
 842 002c 00510140 		.word	1073828096
 843 0030 D00B0048 		.word	1207962576
 844 0034 0800     		.short	8
 845              		.text
 846              	.Letext0:
 847              		.file 2 "c:\\cypress\\psoc creator\\4.4\\psoc creator\\import\\gnu\\arm\\5.4.1\\lib\\gcc\\arm-none
 848              		.file 3 "Generated_Source\\PSoC5\\cytypes.h"
 849              		.section	.debug_info,"",%progbits
 850              	.Ldebug_info0:
 851 0000 5F040000 		.4byte	0x45f
 852 0004 0400     		.2byte	0x4
 853 0006 00000000 		.4byte	.Ldebug_abbrev0
 854 000a 04       		.byte	0x4
 855 000b 01       		.uleb128 0x1
 856 000c 2B000000 		.4byte	.LASF51
 857 0010 0C       		.byte	0xc
 858 0011 B1020000 		.4byte	.LASF52
 859 0015 D7020000 		.4byte	.LASF53
 860 0019 00000000 		.4byte	.Ldebug_ranges0+0
 861 001d 00000000 		.4byte	0
 862 0021 00000000 		.4byte	.Ldebug_line0
 863 0025 02       		.uleb128 0x2
 864 0026 04       		.byte	0x4
 865 0027 05       		.byte	0x5
 866 0028 696E7400 		.ascii	"int\000"
 867 002c 03       		.uleb128 0x3
 868 002d 10000000 		.4byte	.LASF12
 869 0031 02       		.byte	0x2
 870 0032 D8       		.byte	0xd8
 871 0033 37000000 		.4byte	0x37
 872 0037 04       		.uleb128 0x4
 873 0038 04       		.byte	0x4
 874 0039 07       		.byte	0x7
 875 003a 68010000 		.4byte	.LASF0
 876 003e 04       		.uleb128 0x4
 877 003f 08       		.byte	0x8
 878 0040 05       		.byte	0x5
 879 0041 F7000000 		.4byte	.LASF1
 880 0045 04       		.uleb128 0x4
 881 0046 08       		.byte	0x8
 882 0047 04       		.byte	0x4
 883 0048 EE010000 		.4byte	.LASF2
 884 004c 04       		.uleb128 0x4
 885 004d 01       		.byte	0x1
 886 004e 06       		.byte	0x6
 887 004f 05010000 		.4byte	.LASF3
 888 0053 04       		.uleb128 0x4
 889 0054 01       		.byte	0x1
 890 0055 08       		.byte	0x8
 891 0056 41020000 		.4byte	.LASF4
 892 005a 04       		.uleb128 0x4
 893 005b 02       		.byte	0x2
ARM GAS  C:\Users\cta10\AppData\Local\Temp\ccK32gYJ.s 			page 25


 894 005c 05       		.byte	0x5
 895 005d 4F020000 		.4byte	.LASF5
 896 0061 04       		.uleb128 0x4
 897 0062 02       		.byte	0x2
 898 0063 07       		.byte	0x7
 899 0064 BC010000 		.4byte	.LASF6
 900 0068 04       		.uleb128 0x4
 901 0069 04       		.byte	0x4
 902 006a 05       		.byte	0x5
 903 006b 30010000 		.4byte	.LASF7
 904 006f 04       		.uleb128 0x4
 905 0070 04       		.byte	0x4
 906 0071 07       		.byte	0x7
 907 0072 7E010000 		.4byte	.LASF8
 908 0076 04       		.uleb128 0x4
 909 0077 08       		.byte	0x8
 910 0078 07       		.byte	0x7
 911 0079 C4000000 		.4byte	.LASF9
 912 007d 04       		.uleb128 0x4
 913 007e 04       		.byte	0x4
 914 007f 07       		.byte	0x7
 915 0080 E5010000 		.4byte	.LASF10
 916 0084 05       		.uleb128 0x5
 917 0085 04       		.byte	0x4
 918 0086 04       		.uleb128 0x4
 919 0087 01       		.byte	0x1
 920 0088 08       		.byte	0x8
 921 0089 74020000 		.4byte	.LASF11
 922 008d 06       		.uleb128 0x6
 923 008e 3F010000 		.4byte	.LASF13
 924 0092 03       		.byte	0x3
 925 0093 E901     		.2byte	0x1e9
 926 0095 53000000 		.4byte	0x53
 927 0099 06       		.uleb128 0x6
 928 009a 00000000 		.4byte	.LASF14
 929 009e 03       		.byte	0x3
 930 009f EA01     		.2byte	0x1ea
 931 00a1 61000000 		.4byte	0x61
 932 00a5 06       		.uleb128 0x6
 933 00a6 4C010000 		.4byte	.LASF15
 934 00aa 03       		.byte	0x3
 935 00ab EB01     		.2byte	0x1eb
 936 00ad 6F000000 		.4byte	0x6f
 937 00b1 04       		.uleb128 0x4
 938 00b2 04       		.byte	0x4
 939 00b3 04       		.byte	0x4
 940 00b4 2E020000 		.4byte	.LASF16
 941 00b8 04       		.uleb128 0x4
 942 00b9 08       		.byte	0x8
 943 00ba 04       		.byte	0x4
 944 00bb 45010000 		.4byte	.LASF17
 945 00bf 06       		.uleb128 0x6
 946 00c0 3C020000 		.4byte	.LASF18
 947 00c4 03       		.byte	0x3
 948 00c5 9302     		.2byte	0x293
 949 00c7 CB000000 		.4byte	0xcb
 950 00cb 07       		.uleb128 0x7
ARM GAS  C:\Users\cta10\AppData\Local\Temp\ccK32gYJ.s 			page 26


 951 00cc 8D000000 		.4byte	0x8d
 952 00d0 06       		.uleb128 0x6
 953 00d1 39010000 		.4byte	.LASF19
 954 00d5 03       		.byte	0x3
 955 00d6 9402     		.2byte	0x294
 956 00d8 DC000000 		.4byte	0xdc
 957 00dc 07       		.uleb128 0x7
 958 00dd 99000000 		.4byte	0x99
 959 00e1 06       		.uleb128 0x6
 960 00e2 CF010000 		.4byte	.LASF20
 961 00e6 03       		.byte	0x3
 962 00e7 9502     		.2byte	0x295
 963 00e9 ED000000 		.4byte	0xed
 964 00ed 07       		.uleb128 0x7
 965 00ee A5000000 		.4byte	0xa5
 966 00f2 08       		.uleb128 0x8
 967 00f3 02       		.byte	0x2
 968 00f4 01       		.byte	0x1
 969 00f5 99       		.byte	0x99
 970 00f6 13010000 		.4byte	0x113
 971 00fa 09       		.uleb128 0x9
 972 00fb 96020000 		.4byte	.LASF21
 973 00ff 01       		.byte	0x1
 974 0100 9B       		.byte	0x9b
 975 0101 8D000000 		.4byte	0x8d
 976 0105 00       		.byte	0
 977 0106 09       		.uleb128 0x9
 978 0107 62010000 		.4byte	.LASF22
 979 010b 01       		.byte	0x1
 980 010c 9C       		.byte	0x9c
 981 010d 8D000000 		.4byte	0x8d
 982 0111 01       		.byte	0x1
 983 0112 00       		.byte	0
 984 0113 03       		.uleb128 0x3
 985 0114 61020000 		.4byte	.LASF23
 986 0118 01       		.byte	0x1
 987 0119 9D       		.byte	0x9d
 988 011a F2000000 		.4byte	0xf2
 989 011e 0A       		.uleb128 0xa
 990 011f 11010000 		.4byte	.LASF24
 991 0123 01       		.byte	0x1
 992 0124 4C       		.byte	0x4c
 993 0125 00000000 		.4byte	.LFB0
 994 0129 1C000000 		.4byte	.LFE0-.LFB0
 995 012d 01       		.uleb128 0x1
 996 012e 9C       		.byte	0x9c
 997 012f 4C010000 		.4byte	0x14c
 998 0133 0B       		.uleb128 0xb
 999 0134 7300     		.ascii	"s\000"
 1000 0136 01       		.byte	0x1
 1001 0137 4C       		.byte	0x4c
 1002 0138 84000000 		.4byte	0x84
 1003 013c 02       		.uleb128 0x2
 1004 013d 91       		.byte	0x91
 1005 013e 74       		.sleb128 -12
 1006 013f 0B       		.uleb128 0xb
 1007 0140 6E00     		.ascii	"n\000"
ARM GAS  C:\Users\cta10\AppData\Local\Temp\ccK32gYJ.s 			page 27


 1008 0142 01       		.byte	0x1
 1009 0143 4C       		.byte	0x4c
 1010 0144 2C000000 		.4byte	0x2c
 1011 0148 02       		.uleb128 0x2
 1012 0149 91       		.byte	0x91
 1013 014a 70       		.sleb128 -16
 1014 014b 00       		.byte	0
 1015 014c 0A       		.uleb128 0xa
 1016 014d A5020000 		.4byte	.LASF25
 1017 0151 01       		.byte	0x1
 1018 0152 53       		.byte	0x53
 1019 0153 00000000 		.4byte	.LFB1
 1020 0157 1E000000 		.4byte	.LFE1-.LFB1
 1021 015b 01       		.uleb128 0x1
 1022 015c 9C       		.byte	0x9c
 1023 015d 8A010000 		.4byte	0x18a
 1024 0161 0C       		.uleb128 0xc
 1025 0162 29020000 		.4byte	.LASF26
 1026 0166 01       		.byte	0x1
 1027 0167 53       		.byte	0x53
 1028 0168 84000000 		.4byte	0x84
 1029 016c 02       		.uleb128 0x2
 1030 016d 91       		.byte	0x91
 1031 016e 74       		.sleb128 -12
 1032 016f 0B       		.uleb128 0xb
 1033 0170 73726300 		.ascii	"src\000"
 1034 0174 01       		.byte	0x1
 1035 0175 53       		.byte	0x53
 1036 0176 8A010000 		.4byte	0x18a
 1037 017a 02       		.uleb128 0x2
 1038 017b 91       		.byte	0x91
 1039 017c 70       		.sleb128 -16
 1040 017d 0B       		.uleb128 0xb
 1041 017e 6E00     		.ascii	"n\000"
 1042 0180 01       		.byte	0x1
 1043 0181 53       		.byte	0x53
 1044 0182 2C000000 		.4byte	0x2c
 1045 0186 02       		.uleb128 0x2
 1046 0187 91       		.byte	0x91
 1047 0188 6C       		.sleb128 -20
 1048 0189 00       		.byte	0
 1049 018a 0D       		.uleb128 0xd
 1050 018b 04       		.byte	0x4
 1051 018c 90010000 		.4byte	0x190
 1052 0190 0E       		.uleb128 0xe
 1053 0191 0A       		.uleb128 0xa
 1054 0192 D5010000 		.4byte	.LASF27
 1055 0196 01       		.byte	0x1
 1056 0197 5A       		.byte	0x5a
 1057 0198 00000000 		.4byte	.LFB2
 1058 019c 1E000000 		.4byte	.LFE2-.LFB2
 1059 01a0 01       		.uleb128 0x1
 1060 01a1 9C       		.byte	0x9c
 1061 01a2 CF010000 		.4byte	0x1cf
 1062 01a6 0C       		.uleb128 0xc
 1063 01a7 29020000 		.4byte	.LASF26
 1064 01ab 01       		.byte	0x1
ARM GAS  C:\Users\cta10\AppData\Local\Temp\ccK32gYJ.s 			page 28


 1065 01ac 5A       		.byte	0x5a
 1066 01ad 84000000 		.4byte	0x84
 1067 01b1 02       		.uleb128 0x2
 1068 01b2 91       		.byte	0x91
 1069 01b3 74       		.sleb128 -12
 1070 01b4 0B       		.uleb128 0xb
 1071 01b5 73726300 		.ascii	"src\000"
 1072 01b9 01       		.byte	0x1
 1073 01ba 5A       		.byte	0x5a
 1074 01bb 8A010000 		.4byte	0x18a
 1075 01bf 02       		.uleb128 0x2
 1076 01c0 91       		.byte	0x91
 1077 01c1 70       		.sleb128 -16
 1078 01c2 0B       		.uleb128 0xb
 1079 01c3 6E00     		.ascii	"n\000"
 1080 01c5 01       		.byte	0x1
 1081 01c6 5A       		.byte	0x5a
 1082 01c7 2C000000 		.4byte	0x2c
 1083 01cb 02       		.uleb128 0x2
 1084 01cc 91       		.byte	0x91
 1085 01cd 6C       		.sleb128 -20
 1086 01ce 00       		.byte	0
 1087 01cf 0F       		.uleb128 0xf
 1088 01d0 17000000 		.4byte	.LASF28
 1089 01d4 01       		.byte	0x1
 1090 01d5 7E       		.byte	0x7e
 1091 01d6 00000000 		.4byte	.LFB3
 1092 01da 0C000000 		.4byte	.LFE3-.LFB3
 1093 01de 01       		.uleb128 0x1
 1094 01df 9C       		.byte	0x9c
 1095 01e0 F3010000 		.4byte	0x1f3
 1096 01e4 0C       		.uleb128 0xc
 1097 01e5 26010000 		.4byte	.LASF29
 1098 01e9 01       		.byte	0x1
 1099 01ea 7E       		.byte	0x7e
 1100 01eb 8D000000 		.4byte	0x8d
 1101 01ef 02       		.uleb128 0x2
 1102 01f0 91       		.byte	0x91
 1103 01f1 77       		.sleb128 -9
 1104 01f2 00       		.byte	0
 1105 01f3 0F       		.uleb128 0xf
 1106 01f4 A5010000 		.4byte	.LASF30
 1107 01f8 01       		.byte	0x1
 1108 01f9 C7       		.byte	0xc7
 1109 01fa 00000000 		.4byte	.LFB4
 1110 01fe 74000000 		.4byte	.LFE4-.LFB4
 1111 0202 01       		.uleb128 0x1
 1112 0203 9C       		.byte	0x9c
 1113 0204 63020000 		.4byte	0x263
 1114 0208 0C       		.uleb128 0xc
 1115 0209 DB000000 		.4byte	.LASF31
 1116 020d 01       		.byte	0x1
 1117 020e C7       		.byte	0xc7
 1118 020f 63020000 		.4byte	0x263
 1119 0213 02       		.uleb128 0x2
 1120 0214 91       		.byte	0x91
 1121 0215 64       		.sleb128 -28
ARM GAS  C:\Users\cta10\AppData\Local\Temp\ccK32gYJ.s 			page 29


 1122 0216 0C       		.uleb128 0xc
 1123 0217 B9000000 		.4byte	.LASF32
 1124 021b 01       		.byte	0x1
 1125 021c C7       		.byte	0xc7
 1126 021d 6E020000 		.4byte	0x26e
 1127 0221 02       		.uleb128 0x2
 1128 0222 91       		.byte	0x91
 1129 0223 60       		.sleb128 -32
 1130 0224 10       		.uleb128 0x10
 1131 0225 6900     		.ascii	"i\000"
 1132 0227 01       		.byte	0x1
 1133 0228 CA       		.byte	0xca
 1134 0229 A5000000 		.4byte	0xa5
 1135 022d 02       		.uleb128 0x2
 1136 022e 91       		.byte	0x91
 1137 022f 74       		.sleb128 -12
 1138 0230 10       		.uleb128 0x10
 1139 0231 6A00     		.ascii	"j\000"
 1140 0233 01       		.byte	0x1
 1141 0234 CA       		.byte	0xca
 1142 0235 A5000000 		.4byte	0xa5
 1143 0239 02       		.uleb128 0x2
 1144 023a 91       		.byte	0x91
 1145 023b 70       		.sleb128 -16
 1146 023c 11       		.uleb128 0x11
 1147 023d 14000000 		.4byte	.LBB2
 1148 0241 4A000000 		.4byte	.LBE2-.LBB2
 1149 0245 12       		.uleb128 0x12
 1150 0246 07000000 		.4byte	.LASF33
 1151 024a 01       		.byte	0x1
 1152 024b CD       		.byte	0xcd
 1153 024c A5000000 		.4byte	0xa5
 1154 0250 02       		.uleb128 0x2
 1155 0251 91       		.byte	0x91
 1156 0252 68       		.sleb128 -24
 1157 0253 12       		.uleb128 0x12
 1158 0254 53010000 		.4byte	.LASF34
 1159 0258 01       		.byte	0x1
 1160 0259 CE       		.byte	0xce
 1161 025a 8D000000 		.4byte	0x8d
 1162 025e 02       		.uleb128 0x2
 1163 025f 91       		.byte	0x91
 1164 0260 6F       		.sleb128 -17
 1165 0261 00       		.byte	0
 1166 0262 00       		.byte	0
 1167 0263 0D       		.uleb128 0xd
 1168 0264 04       		.byte	0x4
 1169 0265 69020000 		.4byte	0x269
 1170 0269 13       		.uleb128 0x13
 1171 026a A5000000 		.4byte	0xa5
 1172 026e 0D       		.uleb128 0xd
 1173 026f 04       		.byte	0x4
 1174 0270 74020000 		.4byte	0x274
 1175 0274 13       		.uleb128 0x13
 1176 0275 13010000 		.4byte	0x113
 1177 0279 0A       		.uleb128 0xa
 1178 027a 1B010000 		.4byte	.LASF35
ARM GAS  C:\Users\cta10\AppData\Local\Temp\ccK32gYJ.s 			page 30


 1179 027e 01       		.byte	0x1
 1180 027f EA       		.byte	0xea
 1181 0280 00000000 		.4byte	.LFB5
 1182 0284 58010000 		.4byte	.LFE5-.LFB5
 1183 0288 01       		.uleb128 0x1
 1184 0289 9C       		.byte	0x9c
 1185 028a AB020000 		.4byte	0x2ab
 1186 028e 12       		.uleb128 0x12
 1187 028f 90010000 		.4byte	.LASF36
 1188 0293 01       		.byte	0x1
 1189 0294 EC       		.byte	0xec
 1190 0295 A5000000 		.4byte	0xa5
 1191 0299 02       		.uleb128 0x2
 1192 029a 91       		.byte	0x91
 1193 029b 74       		.sleb128 -12
 1194 029c 12       		.uleb128 0x12
 1195 029d 59020000 		.4byte	.LASF37
 1196 02a1 01       		.byte	0x1
 1197 02a2 ED       		.byte	0xed
 1198 02a3 8D000000 		.4byte	0x8d
 1199 02a7 02       		.uleb128 0x2
 1200 02a8 91       		.byte	0x91
 1201 02a9 73       		.sleb128 -13
 1202 02aa 00       		.byte	0
 1203 02ab 14       		.uleb128 0x14
 1204 02ac E6000000 		.4byte	.LASF38
 1205 02b0 01       		.byte	0x1
 1206 02b1 3501     		.2byte	0x135
 1207 02b3 00000000 		.4byte	.LFB6
 1208 02b7 44000000 		.4byte	.LFE6-.LFB6
 1209 02bb 01       		.uleb128 0x1
 1210 02bc 9C       		.byte	0x9c
 1211 02bd D1020000 		.4byte	0x2d1
 1212 02c1 15       		.uleb128 0x15
 1213 02c2 FA010000 		.4byte	.LASF39
 1214 02c6 01       		.byte	0x1
 1215 02c7 3701     		.2byte	0x137
 1216 02c9 8D000000 		.4byte	0x8d
 1217 02cd 02       		.uleb128 0x2
 1218 02ce 91       		.byte	0x91
 1219 02cf 77       		.sleb128 -9
 1220 02d0 00       		.byte	0
 1221 02d1 16       		.uleb128 0x16
 1222 02d2 80020000 		.4byte	.LASF54
 1223 02d6 01       		.byte	0x1
 1224 02d7 4F01     		.2byte	0x14f
 1225 02d9 00000000 		.4byte	.LFB7
 1226 02dd 28000000 		.4byte	.LFE7-.LFB7
 1227 02e1 01       		.uleb128 0x1
 1228 02e2 9C       		.byte	0x9c
 1229 02e3 06030000 		.4byte	0x306
 1230 02e7 17       		.uleb128 0x17
 1231 02e8 9D020000 		.4byte	.LASF40
 1232 02ec 01       		.byte	0x1
 1233 02ed 4F01     		.2byte	0x14f
 1234 02ef 8D000000 		.4byte	0x8d
 1235 02f3 02       		.uleb128 0x2
ARM GAS  C:\Users\cta10\AppData\Local\Temp\ccK32gYJ.s 			page 31


 1236 02f4 91       		.byte	0x91
 1237 02f5 6F       		.sleb128 -17
 1238 02f6 15       		.uleb128 0x15
 1239 02f7 59010000 		.4byte	.LASF41
 1240 02fb 01       		.byte	0x1
 1241 02fc 5101     		.2byte	0x151
 1242 02fe 8D000000 		.4byte	0x8d
 1243 0302 02       		.uleb128 0x2
 1244 0303 91       		.byte	0x91
 1245 0304 77       		.sleb128 -9
 1246 0305 00       		.byte	0
 1247 0306 18       		.uleb128 0x18
 1248 0307 28030000 		.4byte	.LASF55
 1249 030b 01       		.byte	0x1
 1250 030c 7101     		.2byte	0x171
 1251 030e 00000000 		.4byte	.LFB8
 1252 0312 B4010000 		.4byte	.LFE8-.LFB8
 1253 0316 01       		.uleb128 0x1
 1254 0317 9C       		.byte	0x9c
 1255 0318 11       		.uleb128 0x11
 1256 0319 18000000 		.4byte	.LBB3
 1257 031d D0000000 		.4byte	.LBE3-.LBB3
 1258 0321 19       		.uleb128 0x19
 1259 0322 06       		.byte	0x6
 1260 0323 01       		.byte	0x1
 1261 0324 8101     		.2byte	0x181
 1262 0326 45030000 		.4byte	0x345
 1263 032a 1A       		.uleb128 0x1a
 1264 032b 10030000 		.4byte	.LASF42
 1265 032f 01       		.byte	0x1
 1266 0330 8201     		.2byte	0x182
 1267 0332 84000000 		.4byte	0x84
 1268 0336 00       		.byte	0
 1269 0337 1A       		.uleb128 0x1a
 1270 0338 B7010000 		.4byte	.LASF43
 1271 033c 01       		.byte	0x1
 1272 033d 8301     		.2byte	0x183
 1273 033f 99000000 		.4byte	0x99
 1274 0343 04       		.byte	0x4
 1275 0344 00       		.byte	0
 1276 0345 06       		.uleb128 0x6
 1277 0346 0C020000 		.4byte	.LASF44
 1278 034a 01       		.byte	0x1
 1279 034b 8401     		.2byte	0x184
 1280 034d 21030000 		.4byte	0x321
 1281 0351 19       		.uleb128 0x19
 1282 0352 0A       		.byte	0xa
 1283 0353 01       		.byte	0x1
 1284 0354 8701     		.2byte	0x187
 1285 0356 82030000 		.4byte	0x382
 1286 035a 1A       		.uleb128 0x1a
 1287 035b 29020000 		.4byte	.LASF26
 1288 035f 01       		.byte	0x1
 1289 0360 8801     		.2byte	0x188
 1290 0362 84000000 		.4byte	0x84
 1291 0366 00       		.byte	0
 1292 0367 1B       		.uleb128 0x1b
ARM GAS  C:\Users\cta10\AppData\Local\Temp\ccK32gYJ.s 			page 32


 1293 0368 73726300 		.ascii	"src\000"
 1294 036c 01       		.byte	0x1
 1295 036d 8901     		.2byte	0x189
 1296 036f 8A010000 		.4byte	0x18a
 1297 0373 04       		.byte	0x4
 1298 0374 1A       		.uleb128 0x1a
 1299 0375 B7010000 		.4byte	.LASF43
 1300 0379 01       		.byte	0x1
 1301 037a 8A01     		.2byte	0x18a
 1302 037c 99000000 		.4byte	0x99
 1303 0380 08       		.byte	0x8
 1304 0381 00       		.byte	0
 1305 0382 06       		.uleb128 0x6
 1306 0383 98010000 		.4byte	.LASF45
 1307 0387 01       		.byte	0x1
 1308 0388 8B01     		.2byte	0x18b
 1309 038a 51030000 		.4byte	0x351
 1310 038e 1C       		.uleb128 0x1c
 1311 038f 9E030000 		.4byte	0x39e
 1312 0393 9E030000 		.4byte	0x39e
 1313 0397 1D       		.uleb128 0x1d
 1314 0398 7D000000 		.4byte	0x7d
 1315 039c 06       		.byte	0x6
 1316 039d 00       		.byte	0
 1317 039e 13       		.uleb128 0x13
 1318 039f 45030000 		.4byte	0x345
 1319 03a3 15       		.uleb128 0x15
 1320 03a4 19020000 		.4byte	.LASF46
 1321 03a8 01       		.byte	0x1
 1322 03a9 8D01     		.2byte	0x18d
 1323 03ab B5030000 		.4byte	0x3b5
 1324 03af 05       		.uleb128 0x5
 1325 03b0 03       		.byte	0x3
 1326 03b1 00000000 		.4byte	cfg_memset_list.5018
 1327 03b5 13       		.uleb128 0x13
 1328 03b6 8E030000 		.4byte	0x38e
 1329 03ba 1C       		.uleb128 0x1c
 1330 03bb CA030000 		.4byte	0x3ca
 1331 03bf CA030000 		.4byte	0x3ca
 1332 03c3 1D       		.uleb128 0x1d
 1333 03c4 7D000000 		.4byte	0x7d
 1334 03c8 00       		.byte	0
 1335 03c9 00       		.byte	0
 1336 03ca 13       		.uleb128 0x13
 1337 03cb 82030000 		.4byte	0x382
 1338 03cf 15       		.uleb128 0x15
 1339 03d0 18030000 		.4byte	.LASF47
 1340 03d4 01       		.byte	0x1
 1341 03d5 9801     		.2byte	0x198
 1342 03d7 E1030000 		.4byte	0x3e1
 1343 03db 05       		.uleb128 0x5
 1344 03dc 03       		.byte	0x3
 1345 03dd 2C000000 		.4byte	cfg_memcpy_list.5019
 1346 03e1 13       		.uleb128 0x13
 1347 03e2 BA030000 		.4byte	0x3ba
 1348 03e6 1E       		.uleb128 0x1e
 1349 03e7 6900     		.ascii	"i\000"
ARM GAS  C:\Users\cta10\AppData\Local\Temp\ccK32gYJ.s 			page 33


 1350 03e9 01       		.byte	0x1
 1351 03ea 9D01     		.2byte	0x19d
 1352 03ec 8D000000 		.4byte	0x8d
 1353 03f0 02       		.uleb128 0x2
 1354 03f1 91       		.byte	0x91
 1355 03f2 77       		.sleb128 -9
 1356 03f3 1F       		.uleb128 0x1f
 1357 03f4 1E000000 		.4byte	.LBB4
 1358 03f8 22000000 		.4byte	.LBE4-.LBB4
 1359 03fc 15040000 		.4byte	0x415
 1360 0400 1E       		.uleb128 0x1e
 1361 0401 6D7300   		.ascii	"ms\000"
 1362 0404 01       		.byte	0x1
 1363 0405 A201     		.2byte	0x1a2
 1364 0407 0E040000 		.4byte	0x40e
 1365 040b 02       		.uleb128 0x2
 1366 040c 91       		.byte	0x91
 1367 040d 70       		.sleb128 -16
 1368 040e 0D       		.uleb128 0xd
 1369 040f 04       		.byte	0x4
 1370 0410 9E030000 		.4byte	0x39e
 1371 0414 00       		.byte	0
 1372 0415 11       		.uleb128 0x11
 1373 0416 52000000 		.4byte	.LBB5
 1374 041a 34000000 		.4byte	.LBE5-.LBB5
 1375 041e 1E       		.uleb128 0x1e
 1376 041f 6D6300   		.ascii	"mc\000"
 1377 0422 01       		.byte	0x1
 1378 0423 A901     		.2byte	0x1a9
 1379 0425 2C040000 		.4byte	0x42c
 1380 0429 02       		.uleb128 0x2
 1381 042a 91       		.byte	0x91
 1382 042b 6C       		.sleb128 -20
 1383 042c 0D       		.uleb128 0xd
 1384 042d 04       		.byte	0x4
 1385 042e CA030000 		.4byte	0x3ca
 1386 0432 15       		.uleb128 0x15
 1387 0433 34020000 		.4byte	.LASF48
 1388 0437 01       		.byte	0x1
 1389 0438 AA01     		.2byte	0x1aa
 1390 043a 84000000 		.4byte	0x84
 1391 043e 02       		.uleb128 0x2
 1392 043f 91       		.byte	0x91
 1393 0440 68       		.sleb128 -24
 1394 0441 15       		.uleb128 0x15
 1395 0442 79020000 		.4byte	.LASF49
 1396 0446 01       		.byte	0x1
 1397 0447 AB01     		.2byte	0x1ab
 1398 0449 8A010000 		.4byte	0x18a
 1399 044d 02       		.uleb128 0x2
 1400 044e 91       		.byte	0x91
 1401 044f 64       		.sleb128 -28
 1402 0450 15       		.uleb128 0x15
 1403 0451 75010000 		.4byte	.LASF50
 1404 0455 01       		.byte	0x1
 1405 0456 AC01     		.2byte	0x1ac
 1406 0458 99000000 		.4byte	0x99
ARM GAS  C:\Users\cta10\AppData\Local\Temp\ccK32gYJ.s 			page 34


 1407 045c 02       		.uleb128 0x2
 1408 045d 91       		.byte	0x91
 1409 045e 62       		.sleb128 -30
 1410 045f 00       		.byte	0
 1411 0460 00       		.byte	0
 1412 0461 00       		.byte	0
 1413 0462 00       		.byte	0
 1414              		.section	.debug_abbrev,"",%progbits
 1415              	.Ldebug_abbrev0:
 1416 0000 01       		.uleb128 0x1
 1417 0001 11       		.uleb128 0x11
 1418 0002 01       		.byte	0x1
 1419 0003 25       		.uleb128 0x25
 1420 0004 0E       		.uleb128 0xe
 1421 0005 13       		.uleb128 0x13
 1422 0006 0B       		.uleb128 0xb
 1423 0007 03       		.uleb128 0x3
 1424 0008 0E       		.uleb128 0xe
 1425 0009 1B       		.uleb128 0x1b
 1426 000a 0E       		.uleb128 0xe
 1427 000b 55       		.uleb128 0x55
 1428 000c 17       		.uleb128 0x17
 1429 000d 11       		.uleb128 0x11
 1430 000e 01       		.uleb128 0x1
 1431 000f 10       		.uleb128 0x10
 1432 0010 17       		.uleb128 0x17
 1433 0011 00       		.byte	0
 1434 0012 00       		.byte	0
 1435 0013 02       		.uleb128 0x2
 1436 0014 24       		.uleb128 0x24
 1437 0015 00       		.byte	0
 1438 0016 0B       		.uleb128 0xb
 1439 0017 0B       		.uleb128 0xb
 1440 0018 3E       		.uleb128 0x3e
 1441 0019 0B       		.uleb128 0xb
 1442 001a 03       		.uleb128 0x3
 1443 001b 08       		.uleb128 0x8
 1444 001c 00       		.byte	0
 1445 001d 00       		.byte	0
 1446 001e 03       		.uleb128 0x3
 1447 001f 16       		.uleb128 0x16
 1448 0020 00       		.byte	0
 1449 0021 03       		.uleb128 0x3
 1450 0022 0E       		.uleb128 0xe
 1451 0023 3A       		.uleb128 0x3a
 1452 0024 0B       		.uleb128 0xb
 1453 0025 3B       		.uleb128 0x3b
 1454 0026 0B       		.uleb128 0xb
 1455 0027 49       		.uleb128 0x49
 1456 0028 13       		.uleb128 0x13
 1457 0029 00       		.byte	0
 1458 002a 00       		.byte	0
 1459 002b 04       		.uleb128 0x4
 1460 002c 24       		.uleb128 0x24
 1461 002d 00       		.byte	0
 1462 002e 0B       		.uleb128 0xb
 1463 002f 0B       		.uleb128 0xb
ARM GAS  C:\Users\cta10\AppData\Local\Temp\ccK32gYJ.s 			page 35


 1464 0030 3E       		.uleb128 0x3e
 1465 0031 0B       		.uleb128 0xb
 1466 0032 03       		.uleb128 0x3
 1467 0033 0E       		.uleb128 0xe
 1468 0034 00       		.byte	0
 1469 0035 00       		.byte	0
 1470 0036 05       		.uleb128 0x5
 1471 0037 0F       		.uleb128 0xf
 1472 0038 00       		.byte	0
 1473 0039 0B       		.uleb128 0xb
 1474 003a 0B       		.uleb128 0xb
 1475 003b 00       		.byte	0
 1476 003c 00       		.byte	0
 1477 003d 06       		.uleb128 0x6
 1478 003e 16       		.uleb128 0x16
 1479 003f 00       		.byte	0
 1480 0040 03       		.uleb128 0x3
 1481 0041 0E       		.uleb128 0xe
 1482 0042 3A       		.uleb128 0x3a
 1483 0043 0B       		.uleb128 0xb
 1484 0044 3B       		.uleb128 0x3b
 1485 0045 05       		.uleb128 0x5
 1486 0046 49       		.uleb128 0x49
 1487 0047 13       		.uleb128 0x13
 1488 0048 00       		.byte	0
 1489 0049 00       		.byte	0
 1490 004a 07       		.uleb128 0x7
 1491 004b 35       		.uleb128 0x35
 1492 004c 00       		.byte	0
 1493 004d 49       		.uleb128 0x49
 1494 004e 13       		.uleb128 0x13
 1495 004f 00       		.byte	0
 1496 0050 00       		.byte	0
 1497 0051 08       		.uleb128 0x8
 1498 0052 13       		.uleb128 0x13
 1499 0053 01       		.byte	0x1
 1500 0054 0B       		.uleb128 0xb
 1501 0055 0B       		.uleb128 0xb
 1502 0056 3A       		.uleb128 0x3a
 1503 0057 0B       		.uleb128 0xb
 1504 0058 3B       		.uleb128 0x3b
 1505 0059 0B       		.uleb128 0xb
 1506 005a 01       		.uleb128 0x1
 1507 005b 13       		.uleb128 0x13
 1508 005c 00       		.byte	0
 1509 005d 00       		.byte	0
 1510 005e 09       		.uleb128 0x9
 1511 005f 0D       		.uleb128 0xd
 1512 0060 00       		.byte	0
 1513 0061 03       		.uleb128 0x3
 1514 0062 0E       		.uleb128 0xe
 1515 0063 3A       		.uleb128 0x3a
 1516 0064 0B       		.uleb128 0xb
 1517 0065 3B       		.uleb128 0x3b
 1518 0066 0B       		.uleb128 0xb
 1519 0067 49       		.uleb128 0x49
 1520 0068 13       		.uleb128 0x13
ARM GAS  C:\Users\cta10\AppData\Local\Temp\ccK32gYJ.s 			page 36


 1521 0069 38       		.uleb128 0x38
 1522 006a 0B       		.uleb128 0xb
 1523 006b 00       		.byte	0
 1524 006c 00       		.byte	0
 1525 006d 0A       		.uleb128 0xa
 1526 006e 2E       		.uleb128 0x2e
 1527 006f 01       		.byte	0x1
 1528 0070 03       		.uleb128 0x3
 1529 0071 0E       		.uleb128 0xe
 1530 0072 3A       		.uleb128 0x3a
 1531 0073 0B       		.uleb128 0xb
 1532 0074 3B       		.uleb128 0x3b
 1533 0075 0B       		.uleb128 0xb
 1534 0076 27       		.uleb128 0x27
 1535 0077 19       		.uleb128 0x19
 1536 0078 11       		.uleb128 0x11
 1537 0079 01       		.uleb128 0x1
 1538 007a 12       		.uleb128 0x12
 1539 007b 06       		.uleb128 0x6
 1540 007c 40       		.uleb128 0x40
 1541 007d 18       		.uleb128 0x18
 1542 007e 9642     		.uleb128 0x2116
 1543 0080 19       		.uleb128 0x19
 1544 0081 01       		.uleb128 0x1
 1545 0082 13       		.uleb128 0x13
 1546 0083 00       		.byte	0
 1547 0084 00       		.byte	0
 1548 0085 0B       		.uleb128 0xb
 1549 0086 05       		.uleb128 0x5
 1550 0087 00       		.byte	0
 1551 0088 03       		.uleb128 0x3
 1552 0089 08       		.uleb128 0x8
 1553 008a 3A       		.uleb128 0x3a
 1554 008b 0B       		.uleb128 0xb
 1555 008c 3B       		.uleb128 0x3b
 1556 008d 0B       		.uleb128 0xb
 1557 008e 49       		.uleb128 0x49
 1558 008f 13       		.uleb128 0x13
 1559 0090 02       		.uleb128 0x2
 1560 0091 18       		.uleb128 0x18
 1561 0092 00       		.byte	0
 1562 0093 00       		.byte	0
 1563 0094 0C       		.uleb128 0xc
 1564 0095 05       		.uleb128 0x5
 1565 0096 00       		.byte	0
 1566 0097 03       		.uleb128 0x3
 1567 0098 0E       		.uleb128 0xe
 1568 0099 3A       		.uleb128 0x3a
 1569 009a 0B       		.uleb128 0xb
 1570 009b 3B       		.uleb128 0x3b
 1571 009c 0B       		.uleb128 0xb
 1572 009d 49       		.uleb128 0x49
 1573 009e 13       		.uleb128 0x13
 1574 009f 02       		.uleb128 0x2
 1575 00a0 18       		.uleb128 0x18
 1576 00a1 00       		.byte	0
 1577 00a2 00       		.byte	0
ARM GAS  C:\Users\cta10\AppData\Local\Temp\ccK32gYJ.s 			page 37


 1578 00a3 0D       		.uleb128 0xd
 1579 00a4 0F       		.uleb128 0xf
 1580 00a5 00       		.byte	0
 1581 00a6 0B       		.uleb128 0xb
 1582 00a7 0B       		.uleb128 0xb
 1583 00a8 49       		.uleb128 0x49
 1584 00a9 13       		.uleb128 0x13
 1585 00aa 00       		.byte	0
 1586 00ab 00       		.byte	0
 1587 00ac 0E       		.uleb128 0xe
 1588 00ad 26       		.uleb128 0x26
 1589 00ae 00       		.byte	0
 1590 00af 00       		.byte	0
 1591 00b0 00       		.byte	0
 1592 00b1 0F       		.uleb128 0xf
 1593 00b2 2E       		.uleb128 0x2e
 1594 00b3 01       		.byte	0x1
 1595 00b4 03       		.uleb128 0x3
 1596 00b5 0E       		.uleb128 0xe
 1597 00b6 3A       		.uleb128 0x3a
 1598 00b7 0B       		.uleb128 0xb
 1599 00b8 3B       		.uleb128 0x3b
 1600 00b9 0B       		.uleb128 0xb
 1601 00ba 27       		.uleb128 0x27
 1602 00bb 19       		.uleb128 0x19
 1603 00bc 11       		.uleb128 0x11
 1604 00bd 01       		.uleb128 0x1
 1605 00be 12       		.uleb128 0x12
 1606 00bf 06       		.uleb128 0x6
 1607 00c0 40       		.uleb128 0x40
 1608 00c1 18       		.uleb128 0x18
 1609 00c2 9742     		.uleb128 0x2117
 1610 00c4 19       		.uleb128 0x19
 1611 00c5 01       		.uleb128 0x1
 1612 00c6 13       		.uleb128 0x13
 1613 00c7 00       		.byte	0
 1614 00c8 00       		.byte	0
 1615 00c9 10       		.uleb128 0x10
 1616 00ca 34       		.uleb128 0x34
 1617 00cb 00       		.byte	0
 1618 00cc 03       		.uleb128 0x3
 1619 00cd 08       		.uleb128 0x8
 1620 00ce 3A       		.uleb128 0x3a
 1621 00cf 0B       		.uleb128 0xb
 1622 00d0 3B       		.uleb128 0x3b
 1623 00d1 0B       		.uleb128 0xb
 1624 00d2 49       		.uleb128 0x49
 1625 00d3 13       		.uleb128 0x13
 1626 00d4 02       		.uleb128 0x2
 1627 00d5 18       		.uleb128 0x18
 1628 00d6 00       		.byte	0
 1629 00d7 00       		.byte	0
 1630 00d8 11       		.uleb128 0x11
 1631 00d9 0B       		.uleb128 0xb
 1632 00da 01       		.byte	0x1
 1633 00db 11       		.uleb128 0x11
 1634 00dc 01       		.uleb128 0x1
ARM GAS  C:\Users\cta10\AppData\Local\Temp\ccK32gYJ.s 			page 38


 1635 00dd 12       		.uleb128 0x12
 1636 00de 06       		.uleb128 0x6
 1637 00df 00       		.byte	0
 1638 00e0 00       		.byte	0
 1639 00e1 12       		.uleb128 0x12
 1640 00e2 34       		.uleb128 0x34
 1641 00e3 00       		.byte	0
 1642 00e4 03       		.uleb128 0x3
 1643 00e5 0E       		.uleb128 0xe
 1644 00e6 3A       		.uleb128 0x3a
 1645 00e7 0B       		.uleb128 0xb
 1646 00e8 3B       		.uleb128 0x3b
 1647 00e9 0B       		.uleb128 0xb
 1648 00ea 49       		.uleb128 0x49
 1649 00eb 13       		.uleb128 0x13
 1650 00ec 02       		.uleb128 0x2
 1651 00ed 18       		.uleb128 0x18
 1652 00ee 00       		.byte	0
 1653 00ef 00       		.byte	0
 1654 00f0 13       		.uleb128 0x13
 1655 00f1 26       		.uleb128 0x26
 1656 00f2 00       		.byte	0
 1657 00f3 49       		.uleb128 0x49
 1658 00f4 13       		.uleb128 0x13
 1659 00f5 00       		.byte	0
 1660 00f6 00       		.byte	0
 1661 00f7 14       		.uleb128 0x14
 1662 00f8 2E       		.uleb128 0x2e
 1663 00f9 01       		.byte	0x1
 1664 00fa 03       		.uleb128 0x3
 1665 00fb 0E       		.uleb128 0xe
 1666 00fc 3A       		.uleb128 0x3a
 1667 00fd 0B       		.uleb128 0xb
 1668 00fe 3B       		.uleb128 0x3b
 1669 00ff 05       		.uleb128 0x5
 1670 0100 27       		.uleb128 0x27
 1671 0101 19       		.uleb128 0x19
 1672 0102 11       		.uleb128 0x11
 1673 0103 01       		.uleb128 0x1
 1674 0104 12       		.uleb128 0x12
 1675 0105 06       		.uleb128 0x6
 1676 0106 40       		.uleb128 0x40
 1677 0107 18       		.uleb128 0x18
 1678 0108 9742     		.uleb128 0x2117
 1679 010a 19       		.uleb128 0x19
 1680 010b 01       		.uleb128 0x1
 1681 010c 13       		.uleb128 0x13
 1682 010d 00       		.byte	0
 1683 010e 00       		.byte	0
 1684 010f 15       		.uleb128 0x15
 1685 0110 34       		.uleb128 0x34
 1686 0111 00       		.byte	0
 1687 0112 03       		.uleb128 0x3
 1688 0113 0E       		.uleb128 0xe
 1689 0114 3A       		.uleb128 0x3a
 1690 0115 0B       		.uleb128 0xb
 1691 0116 3B       		.uleb128 0x3b
ARM GAS  C:\Users\cta10\AppData\Local\Temp\ccK32gYJ.s 			page 39


 1692 0117 05       		.uleb128 0x5
 1693 0118 49       		.uleb128 0x49
 1694 0119 13       		.uleb128 0x13
 1695 011a 02       		.uleb128 0x2
 1696 011b 18       		.uleb128 0x18
 1697 011c 00       		.byte	0
 1698 011d 00       		.byte	0
 1699 011e 16       		.uleb128 0x16
 1700 011f 2E       		.uleb128 0x2e
 1701 0120 01       		.byte	0x1
 1702 0121 3F       		.uleb128 0x3f
 1703 0122 19       		.uleb128 0x19
 1704 0123 03       		.uleb128 0x3
 1705 0124 0E       		.uleb128 0xe
 1706 0125 3A       		.uleb128 0x3a
 1707 0126 0B       		.uleb128 0xb
 1708 0127 3B       		.uleb128 0x3b
 1709 0128 05       		.uleb128 0x5
 1710 0129 27       		.uleb128 0x27
 1711 012a 19       		.uleb128 0x19
 1712 012b 11       		.uleb128 0x11
 1713 012c 01       		.uleb128 0x1
 1714 012d 12       		.uleb128 0x12
 1715 012e 06       		.uleb128 0x6
 1716 012f 40       		.uleb128 0x40
 1717 0130 18       		.uleb128 0x18
 1718 0131 9742     		.uleb128 0x2117
 1719 0133 19       		.uleb128 0x19
 1720 0134 01       		.uleb128 0x1
 1721 0135 13       		.uleb128 0x13
 1722 0136 00       		.byte	0
 1723 0137 00       		.byte	0
 1724 0138 17       		.uleb128 0x17
 1725 0139 05       		.uleb128 0x5
 1726 013a 00       		.byte	0
 1727 013b 03       		.uleb128 0x3
 1728 013c 0E       		.uleb128 0xe
 1729 013d 3A       		.uleb128 0x3a
 1730 013e 0B       		.uleb128 0xb
 1731 013f 3B       		.uleb128 0x3b
 1732 0140 05       		.uleb128 0x5
 1733 0141 49       		.uleb128 0x49
 1734 0142 13       		.uleb128 0x13
 1735 0143 02       		.uleb128 0x2
 1736 0144 18       		.uleb128 0x18
 1737 0145 00       		.byte	0
 1738 0146 00       		.byte	0
 1739 0147 18       		.uleb128 0x18
 1740 0148 2E       		.uleb128 0x2e
 1741 0149 01       		.byte	0x1
 1742 014a 3F       		.uleb128 0x3f
 1743 014b 19       		.uleb128 0x19
 1744 014c 03       		.uleb128 0x3
 1745 014d 0E       		.uleb128 0xe
 1746 014e 3A       		.uleb128 0x3a
 1747 014f 0B       		.uleb128 0xb
 1748 0150 3B       		.uleb128 0x3b
ARM GAS  C:\Users\cta10\AppData\Local\Temp\ccK32gYJ.s 			page 40


 1749 0151 05       		.uleb128 0x5
 1750 0152 27       		.uleb128 0x27
 1751 0153 19       		.uleb128 0x19
 1752 0154 11       		.uleb128 0x11
 1753 0155 01       		.uleb128 0x1
 1754 0156 12       		.uleb128 0x12
 1755 0157 06       		.uleb128 0x6
 1756 0158 40       		.uleb128 0x40
 1757 0159 18       		.uleb128 0x18
 1758 015a 9642     		.uleb128 0x2116
 1759 015c 19       		.uleb128 0x19
 1760 015d 00       		.byte	0
 1761 015e 00       		.byte	0
 1762 015f 19       		.uleb128 0x19
 1763 0160 13       		.uleb128 0x13
 1764 0161 01       		.byte	0x1
 1765 0162 0B       		.uleb128 0xb
 1766 0163 0B       		.uleb128 0xb
 1767 0164 3A       		.uleb128 0x3a
 1768 0165 0B       		.uleb128 0xb
 1769 0166 3B       		.uleb128 0x3b
 1770 0167 05       		.uleb128 0x5
 1771 0168 01       		.uleb128 0x1
 1772 0169 13       		.uleb128 0x13
 1773 016a 00       		.byte	0
 1774 016b 00       		.byte	0
 1775 016c 1A       		.uleb128 0x1a
 1776 016d 0D       		.uleb128 0xd
 1777 016e 00       		.byte	0
 1778 016f 03       		.uleb128 0x3
 1779 0170 0E       		.uleb128 0xe
 1780 0171 3A       		.uleb128 0x3a
 1781 0172 0B       		.uleb128 0xb
 1782 0173 3B       		.uleb128 0x3b
 1783 0174 05       		.uleb128 0x5
 1784 0175 49       		.uleb128 0x49
 1785 0176 13       		.uleb128 0x13
 1786 0177 38       		.uleb128 0x38
 1787 0178 0B       		.uleb128 0xb
 1788 0179 00       		.byte	0
 1789 017a 00       		.byte	0
 1790 017b 1B       		.uleb128 0x1b
 1791 017c 0D       		.uleb128 0xd
 1792 017d 00       		.byte	0
 1793 017e 03       		.uleb128 0x3
 1794 017f 08       		.uleb128 0x8
 1795 0180 3A       		.uleb128 0x3a
 1796 0181 0B       		.uleb128 0xb
 1797 0182 3B       		.uleb128 0x3b
 1798 0183 05       		.uleb128 0x5
 1799 0184 49       		.uleb128 0x49
 1800 0185 13       		.uleb128 0x13
 1801 0186 38       		.uleb128 0x38
 1802 0187 0B       		.uleb128 0xb
 1803 0188 00       		.byte	0
 1804 0189 00       		.byte	0
 1805 018a 1C       		.uleb128 0x1c
ARM GAS  C:\Users\cta10\AppData\Local\Temp\ccK32gYJ.s 			page 41


 1806 018b 01       		.uleb128 0x1
 1807 018c 01       		.byte	0x1
 1808 018d 49       		.uleb128 0x49
 1809 018e 13       		.uleb128 0x13
 1810 018f 01       		.uleb128 0x1
 1811 0190 13       		.uleb128 0x13
 1812 0191 00       		.byte	0
 1813 0192 00       		.byte	0
 1814 0193 1D       		.uleb128 0x1d
 1815 0194 21       		.uleb128 0x21
 1816 0195 00       		.byte	0
 1817 0196 49       		.uleb128 0x49
 1818 0197 13       		.uleb128 0x13
 1819 0198 2F       		.uleb128 0x2f
 1820 0199 0B       		.uleb128 0xb
 1821 019a 00       		.byte	0
 1822 019b 00       		.byte	0
 1823 019c 1E       		.uleb128 0x1e
 1824 019d 34       		.uleb128 0x34
 1825 019e 00       		.byte	0
 1826 019f 03       		.uleb128 0x3
 1827 01a0 08       		.uleb128 0x8
 1828 01a1 3A       		.uleb128 0x3a
 1829 01a2 0B       		.uleb128 0xb
 1830 01a3 3B       		.uleb128 0x3b
 1831 01a4 05       		.uleb128 0x5
 1832 01a5 49       		.uleb128 0x49
 1833 01a6 13       		.uleb128 0x13
 1834 01a7 02       		.uleb128 0x2
 1835 01a8 18       		.uleb128 0x18
 1836 01a9 00       		.byte	0
 1837 01aa 00       		.byte	0
 1838 01ab 1F       		.uleb128 0x1f
 1839 01ac 0B       		.uleb128 0xb
 1840 01ad 01       		.byte	0x1
 1841 01ae 11       		.uleb128 0x11
 1842 01af 01       		.uleb128 0x1
 1843 01b0 12       		.uleb128 0x12
 1844 01b1 06       		.uleb128 0x6
 1845 01b2 01       		.uleb128 0x1
 1846 01b3 13       		.uleb128 0x13
 1847 01b4 00       		.byte	0
 1848 01b5 00       		.byte	0
 1849 01b6 00       		.byte	0
 1850              		.section	.debug_aranges,"",%progbits
 1851 0000 5C000000 		.4byte	0x5c
 1852 0004 0200     		.2byte	0x2
 1853 0006 00000000 		.4byte	.Ldebug_info0
 1854 000a 04       		.byte	0x4
 1855 000b 00       		.byte	0
 1856 000c 0000     		.2byte	0
 1857 000e 0000     		.2byte	0
 1858 0010 00000000 		.4byte	.LFB0
 1859 0014 1C000000 		.4byte	.LFE0-.LFB0
 1860 0018 00000000 		.4byte	.LFB1
 1861 001c 1E000000 		.4byte	.LFE1-.LFB1
 1862 0020 00000000 		.4byte	.LFB2
ARM GAS  C:\Users\cta10\AppData\Local\Temp\ccK32gYJ.s 			page 42


 1863 0024 1E000000 		.4byte	.LFE2-.LFB2
 1864 0028 00000000 		.4byte	.LFB3
 1865 002c 0C000000 		.4byte	.LFE3-.LFB3
 1866 0030 00000000 		.4byte	.LFB4
 1867 0034 74000000 		.4byte	.LFE4-.LFB4
 1868 0038 00000000 		.4byte	.LFB5
 1869 003c 58010000 		.4byte	.LFE5-.LFB5
 1870 0040 00000000 		.4byte	.LFB6
 1871 0044 44000000 		.4byte	.LFE6-.LFB6
 1872 0048 00000000 		.4byte	.LFB7
 1873 004c 28000000 		.4byte	.LFE7-.LFB7
 1874 0050 00000000 		.4byte	.LFB8
 1875 0054 B4010000 		.4byte	.LFE8-.LFB8
 1876 0058 00000000 		.4byte	0
 1877 005c 00000000 		.4byte	0
 1878              		.section	.debug_ranges,"",%progbits
 1879              	.Ldebug_ranges0:
 1880 0000 00000000 		.4byte	.LFB0
 1881 0004 1C000000 		.4byte	.LFE0
 1882 0008 00000000 		.4byte	.LFB1
 1883 000c 1E000000 		.4byte	.LFE1
 1884 0010 00000000 		.4byte	.LFB2
 1885 0014 1E000000 		.4byte	.LFE2
 1886 0018 00000000 		.4byte	.LFB3
 1887 001c 0C000000 		.4byte	.LFE3
 1888 0020 00000000 		.4byte	.LFB4
 1889 0024 74000000 		.4byte	.LFE4
 1890 0028 00000000 		.4byte	.LFB5
 1891 002c 58010000 		.4byte	.LFE5
 1892 0030 00000000 		.4byte	.LFB6
 1893 0034 44000000 		.4byte	.LFE6
 1894 0038 00000000 		.4byte	.LFB7
 1895 003c 28000000 		.4byte	.LFE7
 1896 0040 00000000 		.4byte	.LFB8
 1897 0044 B4010000 		.4byte	.LFE8
 1898 0048 00000000 		.4byte	0
 1899 004c 00000000 		.4byte	0
 1900              		.section	.debug_line,"",%progbits
 1901              	.Ldebug_line0:
 1902 0000 0B020000 		.section	.debug_str,"MS",%progbits,1
 1902      0200B700 
 1902      00000201 
 1902      FB0E0D00 
 1902      01010101 
 1903              	.LASF14:
 1904 0000 75696E74 		.ascii	"uint16\000"
 1904      313600
 1905              	.LASF33:
 1906 0007 62617365 		.ascii	"baseAddr\000"
 1906      41646472 
 1906      00
 1907              	.LASF12:
 1908 0010 73697A65 		.ascii	"size_t\000"
 1908      5F7400
 1909              	.LASF28:
 1910 0017 4379436C 		.ascii	"CyClockStartupError\000"
 1910      6F636B53 
ARM GAS  C:\Users\cta10\AppData\Local\Temp\ccK32gYJ.s 			page 43


 1910      74617274 
 1910      75704572 
 1910      726F7200 
 1911              	.LASF51:
 1912 002b 474E5520 		.ascii	"GNU C11 5.4.1 20160609 (release) [ARM/embedded-5-br"
 1912      43313120 
 1912      352E342E 
 1912      31203230 
 1912      31363036 
 1913 005e 616E6368 		.ascii	"anch revision 237715] -mcpu=cortex-m3 -mthumb -g -O"
 1913      20726576 
 1913      6973696F 
 1913      6E203233 
 1913      37373135 
 1914 0091 30202D66 		.ascii	"0 -ffunction-sections -ffat-lto-objects\000"
 1914      66756E63 
 1914      74696F6E 
 1914      2D736563 
 1914      74696F6E 
 1915              	.LASF32:
 1916 00b9 64617461 		.ascii	"data_table\000"
 1916      5F746162 
 1916      6C6500
 1917              	.LASF9:
 1918 00c4 6C6F6E67 		.ascii	"long long unsigned int\000"
 1918      206C6F6E 
 1918      6720756E 
 1918      7369676E 
 1918      65642069 
 1919              	.LASF31:
 1920 00db 61646472 		.ascii	"addr_table\000"
 1920      5F746162 
 1920      6C6500
 1921              	.LASF38:
 1922 00e6 416E616C 		.ascii	"AnalogSetDefault\000"
 1922      6F675365 
 1922      74446566 
 1922      61756C74 
 1922      00
 1923              	.LASF1:
 1924 00f7 6C6F6E67 		.ascii	"long long int\000"
 1924      206C6F6E 
 1924      6720696E 
 1924      7400
 1925              	.LASF3:
 1926 0105 7369676E 		.ascii	"signed char\000"
 1926      65642063 
 1926      68617200 
 1927              	.LASF24:
 1928 0111 43594D45 		.ascii	"CYMEMZERO\000"
 1928      4D5A4552 
 1928      4F00
 1929              	.LASF35:
 1930 011b 436C6F63 		.ascii	"ClockSetup\000"
 1930      6B536574 
 1930      757000
 1931              	.LASF29:
ARM GAS  C:\Users\cta10\AppData\Local\Temp\ccK32gYJ.s 			page 44


 1932 0126 6572726F 		.ascii	"errorCode\000"
 1932      72436F64 
 1932      6500
 1933              	.LASF7:
 1934 0130 6C6F6E67 		.ascii	"long int\000"
 1934      20696E74 
 1934      00
 1935              	.LASF19:
 1936 0139 72656731 		.ascii	"reg16\000"
 1936      3600
 1937              	.LASF13:
 1938 013f 75696E74 		.ascii	"uint8\000"
 1938      3800
 1939              	.LASF17:
 1940 0145 646F7562 		.ascii	"double\000"
 1940      6C6500
 1941              	.LASF15:
 1942 014c 75696E74 		.ascii	"uint32\000"
 1942      333200
 1943              	.LASF34:
 1944 0153 636F756E 		.ascii	"count\000"
 1944      7400
 1945              	.LASF41:
 1946 0159 72656756 		.ascii	"regValue\000"
 1946      616C7565 
 1946      00
 1947              	.LASF22:
 1948 0162 76616C75 		.ascii	"value\000"
 1948      6500
 1949              	.LASF0:
 1950 0168 756E7369 		.ascii	"unsigned int\000"
 1950      676E6564 
 1950      20696E74 
 1950      00
 1951              	.LASF50:
 1952 0175 6E756D42 		.ascii	"numBytes\000"
 1952      79746573 
 1952      00
 1953              	.LASF8:
 1954 017e 6C6F6E67 		.ascii	"long unsigned int\000"
 1954      20756E73 
 1954      69676E65 
 1954      6420696E 
 1954      7400
 1955              	.LASF36:
 1956 0190 74696D65 		.ascii	"timeout\000"
 1956      6F757400 
 1957              	.LASF45:
 1958 0198 6366675F 		.ascii	"cfg_memcpy_t\000"
 1958      6D656D63 
 1958      70795F74 
 1958      00
 1959              	.LASF30:
 1960 01a5 6366675F 		.ascii	"cfg_write_bytes32\000"
 1960      77726974 
 1960      655F6279 
 1960      74657333 
ARM GAS  C:\Users\cta10\AppData\Local\Temp\ccK32gYJ.s 			page 45


 1960      3200
 1961              	.LASF43:
 1962 01b7 73697A65 		.ascii	"size\000"
 1962      00
 1963              	.LASF6:
 1964 01bc 73686F72 		.ascii	"short unsigned int\000"
 1964      7420756E 
 1964      7369676E 
 1964      65642069 
 1964      6E7400
 1965              	.LASF20:
 1966 01cf 72656733 		.ascii	"reg32\000"
 1966      3200
 1967              	.LASF27:
 1968 01d5 4359434F 		.ascii	"CYCONFIGCPYCODE\000"
 1968      4E464947 
 1968      43505943 
 1968      4F444500 
 1969              	.LASF10:
 1970 01e5 73697A65 		.ascii	"sizetype\000"
 1970      74797065 
 1970      00
 1971              	.LASF2:
 1972 01ee 6C6F6E67 		.ascii	"long double\000"
 1972      20646F75 
 1972      626C6500 
 1973              	.LASF39:
 1974 01fa 62675F78 		.ascii	"bg_xover_inl_trim\000"
 1974      6F766572 
 1974      5F696E6C 
 1974      5F747269 
 1974      6D00
 1975              	.LASF44:
 1976 020c 6366675F 		.ascii	"cfg_memset_t\000"
 1976      6D656D73 
 1976      65745F74 
 1976      00
 1977              	.LASF46:
 1978 0219 6366675F 		.ascii	"cfg_memset_list\000"
 1978      6D656D73 
 1978      65745F6C 
 1978      69737400 
 1979              	.LASF26:
 1980 0229 64657374 		.ascii	"dest\000"
 1980      00
 1981              	.LASF16:
 1982 022e 666C6F61 		.ascii	"float\000"
 1982      7400
 1983              	.LASF48:
 1984 0234 64657374 		.ascii	"destPtr\000"
 1984      50747200 
 1985              	.LASF18:
 1986 023c 72656738 		.ascii	"reg8\000"
 1986      00
 1987              	.LASF4:
 1988 0241 756E7369 		.ascii	"unsigned char\000"
 1988      676E6564 
ARM GAS  C:\Users\cta10\AppData\Local\Temp\ccK32gYJ.s 			page 46


 1988      20636861 
 1988      7200
 1989              	.LASF5:
 1990 024f 73686F72 		.ascii	"short int\000"
 1990      7420696E 
 1990      7400
 1991              	.LASF37:
 1992 0259 706C6C4C 		.ascii	"pllLock\000"
 1992      6F636B00 
 1993              	.LASF23:
 1994 0261 63795F63 		.ascii	"cy_cfg_addrvalue_t\000"
 1994      66675F61 
 1994      64647276 
 1994      616C7565 
 1994      5F7400
 1995              	.LASF11:
 1996 0274 63686172 		.ascii	"char\000"
 1996      00
 1997              	.LASF49:
 1998 0279 73726350 		.ascii	"srcPtr\000"
 1998      747200
 1999              	.LASF54:
 2000 0280 53657441 		.ascii	"SetAnalogRoutingPumps\000"
 2000      6E616C6F 
 2000      67526F75 
 2000      74696E67 
 2000      50756D70 
 2001              	.LASF21:
 2002 0296 6F666673 		.ascii	"offset\000"
 2002      657400
 2003              	.LASF40:
 2004 029d 656E6162 		.ascii	"enabled\000"
 2004      6C656400 
 2005              	.LASF25:
 2006 02a5 4359434F 		.ascii	"CYCONFIGCPY\000"
 2006      4E464947 
 2006      43505900 
 2007              	.LASF52:
 2008 02b1 47656E65 		.ascii	"Generated_Source\\PSoC5\\cyfitter_cfg.c\000"
 2008      72617465 
 2008      645F536F 
 2008      75726365 
 2008      5C50536F 
 2009              	.LASF53:
 2010 02d7 433A5C4C 		.ascii	"C:\\LocalCode\\301MotorCar\\psoc firmware\\CS301_Cl"
 2010      6F63616C 
 2010      436F6465 
 2010      5C333031 
 2010      4D6F746F 
 2011 0306 6173732E 		.ascii	"ass.cydsn\000"
 2011      63796473 
 2011      6E00
 2012              	.LASF42:
 2013 0310 61646472 		.ascii	"address\000"
 2013      65737300 
 2014              	.LASF47:
 2015 0318 6366675F 		.ascii	"cfg_memcpy_list\000"
ARM GAS  C:\Users\cta10\AppData\Local\Temp\ccK32gYJ.s 			page 47


 2015      6D656D63 
 2015      70795F6C 
 2015      69737400 
 2016              	.LASF55:
 2017 0328 63796669 		.ascii	"cyfitter_cfg\000"
 2017      74746572 
 2017      5F636667 
 2017      00
 2018              		.ident	"GCC: (GNU Tools for ARM Embedded Processors) 5.4.1 20160609 (release) [ARM/embedded-5-bran
