ARM GAS  C:\Users\cta10\AppData\Local\Temp\ccSpbotU.s 			page 1


   1              		.syntax unified
   2              		.cpu cortex-m3
   3              		.fpu softvfp
   4              		.eabi_attribute 20, 1
   5              		.eabi_attribute 21, 1
   6              		.eabi_attribute 23, 3
   7              		.eabi_attribute 24, 1
   8              		.eabi_attribute 25, 1
   9              		.eabi_attribute 26, 1
  10              		.eabi_attribute 30, 6
  11              		.eabi_attribute 34, 1
  12              		.eabi_attribute 18, 4
  13              		.thumb
  14              		.syntax unified
  15              		.file	"cymetadata.c"
  16              		.text
  17              	.Ltext0:
  18              		.cfi_sections	.debug_frame
  19              		.global	cy_meta_configecc
  20              		.section	.cyconfigecc,"a",%progbits
  21              		.align	2
  22              		.type	cy_meta_configecc, %object
  23              		.size	cy_meta_configecc, 3088
  24              	cy_meta_configecc:
  25 0000 01       		.byte	1
  26 0001 45       		.byte	69
  27 0002 00       		.byte	0
  28 0003 40       		.byte	64
  29 0004 08       		.byte	8
  30 0005 4F       		.byte	79
  31 0006 00       		.byte	0
  32 0007 40       		.byte	64
  33 0008 07       		.byte	7
  34 0009 52       		.byte	82
  35 000a 00       		.byte	0
  36 000b 40       		.byte	64
  37 000c 04       		.byte	4
  38 000d 64       		.byte	100
  39 000e 00       		.byte	0
  40 000f 40       		.byte	64
  41 0010 03       		.byte	3
  42 0011 65       		.byte	101
  43 0012 00       		.byte	0
  44 0013 40       		.byte	64
  45 0014 44       		.byte	68
  46 0015 00       		.byte	0
  47 0016 01       		.byte	1
  48 0017 40       		.byte	64
  49 0018 34       		.byte	52
  50 0019 01       		.byte	1
  51 001a 01       		.byte	1
  52 001b 40       		.byte	64
  53 001c 63       		.byte	99
  54 001d 02       		.byte	2
  55 001e 01       		.byte	1
  56 001f 40       		.byte	64
  57 0020 4B       		.byte	75
ARM GAS  C:\Users\cta10\AppData\Local\Temp\ccSpbotU.s 			page 2


  58 0021 03       		.byte	3
  59 0022 01       		.byte	1
  60 0023 40       		.byte	64
  61 0024 64       		.byte	100
  62 0025 04       		.byte	4
  63 0026 01       		.byte	1
  64 0027 40       		.byte	64
  65 0028 41       		.byte	65
  66 0029 05       		.byte	5
  67 002a 01       		.byte	1
  68 002b 40       		.byte	64
  69 002c 4C       		.byte	76
  70 002d 06       		.byte	6
  71 002e 01       		.byte	1
  72 002f 40       		.byte	64
  73 0030 4F       		.byte	79
  74 0031 07       		.byte	7
  75 0032 01       		.byte	1
  76 0033 40       		.byte	64
  77 0034 60       		.byte	96
  78 0035 08       		.byte	8
  79 0036 01       		.byte	1
  80 0037 40       		.byte	64
  81 0038 3B       		.byte	59
  82 0039 09       		.byte	9
  83 003a 01       		.byte	1
  84 003b 40       		.byte	64
  85 003c 01       		.byte	1
  86 003d 0B       		.byte	11
  87 003e 01       		.byte	1
  88 003f 40       		.byte	64
  89 0040 02       		.byte	2
  90 0041 0D       		.byte	13
  91 0042 01       		.byte	1
  92 0043 40       		.byte	64
  93 0044 01       		.byte	1
  94 0045 0F       		.byte	15
  95 0046 01       		.byte	1
  96 0047 40       		.byte	64
  97 0048 51       		.byte	81
  98 0049 14       		.byte	20
  99 004a 01       		.byte	1
 100 004b 40       		.byte	64
 101 004c 4E       		.byte	78
 102 004d 15       		.byte	21
 103 004e 01       		.byte	1
 104 004f 40       		.byte	64
 105 0050 46       		.byte	70
 106 0051 16       		.byte	22
 107 0052 01       		.byte	1
 108 0053 40       		.byte	64
 109 0054 50       		.byte	80
 110 0055 17       		.byte	23
 111 0056 01       		.byte	1
 112 0057 40       		.byte	64
 113 0058 50       		.byte	80
 114 0059 18       		.byte	24
ARM GAS  C:\Users\cta10\AppData\Local\Temp\ccSpbotU.s 			page 3


 115 005a 01       		.byte	1
 116 005b 40       		.byte	64
 117 005c 4A       		.byte	74
 118 005d 19       		.byte	25
 119 005e 01       		.byte	1
 120 005f 40       		.byte	64
 121 0060 04       		.byte	4
 122 0061 1A       		.byte	26
 123 0062 01       		.byte	1
 124 0063 40       		.byte	64
 125 0064 11       		.byte	17
 126 0065 1B       		.byte	27
 127 0066 01       		.byte	1
 128 0067 40       		.byte	64
 129 0068 09       		.byte	9
 130 0069 40       		.byte	64
 131 006a 01       		.byte	1
 132 006b 40       		.byte	64
 133 006c 19       		.byte	25
 134 006d 41       		.byte	65
 135 006e 01       		.byte	1
 136 006f 40       		.byte	64
 137 0070 15       		.byte	21
 138 0071 42       		.byte	66
 139 0072 01       		.byte	1
 140 0073 40       		.byte	64
 141 0074 0F       		.byte	15
 142 0075 43       		.byte	67
 143 0076 01       		.byte	1
 144 0077 40       		.byte	64
 145 0078 01       		.byte	1
 146 0079 44       		.byte	68
 147 007a 01       		.byte	1
 148 007b 40       		.byte	64
 149 007c 0D       		.byte	13
 150 007d 45       		.byte	69
 151 007e 01       		.byte	1
 152 007f 40       		.byte	64
 153 0080 06       		.byte	6
 154 0081 46       		.byte	70
 155 0082 01       		.byte	1
 156 0083 40       		.byte	64
 157 0084 07       		.byte	7
 158 0085 47       		.byte	71
 159 0086 01       		.byte	1
 160 0087 40       		.byte	64
 161 0088 0F       		.byte	15
 162 0089 48       		.byte	72
 163 008a 01       		.byte	1
 164 008b 40       		.byte	64
 165 008c 16       		.byte	22
 166 008d 49       		.byte	73
 167 008e 01       		.byte	1
 168 008f 40       		.byte	64
 169 0090 05       		.byte	5
 170 0091 4C       		.byte	76
 171 0092 01       		.byte	1
ARM GAS  C:\Users\cta10\AppData\Local\Temp\ccSpbotU.s 			page 4


 172 0093 40       		.byte	64
 173 0094 03       		.byte	3
 174 0095 4D       		.byte	77
 175 0096 01       		.byte	1
 176 0097 40       		.byte	64
 177 0098 0C       		.byte	12
 178 0099 50       		.byte	80
 179 009a 01       		.byte	1
 180 009b 40       		.byte	64
 181 009c 7E       		.byte	126
 182 009d 02       		.byte	2
 183 009e 01       		.byte	1
 184 009f 10       		.byte	16
 185 00a0 0A       		.byte	10
 186 00a1 1B       		.byte	27
 187 00a2 0D       		.byte	13
 188 00a3 10       		.byte	16
 189 00a4 16       		.byte	22
 190 00a5 36       		.byte	54
 191 00a6 19       		.byte	25
 192 00a7 30       		.byte	48
 193 00a8 22       		.byte	34
 194 00a9 36       		.byte	54
 195 00aa 25       		.byte	37
 196 00ab 40       		.byte	64
 197 00ac 2E       		.byte	46
 198 00ad 27       		.byte	39
 199 00ae 10       		.byte	16
 200 00af 08       		.byte	8
 201 00b0 11       		.byte	17
 202 00b1 08       		.byte	8
 203 00b2 18       		.byte	24
 204 00b3 20       		.byte	32
 205 00b4 19       		.byte	25
 206 00b5 28       		.byte	40
 207 00b6 60       		.byte	96
 208 00b7 14       		.byte	20
 209 00b8 61       		.byte	97
 210 00b9 1C       		.byte	28
 211 00ba 7C       		.byte	124
 212 00bb 40       		.byte	64
 213 00bc 80       		.byte	-128
 214 00bd 6F       		.byte	111
 215 00be 83       		.byte	-125
 216 00bf 0F       		.byte	15
 217 00c0 87       		.byte	-121
 218 00c1 0F       		.byte	15
 219 00c2 89       		.byte	-119
 220 00c3 6F       		.byte	111
 221 00c4 85       		.byte	-123
 222 00c5 38       		.byte	56
 223 00c6 86       		.byte	-122
 224 00c7 72       		.byte	114
 225 00c8 89       		.byte	-119
 226 00c9 0F       		.byte	15
 227 00ca 01       		.byte	1
 228 00cb 04       		.byte	4
ARM GAS  C:\Users\cta10\AppData\Local\Temp\ccSpbotU.s 			page 5


 229 00cc 04       		.byte	4
 230 00cd 08       		.byte	8
 231 00ce 05       		.byte	5
 232 00cf 01       		.byte	1
 233 00d0 06       		.byte	6
 234 00d1 01       		.byte	1
 235 00d2 08       		.byte	8
 236 00d3 6C       		.byte	108
 237 00d4 0A       		.byte	10
 238 00d5 02       		.byte	2
 239 00d6 0E       		.byte	14
 240 00d7 80       		.byte	-128
 241 00d8 17       		.byte	23
 242 00d9 03       		.byte	3
 243 00da 18       		.byte	24
 244 00db 37       		.byte	55
 245 00dc 1B       		.byte	27
 246 00dd 04       		.byte	4
 247 00de 1E       		.byte	30
 248 00df 0F       		.byte	15
 249 00e0 24       		.byte	36
 250 00e1 6C       		.byte	108
 251 00e2 26       		.byte	38
 252 00e3 01       		.byte	1
 253 00e4 28       		.byte	40
 254 00e5 5B       		.byte	91
 255 00e6 2A       		.byte	42
 256 00e7 04       		.byte	4
 257 00e8 2C       		.byte	44
 258 00e9 80       		.byte	-128
 259 00ea 2F       		.byte	47
 260 00eb 04       		.byte	4
 261 00ec 31       		.byte	49
 262 00ed 01       		.byte	1
 263 00ee 32       		.byte	50
 264 00ef 0F       		.byte	15
 265 00f0 33       		.byte	51
 266 00f1 02       		.byte	2
 267 00f2 34       		.byte	52
 268 00f3 70       		.byte	112
 269 00f4 36       		.byte	54
 270 00f5 80       		.byte	-128
 271 00f6 37       		.byte	55
 272 00f7 04       		.byte	4
 273 00f8 38       		.byte	56
 274 00f9 20       		.byte	32
 275 00fa 3E       		.byte	62
 276 00fb 40       		.byte	64
 277 00fc 3F       		.byte	63
 278 00fd 41       		.byte	65
 279 00fe 54       		.byte	84
 280 00ff 0F       		.byte	15
 281 0100 58       		.byte	88
 282 0101 04       		.byte	4
 283 0102 59       		.byte	89
 284 0103 04       		.byte	4
 285 0104 5B       		.byte	91
ARM GAS  C:\Users\cta10\AppData\Local\Temp\ccSpbotU.s 			page 6


 286 0105 04       		.byte	4
 287 0106 5F       		.byte	95
 288 0107 05       		.byte	5
 289 0108 83       		.byte	-125
 290 0109 10       		.byte	16
 291 010a 84       		.byte	-124
 292 010b 30       		.byte	48
 293 010c 85       		.byte	-123
 294 010d 04       		.byte	4
 295 010e 86       		.byte	-122
 296 010f C9       		.byte	-55
 297 0110 87       		.byte	-121
 298 0111 20       		.byte	32
 299 0112 88       		.byte	-120
 300 0113 CF       		.byte	-49
 301 0114 89       		.byte	-119
 302 0115 27       		.byte	39
 303 0116 8A       		.byte	-118
 304 0117 30       		.byte	48
 305 0118 8F       		.byte	-113
 306 0119 40       		.byte	64
 307 011a 91       		.byte	-111
 308 011b 21       		.byte	33
 309 011c 93       		.byte	-109
 310 011d 02       		.byte	2
 311 011e 94       		.byte	-108
 312 011f FD       		.byte	-3
 313 0120 95       		.byte	-107
 314 0121 21       		.byte	33
 315 0122 96       		.byte	-106
 316 0123 02       		.byte	2
 317 0124 97       		.byte	-105
 318 0125 02       		.byte	2
 319 0126 98       		.byte	-104
 320 0127 73       		.byte	115
 321 0128 9B       		.byte	-101
 322 0129 07       		.byte	7
 323 012a 9C       		.byte	-100
 324 012b 94       		.byte	-108
 325 012c 9E       		.byte	-98
 326 012d 60       		.byte	96
 327 012e 9F       		.byte	-97
 328 012f 08       		.byte	8
 329 0130 A4       		.byte	-92
 330 0131 9E       		.byte	-98
 331 0132 A5       		.byte	-91
 332 0133 07       		.byte	7
 333 0134 A6       		.byte	-90
 334 0135 60       		.byte	96
 335 0136 A9       		.byte	-87
 336 0137 20       		.byte	32
 337 0138 AA       		.byte	-86
 338 0139 0F       		.byte	15
 339 013a AB       		.byte	-85
 340 013b 04       		.byte	4
 341 013c B0       		.byte	-80
 342 013d FF       		.byte	-1
ARM GAS  C:\Users\cta10\AppData\Local\Temp\ccSpbotU.s 			page 7


 343 013e B3       		.byte	-77
 344 013f 0F       		.byte	15
 345 0140 B5       		.byte	-75
 346 0141 60       		.byte	96
 347 0142 B7       		.byte	-73
 348 0143 10       		.byte	16
 349 0144 BE       		.byte	-66
 350 0145 01       		.byte	1
 351 0146 D6       		.byte	-42
 352 0147 08       		.byte	8
 353 0148 D8       		.byte	-40
 354 0149 04       		.byte	4
 355 014a D9       		.byte	-39
 356 014b 04       		.byte	4
 357 014c DB       		.byte	-37
 358 014d 04       		.byte	4
 359 014e DD       		.byte	-35
 360 014f 90       		.byte	-112
 361 0150 DF       		.byte	-33
 362 0151 01       		.byte	1
 363 0152 00       		.byte	0
 364 0153 84       		.byte	-124
 365 0154 03       		.byte	3
 366 0155 08       		.byte	8
 367 0156 04       		.byte	4
 368 0157 24       		.byte	36
 369 0158 08       		.byte	8
 370 0159 40       		.byte	64
 371 015a 0A       		.byte	10
 372 015b 04       		.byte	4
 373 015c 0C       		.byte	12
 374 015d 40       		.byte	64
 375 015e 0E       		.byte	14
 376 015f 06       		.byte	6
 377 0160 0F       		.byte	15
 378 0161 12       		.byte	18
 379 0162 12       		.byte	18
 380 0163 01       		.byte	1
 381 0164 13       		.byte	19
 382 0165 18       		.byte	24
 383 0166 17       		.byte	23
 384 0167 28       		.byte	40
 385 0168 18       		.byte	24
 386 0169 20       		.byte	32
 387 016a 19       		.byte	25
 388 016b 40       		.byte	64
 389 016c 1A       		.byte	26
 390 016d 04       		.byte	4
 391 016e 1B       		.byte	27
 392 016f 18       		.byte	24
 393 0170 1E       		.byte	30
 394 0171 80       		.byte	-128
 395 0172 21       		.byte	33
 396 0173 04       		.byte	4
 397 0174 22       		.byte	34
 398 0175 41       		.byte	65
 399 0176 24       		.byte	36
ARM GAS  C:\Users\cta10\AppData\Local\Temp\ccSpbotU.s 			page 8


 400 0177 02       		.byte	2
 401 0178 25       		.byte	37
 402 0179 14       		.byte	20
 403 017a 26       		.byte	38
 404 017b 04       		.byte	4
 405 017c 27       		.byte	39
 406 017d 34       		.byte	52
 407 017e 2B       		.byte	43
 408 017f 02       		.byte	2
 409 0180 2E       		.byte	46
 410 0181 04       		.byte	4
 411 0182 2F       		.byte	47
 412 0183 08       		.byte	8
 413 0184 30       		.byte	48
 414 0185 08       		.byte	8
 415 0186 33       		.byte	51
 416 0187 10       		.byte	16
 417 0188 36       		.byte	54
 418 0189 41       		.byte	65
 419 018a 37       		.byte	55
 420 018b 28       		.byte	40
 421 018c 39       		.byte	57
 422 018d 0A       		.byte	10
 423 018e 3A       		.byte	58
 424 018f 01       		.byte	1
 425 0190 3C       		.byte	60
 426 0191 04       		.byte	4
 427 0192 3E       		.byte	62
 428 0193 40       		.byte	64
 429 0194 3F       		.byte	63
 430 0195 11       		.byte	17
 431 0196 48       		.byte	72
 432 0197 08       		.byte	8
 433 0198 49       		.byte	73
 434 0199 10       		.byte	16
 435 019a 59       		.byte	89
 436 019b 58       		.byte	88
 437 019c 5A       		.byte	90
 438 019d 02       		.byte	2
 439 019e 5C       		.byte	92
 440 019f 80       		.byte	-128
 441 01a0 61       		.byte	97
 442 01a1 24       		.byte	36
 443 01a2 67       		.byte	103
 444 01a3 01       		.byte	1
 445 01a4 7B       		.byte	123
 446 01a5 10       		.byte	16
 447 01a6 C0       		.byte	-64
 448 01a7 67       		.byte	103
 449 01a8 C2       		.byte	-62
 450 01a9 E3       		.byte	-29
 451 01aa C4       		.byte	-60
 452 01ab 67       		.byte	103
 453 01ac CA       		.byte	-54
 454 01ad 68       		.byte	104
 455 01ae CC       		.byte	-52
 456 01af F6       		.byte	-10
ARM GAS  C:\Users\cta10\AppData\Local\Temp\ccSpbotU.s 			page 9


 457 01b0 CE       		.byte	-50
 458 01b1 F3       		.byte	-13
 459 01b2 D6       		.byte	-42
 460 01b3 1F       		.byte	31
 461 01b4 D8       		.byte	-40
 462 01b5 16       		.byte	22
 463 01b6 DE       		.byte	-34
 464 01b7 02       		.byte	2
 465 01b8 E2       		.byte	-30
 466 01b9 08       		.byte	8
 467 01ba 02       		.byte	2
 468 01bb 02       		.byte	2
 469 01bc 03       		.byte	3
 470 01bd 01       		.byte	1
 471 01be 06       		.byte	6
 472 01bf 04       		.byte	4
 473 01c0 0B       		.byte	11
 474 01c1 05       		.byte	5
 475 01c2 18       		.byte	24
 476 01c3 01       		.byte	1
 477 01c4 1D       		.byte	29
 478 01c5 01       		.byte	1
 479 01c6 20       		.byte	32
 480 01c7 02       		.byte	2
 481 01c8 22       		.byte	34
 482 01c9 04       		.byte	4
 483 01ca 23       		.byte	35
 484 01cb 02       		.byte	2
 485 01cc 30       		.byte	48
 486 01cd 06       		.byte	6
 487 01ce 33       		.byte	51
 488 01cf 01       		.byte	1
 489 01d0 34       		.byte	52
 490 01d1 01       		.byte	1
 491 01d2 35       		.byte	53
 492 01d3 02       		.byte	2
 493 01d4 37       		.byte	55
 494 01d5 04       		.byte	4
 495 01d6 3E       		.byte	62
 496 01d7 10       		.byte	16
 497 01d8 3F       		.byte	63
 498 01d9 04       		.byte	4
 499 01da 40       		.byte	64
 500 01db 26       		.byte	38
 501 01dc 41       		.byte	65
 502 01dd 03       		.byte	3
 503 01de 49       		.byte	73
 504 01df FF       		.byte	-1
 505 01e0 4A       		.byte	74
 506 01e1 FF       		.byte	-1
 507 01e2 4B       		.byte	75
 508 01e3 FF       		.byte	-1
 509 01e4 4D       		.byte	77
 510 01e5 A0       		.byte	-96
 511 01e6 4F       		.byte	79
 512 01e7 01       		.byte	1
 513 01e8 50       		.byte	80
ARM GAS  C:\Users\cta10\AppData\Local\Temp\ccSpbotU.s 			page 10


 514 01e9 18       		.byte	24
 515 01ea 52       		.byte	82
 516 01eb 80       		.byte	-128
 517 01ec 58       		.byte	88
 518 01ed 04       		.byte	4
 519 01ee 59       		.byte	89
 520 01ef 04       		.byte	4
 521 01f0 5A       		.byte	90
 522 01f1 04       		.byte	4
 523 01f2 5B       		.byte	91
 524 01f3 04       		.byte	4
 525 01f4 5C       		.byte	92
 526 01f5 02       		.byte	2
 527 01f6 5F       		.byte	95
 528 01f7 01       		.byte	1
 529 01f8 60       		.byte	96
 530 01f9 40       		.byte	64
 531 01fa 62       		.byte	98
 532 01fb 80       		.byte	-128
 533 01fc 64       		.byte	100
 534 01fd 40       		.byte	64
 535 01fe 65       		.byte	101
 536 01ff 40       		.byte	64
 537 0200 66       		.byte	102
 538 0201 80       		.byte	-128
 539 0202 68       		.byte	104
 540 0203 40       		.byte	64
 541 0204 6A       		.byte	106
 542 0205 80       		.byte	-128
 543 0206 6C       		.byte	108
 544 0207 40       		.byte	64
 545 0208 6D       		.byte	109
 546 0209 20       		.byte	32
 547 020a 6E       		.byte	110
 548 020b 80       		.byte	-128
 549 020c 81       		.byte	-127
 550 020d 20       		.byte	32
 551 020e 85       		.byte	-123
 552 020f 0A       		.byte	10
 553 0210 87       		.byte	-121
 554 0211 14       		.byte	20
 555 0212 89       		.byte	-119
 556 0213 1E       		.byte	30
 557 0214 93       		.byte	-109
 558 0215 20       		.byte	32
 559 0216 94       		.byte	-108
 560 0217 08       		.byte	8
 561 0218 95       		.byte	-107
 562 0219 18       		.byte	24
 563 021a 97       		.byte	-105
 564 021b 06       		.byte	6
 565 021c 98       		.byte	-104
 566 021d 04       		.byte	4
 567 021e 99       		.byte	-103
 568 021f 14       		.byte	20
 569 0220 9B       		.byte	-101
 570 0221 0A       		.byte	10
ARM GAS  C:\Users\cta10\AppData\Local\Temp\ccSpbotU.s 			page 11


 571 0222 9C       		.byte	-100
 572 0223 06       		.byte	6
 573 0224 9E       		.byte	-98
 574 0225 09       		.byte	9
 575 0226 9F       		.byte	-97
 576 0227 01       		.byte	1
 577 0228 A5       		.byte	-91
 578 0229 0E       		.byte	14
 579 022a A8       		.byte	-88
 580 022b 06       		.byte	6
 581 022c A9       		.byte	-87
 582 022d 20       		.byte	32
 583 022e AD       		.byte	-83
 584 022f 06       		.byte	6
 585 0230 AF       		.byte	-81
 586 0231 18       		.byte	24
 587 0232 B0       		.byte	-80
 588 0233 02       		.byte	2
 589 0234 B1       		.byte	-79
 590 0235 01       		.byte	1
 591 0236 B2       		.byte	-78
 592 0237 01       		.byte	1
 593 0238 B3       		.byte	-77
 594 0239 1E       		.byte	30
 595 023a B4       		.byte	-76
 596 023b 04       		.byte	4
 597 023c B5       		.byte	-75
 598 023d 20       		.byte	32
 599 023e B6       		.byte	-74
 600 023f 08       		.byte	8
 601 0240 B8       		.byte	-72
 602 0241 22       		.byte	34
 603 0242 BE       		.byte	-66
 604 0243 50       		.byte	80
 605 0244 BF       		.byte	-65
 606 0245 10       		.byte	16
 607 0246 C0       		.byte	-64
 608 0247 32       		.byte	50
 609 0248 C1       		.byte	-63
 610 0249 06       		.byte	6
 611 024a C5       		.byte	-59
 612 024b 4E       		.byte	78
 613 024c C6       		.byte	-58
 614 024d C3       		.byte	-61
 615 024e C7       		.byte	-57
 616 024f 02       		.byte	2
 617 0250 C8       		.byte	-56
 618 0251 1F       		.byte	31
 619 0252 C9       		.byte	-55
 620 0253 FF       		.byte	-1
 621 0254 CA       		.byte	-54
 622 0255 FF       		.byte	-1
 623 0256 CB       		.byte	-53
 624 0257 FF       		.byte	-1
 625 0258 CD       		.byte	-51
 626 0259 AF       		.byte	-81
 627 025a CE       		.byte	-50
ARM GAS  C:\Users\cta10\AppData\Local\Temp\ccSpbotU.s 			page 12


 628 025b 07       		.byte	7
 629 025c CF       		.byte	-49
 630 025d 01       		.byte	1
 631 025e D0       		.byte	-48
 632 025f 18       		.byte	24
 633 0260 D4       		.byte	-44
 634 0261 0F       		.byte	15
 635 0262 D8       		.byte	-40
 636 0263 04       		.byte	4
 637 0264 D9       		.byte	-39
 638 0265 04       		.byte	4
 639 0266 DA       		.byte	-38
 640 0267 04       		.byte	4
 641 0268 DB       		.byte	-37
 642 0269 04       		.byte	4
 643 026a DF       		.byte	-33
 644 026b 01       		.byte	1
 645 026c E0       		.byte	-32
 646 026d 40       		.byte	64
 647 026e E2       		.byte	-30
 648 026f 80       		.byte	-128
 649 0270 E4       		.byte	-28
 650 0271 40       		.byte	64
 651 0272 E5       		.byte	-27
 652 0273 40       		.byte	64
 653 0274 E6       		.byte	-26
 654 0275 80       		.byte	-128
 655 0276 E8       		.byte	-24
 656 0277 40       		.byte	64
 657 0278 EA       		.byte	-22
 658 0279 80       		.byte	-128
 659 027a EC       		.byte	-20
 660 027b 40       		.byte	64
 661 027c ED       		.byte	-19
 662 027d 20       		.byte	32
 663 027e EE       		.byte	-18
 664 027f 80       		.byte	-128
 665 0280 06       		.byte	6
 666 0281 60       		.byte	96
 667 0282 09       		.byte	9
 668 0283 80       		.byte	-128
 669 0284 0A       		.byte	10
 670 0285 14       		.byte	20
 671 0286 0C       		.byte	12
 672 0287 20       		.byte	32
 673 0288 10       		.byte	16
 674 0289 08       		.byte	8
 675 028a 14       		.byte	20
 676 028b 10       		.byte	16
 677 028c 17       		.byte	23
 678 028d 09       		.byte	9
 679 028e 19       		.byte	25
 680 028f 40       		.byte	64
 681 0290 1A       		.byte	26
 682 0291 10       		.byte	16
 683 0292 1B       		.byte	27
 684 0293 32       		.byte	50
ARM GAS  C:\Users\cta10\AppData\Local\Temp\ccSpbotU.s 			page 13


 685 0294 1C       		.byte	28
 686 0295 48       		.byte	72
 687 0296 20       		.byte	32
 688 0297 10       		.byte	16
 689 0298 21       		.byte	33
 690 0299 01       		.byte	1
 691 029a 22       		.byte	34
 692 029b 10       		.byte	16
 693 029c 23       		.byte	35
 694 029d 10       		.byte	16
 695 029e 25       		.byte	37
 696 029f 08       		.byte	8
 697 02a0 26       		.byte	38
 698 02a1 90       		.byte	-112
 699 02a2 27       		.byte	39
 700 02a3 20       		.byte	32
 701 02a4 29       		.byte	41
 702 02a5 10       		.byte	16
 703 02a6 2A       		.byte	42
 704 02a7 08       		.byte	8
 705 02a8 2B       		.byte	43
 706 02a9 01       		.byte	1
 707 02aa 2E       		.byte	46
 708 02ab 0C       		.byte	12
 709 02ac 2F       		.byte	47
 710 02ad 40       		.byte	64
 711 02ae 30       		.byte	48
 712 02af 90       		.byte	-112
 713 02b0 33       		.byte	51
 714 02b1 0A       		.byte	10
 715 02b2 36       		.byte	54
 716 02b3 80       		.byte	-128
 717 02b4 38       		.byte	56
 718 02b5 04       		.byte	4
 719 02b6 39       		.byte	57
 720 02b7 02       		.byte	2
 721 02b8 3B       		.byte	59
 722 02b9 10       		.byte	16
 723 02ba 3C       		.byte	60
 724 02bb 02       		.byte	2
 725 02bc 3D       		.byte	61
 726 02bd 20       		.byte	32
 727 02be 41       		.byte	65
 728 02bf 08       		.byte	8
 729 02c0 43       		.byte	67
 730 02c1 20       		.byte	32
 731 02c2 45       		.byte	69
 732 02c3 04       		.byte	4
 733 02c4 47       		.byte	71
 734 02c5 20       		.byte	32
 735 02c6 48       		.byte	72
 736 02c7 C0       		.byte	-64
 737 02c8 49       		.byte	73
 738 02c9 14       		.byte	20
 739 02ca 4A       		.byte	74
 740 02cb 04       		.byte	4
 741 02cc 4F       		.byte	79
ARM GAS  C:\Users\cta10\AppData\Local\Temp\ccSpbotU.s 			page 14


 742 02cd 20       		.byte	32
 743 02ce 50       		.byte	80
 744 02cf 08       		.byte	8
 745 02d0 51       		.byte	81
 746 02d1 A0       		.byte	-96
 747 02d2 58       		.byte	88
 748 02d3 02       		.byte	2
 749 02d4 5A       		.byte	90
 750 02d5 A4       		.byte	-92
 751 02d6 74       		.byte	116
 752 02d7 01       		.byte	1
 753 02d8 85       		.byte	-123
 754 02d9 48       		.byte	72
 755 02da 88       		.byte	-120
 756 02db 20       		.byte	32
 757 02dc 8B       		.byte	-117
 758 02dd 40       		.byte	64
 759 02de 90       		.byte	-112
 760 02df 22       		.byte	34
 761 02e0 92       		.byte	-110
 762 02e1 84       		.byte	-124
 763 02e2 94       		.byte	-108
 764 02e3 04       		.byte	4
 765 02e4 95       		.byte	-107
 766 02e5 02       		.byte	2
 767 02e6 96       		.byte	-106
 768 02e7 40       		.byte	64
 769 02e8 97       		.byte	-105
 770 02e9 10       		.byte	16
 771 02ea 9B       		.byte	-101
 772 02eb 04       		.byte	4
 773 02ec 9D       		.byte	-99
 774 02ed 0C       		.byte	12
 775 02ee 9F       		.byte	-97
 776 02ef 08       		.byte	8
 777 02f0 A1       		.byte	-95
 778 02f1 14       		.byte	20
 779 02f2 A2       		.byte	-94
 780 02f3 04       		.byte	4
 781 02f4 A3       		.byte	-93
 782 02f5 08       		.byte	8
 783 02f6 A4       		.byte	-92
 784 02f7 48       		.byte	72
 785 02f8 A5       		.byte	-91
 786 02f9 20       		.byte	32
 787 02fa A7       		.byte	-89
 788 02fb 03       		.byte	3
 789 02fc A8       		.byte	-88
 790 02fd 80       		.byte	-128
 791 02fe C0       		.byte	-64
 792 02ff 30       		.byte	48
 793 0300 C2       		.byte	-62
 794 0301 47       		.byte	71
 795 0302 C4       		.byte	-60
 796 0303 12       		.byte	18
 797 0304 CA       		.byte	-54
 798 0305 8E       		.byte	-114
ARM GAS  C:\Users\cta10\AppData\Local\Temp\ccSpbotU.s 			page 15


 799 0306 CC       		.byte	-52
 800 0307 1F       		.byte	31
 801 0308 CE       		.byte	-50
 802 0309 A7       		.byte	-89
 803 030a D0       		.byte	-48
 804 030b 66       		.byte	102
 805 030c D2       		.byte	-46
 806 030d 24       		.byte	36
 807 030e D6       		.byte	-42
 808 030f 0F       		.byte	15
 809 0310 E2       		.byte	-30
 810 0311 62       		.byte	98
 811 0312 E4       		.byte	-28
 812 0313 20       		.byte	32
 813 0314 E6       		.byte	-26
 814 0315 03       		.byte	3
 815 0316 00       		.byte	0
 816 0317 0C       		.byte	12
 817 0318 02       		.byte	2
 818 0319 01       		.byte	1
 819 031a 0C       		.byte	12
 820 031b 10       		.byte	16
 821 031c 0E       		.byte	14
 822 031d A0       		.byte	-96
 823 031e 10       		.byte	16
 824 031f 20       		.byte	32
 825 0320 11       		.byte	17
 826 0321 0E       		.byte	14
 827 0322 12       		.byte	18
 828 0323 10       		.byte	16
 829 0324 13       		.byte	19
 830 0325 F0       		.byte	-16
 831 0326 14       		.byte	20
 832 0327 10       		.byte	16
 833 0328 15       		.byte	21
 834 0329 96       		.byte	-106
 835 032a 16       		.byte	22
 836 032b 20       		.byte	32
 837 032c 17       		.byte	23
 838 032d 68       		.byte	104
 839 032e 18       		.byte	24
 840 032f 0C       		.byte	12
 841 0330 19       		.byte	25
 842 0331 A3       		.byte	-93
 843 0332 1A       		.byte	26
 844 0333 02       		.byte	2
 845 0334 1B       		.byte	27
 846 0335 5C       		.byte	92
 847 0336 1C       		.byte	28
 848 0337 10       		.byte	16
 849 0338 1E       		.byte	30
 850 0339 60       		.byte	96
 851 033a 1F       		.byte	31
 852 033b 01       		.byte	1
 853 033c 20       		.byte	32
 854 033d 0B       		.byte	11
 855 033e 21       		.byte	33
ARM GAS  C:\Users\cta10\AppData\Local\Temp\ccSpbotU.s 			page 16


 856 033f C5       		.byte	-59
 857 0340 22       		.byte	34
 858 0341 04       		.byte	4
 859 0342 23       		.byte	35
 860 0343 3A       		.byte	58
 861 0344 24       		.byte	36
 862 0345 07       		.byte	7
 863 0346 28       		.byte	40
 864 0347 08       		.byte	8
 865 0348 29       		.byte	41
 866 0349 7F       		.byte	127
 867 034a 2A       		.byte	42
 868 034b 01       		.byte	1
 869 034c 2D       		.byte	45
 870 034d FE       		.byte	-2
 871 034e 2E       		.byte	46
 872 034f 0F       		.byte	15
 873 0350 2F       		.byte	47
 874 0351 01       		.byte	1
 875 0352 30       		.byte	48
 876 0353 30       		.byte	48
 877 0354 32       		.byte	50
 878 0355 40       		.byte	64
 879 0356 34       		.byte	52
 880 0357 0F       		.byte	15
 881 0358 35       		.byte	53
 882 0359 FF       		.byte	-1
 883 035a 36       		.byte	54
 884 035b 80       		.byte	-128
 885 035c 3A       		.byte	58
 886 035d 02       		.byte	2
 887 035e 3F       		.byte	63
 888 035f 10       		.byte	16
 889 0360 58       		.byte	88
 890 0361 04       		.byte	4
 891 0362 59       		.byte	89
 892 0363 04       		.byte	4
 893 0364 5F       		.byte	95
 894 0365 01       		.byte	1
 895 0366 80       		.byte	-128
 896 0367 02       		.byte	2
 897 0368 82       		.byte	-126
 898 0369 05       		.byte	5
 899 036a 85       		.byte	-123
 900 036b F3       		.byte	-13
 901 036c 87       		.byte	-121
 902 036d 04       		.byte	4
 903 036e 89       		.byte	-119
 904 036f F3       		.byte	-13
 905 0370 8B       		.byte	-117
 906 0371 08       		.byte	8
 907 0372 8F       		.byte	-113
 908 0373 0C       		.byte	12
 909 0374 91       		.byte	-111
 910 0375 51       		.byte	81
 911 0376 93       		.byte	-109
 912 0377 A2       		.byte	-94
ARM GAS  C:\Users\cta10\AppData\Local\Temp\ccSpbotU.s 			page 17


 913 0378 94       		.byte	-108
 914 0379 02       		.byte	2
 915 037a 96       		.byte	-106
 916 037b 04       		.byte	4
 917 037c 98       		.byte	-104
 918 037d 04       		.byte	4
 919 037e 99       		.byte	-103
 920 037f 30       		.byte	48
 921 0380 9A       		.byte	-102
 922 0381 02       		.byte	2
 923 0382 9B       		.byte	-101
 924 0383 C3       		.byte	-61
 925 0384 9C       		.byte	-100
 926 0385 02       		.byte	2
 927 0386 9E       		.byte	-98
 928 0387 04       		.byte	4
 929 0388 A2       		.byte	-94
 930 0389 08       		.byte	8
 931 038a A9       		.byte	-87
 932 038b 80       		.byte	-128
 933 038c AB       		.byte	-85
 934 038d 22       		.byte	34
 935 038e AD       		.byte	-83
 936 038f 40       		.byte	64
 937 0390 AF       		.byte	-81
 938 0391 11       		.byte	17
 939 0392 B2       		.byte	-78
 940 0393 08       		.byte	8
 941 0394 B3       		.byte	-77
 942 0395 F0       		.byte	-16
 943 0396 B4       		.byte	-76
 944 0397 06       		.byte	6
 945 0398 B6       		.byte	-74
 946 0399 01       		.byte	1
 947 039a B7       		.byte	-73
 948 039b 0F       		.byte	15
 949 039c BA       		.byte	-70
 950 039d 20       		.byte	32
 951 039e BB       		.byte	-69
 952 039f 80       		.byte	-128
 953 03a0 C0       		.byte	-64
 954 03a1 36       		.byte	54
 955 03a2 C1       		.byte	-63
 956 03a3 04       		.byte	4
 957 03a4 C2       		.byte	-62
 958 03a5 05       		.byte	5
 959 03a6 C4       		.byte	-60
 960 03a7 02       		.byte	2
 961 03a8 C5       		.byte	-59
 962 03a9 E0       		.byte	-32
 963 03aa C7       		.byte	-57
 964 03ab 0C       		.byte	12
 965 03ac C8       		.byte	-56
 966 03ad 12       		.byte	18
 967 03ae C9       		.byte	-55
 968 03af FF       		.byte	-1
 969 03b0 CA       		.byte	-54
ARM GAS  C:\Users\cta10\AppData\Local\Temp\ccSpbotU.s 			page 18


 970 03b1 FF       		.byte	-1
 971 03b2 CB       		.byte	-53
 972 03b3 FF       		.byte	-1
 973 03b4 CC       		.byte	-52
 974 03b5 62       		.byte	98
 975 03b6 CD       		.byte	-51
 976 03b7 A0       		.byte	-96
 977 03b8 CE       		.byte	-50
 978 03b9 F0       		.byte	-16
 979 03ba CF       		.byte	-49
 980 03bb 41       		.byte	65
 981 03bc D0       		.byte	-48
 982 03bd 0C       		.byte	12
 983 03be D6       		.byte	-42
 984 03bf 08       		.byte	8
 985 03c0 D8       		.byte	-40
 986 03c1 04       		.byte	4
 987 03c2 D9       		.byte	-39
 988 03c3 04       		.byte	4
 989 03c4 DA       		.byte	-38
 990 03c5 04       		.byte	4
 991 03c6 DB       		.byte	-37
 992 03c7 04       		.byte	4
 993 03c8 DC       		.byte	-36
 994 03c9 20       		.byte	32
 995 03ca DD       		.byte	-35
 996 03cb 92       		.byte	-110
 997 03cc DF       		.byte	-33
 998 03cd 01       		.byte	1
 999 03ce E6       		.byte	-26
 1000 03cf 40       		.byte	64
 1001 03d0 E7       		.byte	-25
 1002 03d1 02       		.byte	2
 1003 03d2 E9       		.byte	-23
 1004 03d3 10       		.byte	16
 1005 03d4 EA       		.byte	-22
 1006 03d5 30       		.byte	48
 1007 03d6 EB       		.byte	-21
 1008 03d7 10       		.byte	16
 1009 03d8 ED       		.byte	-19
 1010 03d9 10       		.byte	16
 1011 03da EE       		.byte	-18
 1012 03db 10       		.byte	16
 1013 03dc EF       		.byte	-17
 1014 03dd 12       		.byte	18
 1015 03de 01       		.byte	1
 1016 03df 02       		.byte	2
 1017 03e0 02       		.byte	2
 1018 03e1 02       		.byte	2
 1019 03e2 04       		.byte	4
 1020 03e3 02       		.byte	2
 1021 03e4 0A       		.byte	10
 1022 03e5 96       		.byte	-106
 1023 03e6 0E       		.byte	14
 1024 03e7 2A       		.byte	42
 1025 03e8 10       		.byte	16
 1026 03e9 89       		.byte	-119
ARM GAS  C:\Users\cta10\AppData\Local\Temp\ccSpbotU.s 			page 19


 1027 03ea 12       		.byte	18
 1028 03eb 10       		.byte	16
 1029 03ec 16       		.byte	22
 1030 03ed 80       		.byte	-128
 1031 03ee 18       		.byte	24
 1032 03ef 80       		.byte	-128
 1033 03f0 19       		.byte	25
 1034 03f1 10       		.byte	16
 1035 03f2 1A       		.byte	26
 1036 03f3 96       		.byte	-106
 1037 03f4 1B       		.byte	27
 1038 03f5 01       		.byte	1
 1039 03f6 1C       		.byte	28
 1040 03f7 04       		.byte	4
 1041 03f8 1D       		.byte	29
 1042 03f9 08       		.byte	8
 1043 03fa 1E       		.byte	30
 1044 03fb 0A       		.byte	10
 1045 03fc 1F       		.byte	31
 1046 03fd 40       		.byte	64
 1047 03fe 21       		.byte	33
 1048 03ff 20       		.byte	32
 1049 0400 25       		.byte	37
 1050 0401 40       		.byte	64
 1051 0402 27       		.byte	39
 1052 0403 10       		.byte	16
 1053 0404 28       		.byte	40
 1054 0405 08       		.byte	8
 1055 0406 29       		.byte	41
 1056 0407 03       		.byte	3
 1057 0408 2A       		.byte	42
 1058 0409 10       		.byte	16
 1059 040a 2B       		.byte	43
 1060 040b 02       		.byte	2
 1061 040c 2E       		.byte	46
 1062 040d 20       		.byte	32
 1063 040e 2F       		.byte	47
 1064 040f 01       		.byte	1
 1065 0410 30       		.byte	48
 1066 0411 09       		.byte	9
 1067 0412 31       		.byte	49
 1068 0413 50       		.byte	80
 1069 0414 37       		.byte	55
 1070 0415 11       		.byte	17
 1071 0416 3D       		.byte	61
 1072 0417 A4       		.byte	-92
 1073 0418 44       		.byte	68
 1074 0419 40       		.byte	64
 1075 041a 45       		.byte	69
 1076 041b 04       		.byte	4
 1077 041c 47       		.byte	71
 1078 041d 20       		.byte	32
 1079 041e 4C       		.byte	76
 1080 041f 02       		.byte	2
 1081 0420 4D       		.byte	77
 1082 0421 01       		.byte	1
 1083 0422 4F       		.byte	79
ARM GAS  C:\Users\cta10\AppData\Local\Temp\ccSpbotU.s 			page 20


 1084 0423 20       		.byte	32
 1085 0424 56       		.byte	86
 1086 0425 04       		.byte	4
 1087 0426 5D       		.byte	93
 1088 0427 50       		.byte	80
 1089 0428 66       		.byte	102
 1090 0429 80       		.byte	-128
 1091 042a 67       		.byte	103
 1092 042b 08       		.byte	8
 1093 042c 90       		.byte	-112
 1094 042d 62       		.byte	98
 1095 042e 93       		.byte	-109
 1096 042f 10       		.byte	16
 1097 0430 94       		.byte	-108
 1098 0431 04       		.byte	4
 1099 0432 96       		.byte	-106
 1100 0433 40       		.byte	64
 1101 0434 97       		.byte	-105
 1102 0435 C0       		.byte	-64
 1103 0436 98       		.byte	-104
 1104 0437 80       		.byte	-128
 1105 0438 9A       		.byte	-102
 1106 0439 08       		.byte	8
 1107 043a 9B       		.byte	-101
 1108 043b 04       		.byte	4
 1109 043c 9E       		.byte	-98
 1110 043d 60       		.byte	96
 1111 043e 9F       		.byte	-97
 1112 043f 09       		.byte	9
 1113 0440 A2       		.byte	-94
 1114 0441 10       		.byte	16
 1115 0442 A7       		.byte	-89
 1116 0443 01       		.byte	1
 1117 0444 A8       		.byte	-88
 1118 0445 12       		.byte	18
 1119 0446 B0       		.byte	-80
 1120 0447 04       		.byte	4
 1121 0448 B4       		.byte	-76
 1122 0449 80       		.byte	-128
 1123 044a C0       		.byte	-64
 1124 044b 19       		.byte	25
 1125 044c C2       		.byte	-62
 1126 044d EF       		.byte	-17
 1127 044e C4       		.byte	-60
 1128 044f 1F       		.byte	31
 1129 0450 CA       		.byte	-54
 1130 0451 3D       		.byte	61
 1131 0452 CC       		.byte	-52
 1132 0453 AF       		.byte	-81
 1133 0454 CE       		.byte	-50
 1134 0455 70       		.byte	112
 1135 0456 D0       		.byte	-48
 1136 0457 E0       		.byte	-32
 1137 0458 D2       		.byte	-46
 1138 0459 30       		.byte	48
 1139 045a D6       		.byte	-42
 1140 045b 30       		.byte	48
ARM GAS  C:\Users\cta10\AppData\Local\Temp\ccSpbotU.s 			page 21


 1141 045c D8       		.byte	-40
 1142 045d 30       		.byte	48
 1143 045e EA       		.byte	-22
 1144 045f 20       		.byte	32
 1145 0460 01       		.byte	1
 1146 0461 B0       		.byte	-80
 1147 0462 03       		.byte	3
 1148 0463 40       		.byte	64
 1149 0464 04       		.byte	4
 1150 0465 C5       		.byte	-59
 1151 0466 06       		.byte	6
 1152 0467 3A       		.byte	58
 1153 0468 07       		.byte	7
 1154 0469 F0       		.byte	-16
 1155 046a 08       		.byte	8
 1156 046b A3       		.byte	-93
 1157 046c 0A       		.byte	10
 1158 046d 5C       		.byte	92
 1159 046e 0B       		.byte	11
 1160 046f 04       		.byte	4
 1161 0470 0C       		.byte	12
 1162 0471 0E       		.byte	14
 1163 0472 0E       		.byte	14
 1164 0473 F0       		.byte	-16
 1165 0474 0F       		.byte	15
 1166 0475 01       		.byte	1
 1167 0476 11       		.byte	17
 1168 0477 02       		.byte	2
 1169 0478 13       		.byte	19
 1170 0479 04       		.byte	4
 1171 047a 14       		.byte	20
 1172 047b FE       		.byte	-2
 1173 047c 15       		.byte	21
 1174 047d C0       		.byte	-64
 1175 047e 16       		.byte	22
 1176 047f 01       		.byte	1
 1177 0480 17       		.byte	23
 1178 0481 20       		.byte	32
 1179 0482 18       		.byte	24
 1180 0483 96       		.byte	-106
 1181 0484 1A       		.byte	26
 1182 0485 68       		.byte	104
 1183 0486 1B       		.byte	27
 1184 0487 06       		.byte	6
 1185 0488 1D       		.byte	29
 1186 0489 C0       		.byte	-64
 1187 048a 1F       		.byte	31
 1188 048b 10       		.byte	16
 1189 048c 21       		.byte	33
 1190 048d 80       		.byte	-128
 1191 048e 23       		.byte	35
 1192 048f 10       		.byte	16
 1193 0490 25       		.byte	37
 1194 0491 70       		.byte	112
 1195 0492 26       		.byte	38
 1196 0493 01       		.byte	1
 1197 0494 28       		.byte	40
ARM GAS  C:\Users\cta10\AppData\Local\Temp\ccSpbotU.s 			page 22


 1198 0495 7F       		.byte	127
 1199 0496 2B       		.byte	43
 1200 0497 08       		.byte	8
 1201 0498 2F       		.byte	47
 1202 0499 02       		.byte	2
 1203 049a 30       		.byte	48
 1204 049b FF       		.byte	-1
 1205 049c 31       		.byte	49
 1206 049d 08       		.byte	8
 1207 049e 33       		.byte	51
 1208 049f 07       		.byte	7
 1209 04a0 35       		.byte	53
 1210 04a1 F0       		.byte	-16
 1211 04a2 37       		.byte	55
 1212 04a3 07       		.byte	7
 1213 04a4 3E       		.byte	62
 1214 04a5 01       		.byte	1
 1215 04a6 3F       		.byte	63
 1216 04a7 44       		.byte	68
 1217 04a8 56       		.byte	86
 1218 04a9 08       		.byte	8
 1219 04aa 58       		.byte	88
 1220 04ab 04       		.byte	4
 1221 04ac 59       		.byte	89
 1222 04ad 04       		.byte	4
 1223 04ae 5B       		.byte	91
 1224 04af 04       		.byte	4
 1225 04b0 5D       		.byte	93
 1226 04b1 90       		.byte	-112
 1227 04b2 5F       		.byte	95
 1228 04b3 01       		.byte	1
 1229 04b4 87       		.byte	-121
 1230 04b5 0F       		.byte	15
 1231 04b6 8C       		.byte	-116
 1232 04b7 0D       		.byte	13
 1233 04b8 8E       		.byte	-114
 1234 04b9 10       		.byte	16
 1235 04ba 90       		.byte	-112
 1236 04bb 01       		.byte	1
 1237 04bc 91       		.byte	-111
 1238 04bd 94       		.byte	-108
 1239 04be 92       		.byte	-110
 1240 04bf 04       		.byte	4
 1241 04c0 93       		.byte	-109
 1242 04c1 60       		.byte	96
 1243 04c2 94       		.byte	-108
 1244 04c3 1C       		.byte	28
 1245 04c4 95       		.byte	-107
 1246 04c5 30       		.byte	48
 1247 04c6 97       		.byte	-105
 1248 04c7 C9       		.byte	-55
 1249 04c8 99       		.byte	-103
 1250 04c9 CF       		.byte	-49
 1251 04ca 9A       		.byte	-102
 1252 04cb 02       		.byte	2
 1253 04cc 9B       		.byte	-101
 1254 04cd 30       		.byte	48
ARM GAS  C:\Users\cta10\AppData\Local\Temp\ccSpbotU.s 			page 23


 1255 04ce 9D       		.byte	-99
 1256 04cf FD       		.byte	-3
 1257 04d0 9F       		.byte	-97
 1258 04d1 02       		.byte	2
 1259 04d2 A1       		.byte	-95
 1260 04d3 9E       		.byte	-98
 1261 04d4 A3       		.byte	-93
 1262 04d5 60       		.byte	96
 1263 04d6 A4       		.byte	-92
 1264 04d7 11       		.byte	17
 1265 04d8 A6       		.byte	-90
 1266 04d9 04       		.byte	4
 1267 04da A9       		.byte	-87
 1268 04db 73       		.byte	115
 1269 04dc AA       		.byte	-86
 1270 04dd 1D       		.byte	29
 1271 04de AC       		.byte	-84
 1272 04df 11       		.byte	17
 1273 04e0 AE       		.byte	-82
 1274 04e1 08       		.byte	8
 1275 04e2 B0       		.byte	-80
 1276 04e3 1D       		.byte	29
 1277 04e4 B1       		.byte	-79
 1278 04e5 FF       		.byte	-1
 1279 04e6 B6       		.byte	-74
 1280 04e7 03       		.byte	3
 1281 04e8 BF       		.byte	-65
 1282 04e9 01       		.byte	1
 1283 04ea D4       		.byte	-44
 1284 04eb 01       		.byte	1
 1285 04ec D6       		.byte	-42
 1286 04ed 04       		.byte	4
 1287 04ee D8       		.byte	-40
 1288 04ef 04       		.byte	4
 1289 04f0 D9       		.byte	-39
 1290 04f1 04       		.byte	4
 1291 04f2 DB       		.byte	-37
 1292 04f3 04       		.byte	4
 1293 04f4 DD       		.byte	-35
 1294 04f5 20       		.byte	32
 1295 04f6 DF       		.byte	-33
 1296 04f7 01       		.byte	1
 1297 04f8 03       		.byte	3
 1298 04f9 02       		.byte	2
 1299 04fa 04       		.byte	4
 1300 04fb A8       		.byte	-88
 1301 04fc 06       		.byte	6
 1302 04fd 02       		.byte	2
 1303 04fe 08       		.byte	8
 1304 04ff 09       		.byte	9
 1305 0500 09       		.byte	9
 1306 0501 20       		.byte	32
 1307 0502 0D       		.byte	13
 1308 0503 08       		.byte	8
 1309 0504 0E       		.byte	14
 1310 0505 08       		.byte	8
 1311 0506 0F       		.byte	15
ARM GAS  C:\Users\cta10\AppData\Local\Temp\ccSpbotU.s 			page 24


 1312 0507 10       		.byte	16
 1313 0508 10       		.byte	16
 1314 0509 18       		.byte	24
 1315 050a 12       		.byte	18
 1316 050b 01       		.byte	1
 1317 050c 16       		.byte	22
 1318 050d 08       		.byte	8
 1319 050e 17       		.byte	23
 1320 050f 04       		.byte	4
 1321 0510 18       		.byte	24
 1322 0511 02       		.byte	2
 1323 0512 19       		.byte	25
 1324 0513 41       		.byte	65
 1325 0514 1E       		.byte	30
 1326 0515 40       		.byte	64
 1327 0516 21       		.byte	33
 1328 0517 02       		.byte	2
 1329 0518 24       		.byte	36
 1330 0519 08       		.byte	8
 1331 051a 26       		.byte	38
 1332 051b 02       		.byte	2
 1333 051c 27       		.byte	39
 1334 051d 2A       		.byte	42
 1335 051e 28       		.byte	40
 1336 051f 08       		.byte	8
 1337 0520 29       		.byte	41
 1338 0521 01       		.byte	1
 1339 0522 2A       		.byte	42
 1340 0523 01       		.byte	1
 1341 0524 2E       		.byte	46
 1342 0525 0A       		.byte	10
 1343 0526 2F       		.byte	47
 1344 0527 05       		.byte	5
 1345 0528 30       		.byte	48
 1346 0529 99       		.byte	-103
 1347 052a 31       		.byte	49
 1348 052b 10       		.byte	16
 1349 052c 35       		.byte	53
 1350 052d 80       		.byte	-128
 1351 052e 37       		.byte	55
 1352 052f 19       		.byte	25
 1353 0530 39       		.byte	57
 1354 0531 08       		.byte	8
 1355 0532 3C       		.byte	60
 1356 0533 05       		.byte	5
 1357 0534 3D       		.byte	61
 1358 0535 80       		.byte	-128
 1359 0536 3E       		.byte	62
 1360 0537 20       		.byte	32
 1361 0538 59       		.byte	89
 1362 0539 02       		.byte	2
 1363 053a 5A       		.byte	90
 1364 053b 18       		.byte	24
 1365 053c 5B       		.byte	91
 1366 053d 40       		.byte	64
 1367 053e 5C       		.byte	92
 1368 053f 90       		.byte	-112
ARM GAS  C:\Users\cta10\AppData\Local\Temp\ccSpbotU.s 			page 25


 1369 0540 63       		.byte	99
 1370 0541 40       		.byte	64
 1371 0542 65       		.byte	101
 1372 0543 20       		.byte	32
 1373 0544 66       		.byte	102
 1374 0545 60       		.byte	96
 1375 0546 67       		.byte	103
 1376 0547 02       		.byte	2
 1377 0548 6E       		.byte	110
 1378 0549 80       		.byte	-128
 1379 054a 6F       		.byte	111
 1380 054b 01       		.byte	1
 1381 054c 81       		.byte	-127
 1382 054d 40       		.byte	64
 1383 054e 84       		.byte	-124
 1384 054f 02       		.byte	2
 1385 0550 86       		.byte	-122
 1386 0551 01       		.byte	1
 1387 0552 88       		.byte	-120
 1388 0553 01       		.byte	1
 1389 0554 89       		.byte	-119
 1390 0555 12       		.byte	18
 1391 0556 8C       		.byte	-116
 1392 0557 01       		.byte	1
 1393 0558 8D       		.byte	-115
 1394 0559 19       		.byte	25
 1395 055a 90       		.byte	-112
 1396 055b E4       		.byte	-28
 1397 055c 91       		.byte	-111
 1398 055d 01       		.byte	1
 1399 055e 93       		.byte	-109
 1400 055f 18       		.byte	24
 1401 0560 95       		.byte	-107
 1402 0561 44       		.byte	68
 1403 0562 96       		.byte	-106
 1404 0563 40       		.byte	64
 1405 0564 97       		.byte	-105
 1406 0565 42       		.byte	66
 1407 0566 98       		.byte	-104
 1408 0567 80       		.byte	-128
 1409 0568 99       		.byte	-103
 1410 0569 10       		.byte	16
 1411 056a 9A       		.byte	-102
 1412 056b 0C       		.byte	12
 1413 056c 9B       		.byte	-101
 1414 056d 14       		.byte	20
 1415 056e 9C       		.byte	-100
 1416 056f 49       		.byte	73
 1417 0570 9D       		.byte	-99
 1418 0571 41       		.byte	65
 1419 0572 9E       		.byte	-98
 1420 0573 60       		.byte	96
 1421 0574 9F       		.byte	-97
 1422 0575 29       		.byte	41
 1423 0576 A1       		.byte	-95
 1424 0577 60       		.byte	96
 1425 0578 A2       		.byte	-94
ARM GAS  C:\Users\cta10\AppData\Local\Temp\ccSpbotU.s 			page 26


 1426 0579 04       		.byte	4
 1427 057a A4       		.byte	-92
 1428 057b 8A       		.byte	-118
 1429 057c A5       		.byte	-91
 1430 057d 14       		.byte	20
 1431 057e A6       		.byte	-90
 1432 057f 02       		.byte	2
 1433 0580 A7       		.byte	-89
 1434 0581 12       		.byte	18
 1435 0582 B1       		.byte	-79
 1436 0583 18       		.byte	24
 1437 0584 C0       		.byte	-64
 1438 0585 E1       		.byte	-31
 1439 0586 C2       		.byte	-62
 1440 0587 6E       		.byte	110
 1441 0588 C4       		.byte	-60
 1442 0589 67       		.byte	103
 1443 058a CA       		.byte	-54
 1444 058b F5       		.byte	-11
 1445 058c CC       		.byte	-52
 1446 058d FF       		.byte	-1
 1447 058e CE       		.byte	-50
 1448 058f F2       		.byte	-14
 1449 0590 D6       		.byte	-42
 1450 0591 3F       		.byte	63
 1451 0592 D8       		.byte	-40
 1452 0593 31       		.byte	49
 1453 0594 E8       		.byte	-24
 1454 0595 80       		.byte	-128
 1455 0596 02       		.byte	2
 1456 0597 08       		.byte	8
 1457 0598 03       		.byte	3
 1458 0599 01       		.byte	1
 1459 059a 05       		.byte	5
 1460 059b 06       		.byte	6
 1461 059c 07       		.byte	7
 1462 059d 18       		.byte	24
 1463 059e 08       		.byte	8
 1464 059f 02       		.byte	2
 1465 05a0 09       		.byte	9
 1466 05a1 D4       		.byte	-44
 1467 05a2 0A       		.byte	10
 1468 05a3 04       		.byte	4
 1469 05a4 0B       		.byte	11
 1470 05a5 0A       		.byte	10
 1471 05a6 0D       		.byte	13
 1472 05a7 01       		.byte	1
 1473 05a8 14       		.byte	20
 1474 05a9 02       		.byte	2
 1475 05aa 16       		.byte	22
 1476 05ab 04       		.byte	4
 1477 05ac 18       		.byte	24
 1478 05ad 04       		.byte	4
 1479 05ae 19       		.byte	25
 1480 05af BE       		.byte	-66
 1481 05b0 1A       		.byte	26
 1482 05b1 02       		.byte	2
ARM GAS  C:\Users\cta10\AppData\Local\Temp\ccSpbotU.s 			page 27


 1483 05b2 20       		.byte	32
 1484 05b3 02       		.byte	2
 1485 05b4 21       		.byte	33
 1486 05b5 D8       		.byte	-40
 1487 05b6 22       		.byte	34
 1488 05b7 05       		.byte	5
 1489 05b8 23       		.byte	35
 1490 05b9 06       		.byte	6
 1491 05ba 25       		.byte	37
 1492 05bb 6E       		.byte	110
 1493 05bc 29       		.byte	41
 1494 05bd 0A       		.byte	10
 1495 05be 2B       		.byte	43
 1496 05bf 14       		.byte	20
 1497 05c0 2F       		.byte	47
 1498 05c1 01       		.byte	1
 1499 05c2 32       		.byte	50
 1500 05c3 01       		.byte	1
 1501 05c4 33       		.byte	51
 1502 05c5 1E       		.byte	30
 1503 05c6 34       		.byte	52
 1504 05c7 06       		.byte	6
 1505 05c8 35       		.byte	53
 1506 05c9 01       		.byte	1
 1507 05ca 36       		.byte	54
 1508 05cb 08       		.byte	8
 1509 05cc 37       		.byte	55
 1510 05cd E0       		.byte	-32
 1511 05ce 39       		.byte	57
 1512 05cf 80       		.byte	-128
 1513 05d0 3A       		.byte	58
 1514 05d1 20       		.byte	32
 1515 05d2 3F       		.byte	63
 1516 05d3 10       		.byte	16
 1517 05d4 40       		.byte	64
 1518 05d5 23       		.byte	35
 1519 05d6 41       		.byte	65
 1520 05d7 04       		.byte	4
 1521 05d8 49       		.byte	73
 1522 05d9 FF       		.byte	-1
 1523 05da 4A       		.byte	74
 1524 05db FF       		.byte	-1
 1525 05dc 4B       		.byte	75
 1526 05dd FF       		.byte	-1
 1527 05de 4D       		.byte	77
 1528 05df A0       		.byte	-96
 1529 05e0 4F       		.byte	79
 1530 05e1 01       		.byte	1
 1531 05e2 50       		.byte	80
 1532 05e3 18       		.byte	24
 1533 05e4 52       		.byte	82
 1534 05e5 80       		.byte	-128
 1535 05e6 58       		.byte	88
 1536 05e7 04       		.byte	4
 1537 05e8 59       		.byte	89
 1538 05e9 04       		.byte	4
 1539 05ea 5A       		.byte	90
ARM GAS  C:\Users\cta10\AppData\Local\Temp\ccSpbotU.s 			page 28


 1540 05eb 04       		.byte	4
 1541 05ec 5B       		.byte	91
 1542 05ed 04       		.byte	4
 1543 05ee 5F       		.byte	95
 1544 05ef 01       		.byte	1
 1545 05f0 60       		.byte	96
 1546 05f1 40       		.byte	64
 1547 05f2 62       		.byte	98
 1548 05f3 80       		.byte	-128
 1549 05f4 64       		.byte	100
 1550 05f5 40       		.byte	64
 1551 05f6 65       		.byte	101
 1552 05f7 40       		.byte	64
 1553 05f8 66       		.byte	102
 1554 05f9 80       		.byte	-128
 1555 05fa 68       		.byte	104
 1556 05fb 40       		.byte	64
 1557 05fc 6A       		.byte	106
 1558 05fd 80       		.byte	-128
 1559 05fe 6C       		.byte	108
 1560 05ff 40       		.byte	64
 1561 0600 6D       		.byte	109
 1562 0601 20       		.byte	32
 1563 0602 6E       		.byte	110
 1564 0603 80       		.byte	-128
 1565 0604 84       		.byte	-124
 1566 0605 01       		.byte	1
 1567 0606 8F       		.byte	-113
 1568 0607 02       		.byte	2
 1569 0608 9B       		.byte	-101
 1570 0609 01       		.byte	1
 1571 060a A2       		.byte	-94
 1572 060b 02       		.byte	2
 1573 060c A6       		.byte	-90
 1574 060d 01       		.byte	1
 1575 060e AD       		.byte	-83
 1576 060f 02       		.byte	2
 1577 0610 B4       		.byte	-76
 1578 0611 01       		.byte	1
 1579 0612 B5       		.byte	-75
 1580 0613 01       		.byte	1
 1581 0614 B6       		.byte	-74
 1582 0615 02       		.byte	2
 1583 0616 B7       		.byte	-73
 1584 0617 02       		.byte	2
 1585 0618 BE       		.byte	-66
 1586 0619 10       		.byte	16
 1587 061a BF       		.byte	-65
 1588 061b 40       		.byte	64
 1589 061c C0       		.byte	-64
 1590 061d 23       		.byte	35
 1591 061e C1       		.byte	-63
 1592 061f 04       		.byte	4
 1593 0620 C5       		.byte	-59
 1594 0621 03       		.byte	3
 1595 0622 C6       		.byte	-58
 1596 0623 C4       		.byte	-60
ARM GAS  C:\Users\cta10\AppData\Local\Temp\ccSpbotU.s 			page 29


 1597 0624 C7       		.byte	-57
 1598 0625 2E       		.byte	46
 1599 0626 C8       		.byte	-56
 1600 0627 3D       		.byte	61
 1601 0628 C9       		.byte	-55
 1602 0629 FF       		.byte	-1
 1603 062a CA       		.byte	-54
 1604 062b FF       		.byte	-1
 1605 062c CB       		.byte	-53
 1606 062d FF       		.byte	-1
 1607 062e CD       		.byte	-51
 1608 062f AF       		.byte	-81
 1609 0630 CE       		.byte	-50
 1610 0631 07       		.byte	7
 1611 0632 CF       		.byte	-49
 1612 0633 01       		.byte	1
 1613 0634 D0       		.byte	-48
 1614 0635 18       		.byte	24
 1615 0636 D4       		.byte	-44
 1616 0637 0F       		.byte	15
 1617 0638 D8       		.byte	-40
 1618 0639 04       		.byte	4
 1619 063a D9       		.byte	-39
 1620 063b 04       		.byte	4
 1621 063c DA       		.byte	-38
 1622 063d 04       		.byte	4
 1623 063e DB       		.byte	-37
 1624 063f 04       		.byte	4
 1625 0640 DF       		.byte	-33
 1626 0641 05       		.byte	5
 1627 0642 E0       		.byte	-32
 1628 0643 40       		.byte	64
 1629 0644 E2       		.byte	-30
 1630 0645 80       		.byte	-128
 1631 0646 E4       		.byte	-28
 1632 0647 40       		.byte	64
 1633 0648 E5       		.byte	-27
 1634 0649 40       		.byte	64
 1635 064a E6       		.byte	-26
 1636 064b 80       		.byte	-128
 1637 064c E8       		.byte	-24
 1638 064d 40       		.byte	64
 1639 064e EA       		.byte	-22
 1640 064f 80       		.byte	-128
 1641 0650 EC       		.byte	-20
 1642 0651 40       		.byte	64
 1643 0652 ED       		.byte	-19
 1644 0653 20       		.byte	32
 1645 0654 EE       		.byte	-18
 1646 0655 80       		.byte	-128
 1647 0656 00       		.byte	0
 1648 0657 08       		.byte	8
 1649 0658 05       		.byte	5
 1650 0659 02       		.byte	2
 1651 065a 07       		.byte	7
 1652 065b 04       		.byte	4
 1653 065c 0E       		.byte	14
ARM GAS  C:\Users\cta10\AppData\Local\Temp\ccSpbotU.s 			page 30


 1654 065d 14       		.byte	20
 1655 065e 10       		.byte	16
 1656 065f A0       		.byte	-96
 1657 0660 17       		.byte	23
 1658 0661 01       		.byte	1
 1659 0662 19       		.byte	25
 1660 0663 40       		.byte	64
 1661 0664 1A       		.byte	26
 1662 0665 09       		.byte	9
 1663 0666 1C       		.byte	28
 1664 0667 01       		.byte	1
 1665 0668 1E       		.byte	30
 1666 0669 14       		.byte	20
 1667 066a 20       		.byte	32
 1668 066b 08       		.byte	8
 1669 066c 22       		.byte	34
 1670 066d 40       		.byte	64
 1671 066e 24       		.byte	36
 1672 066f 26       		.byte	38
 1673 0670 25       		.byte	37
 1674 0671 14       		.byte	20
 1675 0672 26       		.byte	38
 1676 0673 80       		.byte	-128
 1677 0674 27       		.byte	39
 1678 0675 10       		.byte	16
 1679 0676 29       		.byte	41
 1680 0677 40       		.byte	64
 1681 0678 2C       		.byte	44
 1682 0679 01       		.byte	1
 1683 067a 2D       		.byte	45
 1684 067b 08       		.byte	8
 1685 067c 2E       		.byte	46
 1686 067d 02       		.byte	2
 1687 067e 2F       		.byte	47
 1688 067f 09       		.byte	9
 1689 0680 30       		.byte	48
 1690 0681 20       		.byte	32
 1691 0682 37       		.byte	55
 1692 0683 10       		.byte	16
 1693 0684 39       		.byte	57
 1694 0685 80       		.byte	-128
 1695 0686 3C       		.byte	60
 1696 0687 02       		.byte	2
 1697 0688 3E       		.byte	62
 1698 0689 64       		.byte	100
 1699 068a 40       		.byte	64
 1700 068b A4       		.byte	-92
 1701 068c 44       		.byte	68
 1702 068d A0       		.byte	-96
 1703 068e 45       		.byte	69
 1704 068f 10       		.byte	16
 1705 0690 46       		.byte	70
 1706 0691 40       		.byte	64
 1707 0692 47       		.byte	71
 1708 0693 08       		.byte	8
 1709 0694 48       		.byte	72
 1710 0695 20       		.byte	32
ARM GAS  C:\Users\cta10\AppData\Local\Temp\ccSpbotU.s 			page 31


 1711 0696 50       		.byte	80
 1712 0697 80       		.byte	-128
 1713 0698 51       		.byte	81
 1714 0699 4A       		.byte	74
 1715 069a 52       		.byte	82
 1716 069b 10       		.byte	16
 1717 069c 5A       		.byte	90
 1718 069d 8A       		.byte	-118
 1719 069e 5B       		.byte	91
 1720 069f 20       		.byte	32
 1721 06a0 61       		.byte	97
 1722 06a1 08       		.byte	8
 1723 06a2 62       		.byte	98
 1724 06a3 10       		.byte	16
 1725 06a4 74       		.byte	116
 1726 06a5 01       		.byte	1
 1727 06a6 7A       		.byte	122
 1728 06a7 80       		.byte	-128
 1729 06a8 8A       		.byte	-118
 1730 06a9 04       		.byte	4
 1731 06aa 8E       		.byte	-114
 1732 06ab 22       		.byte	34
 1733 06ac 9B       		.byte	-101
 1734 06ad 01       		.byte	1
 1735 06ae B3       		.byte	-77
 1736 06af 01       		.byte	1
 1737 06b0 C0       		.byte	-64
 1738 06b1 54       		.byte	84
 1739 06b2 C2       		.byte	-62
 1740 06b3 60       		.byte	96
 1741 06b4 C4       		.byte	-60
 1742 06b5 1C       		.byte	28
 1743 06b6 CA       		.byte	-54
 1744 06b7 F8       		.byte	-8
 1745 06b8 CC       		.byte	-52
 1746 06b9 24       		.byte	36
 1747 06ba CE       		.byte	-50
 1748 06bb F8       		.byte	-8
 1749 06bc D0       		.byte	-48
 1750 06bd E7       		.byte	-25
 1751 06be D6       		.byte	-42
 1752 06bf 0F       		.byte	15
 1753 06c0 D8       		.byte	-40
 1754 06c1 06       		.byte	6
 1755 06c2 DE       		.byte	-34
 1756 06c3 01       		.byte	1
 1757 06c4 E0       		.byte	-32
 1758 06c5 40       		.byte	64
 1759 06c6 E4       		.byte	-28
 1760 06c7 40       		.byte	64
 1761 06c8 E6       		.byte	-26
 1762 06c9 20       		.byte	32
 1763 06ca EC       		.byte	-20
 1764 06cb 20       		.byte	32
 1765 06cc EA       		.byte	-22
 1766 06cd 10       		.byte	16
 1767 06ce E2       		.byte	-30
ARM GAS  C:\Users\cta10\AppData\Local\Temp\ccSpbotU.s 			page 32


 1768 06cf 42       		.byte	66
 1769 06d0 E6       		.byte	-26
 1770 06d1 03       		.byte	3
 1771 06d2 E2       		.byte	-30
 1772 06d3 08       		.byte	8
 1773 06d4 04       		.byte	4
 1774 06d5 28       		.byte	40
 1775 06d6 05       		.byte	5
 1776 06d7 13       		.byte	19
 1777 06d8 06       		.byte	6
 1778 06d9 13       		.byte	19
 1779 06da 07       		.byte	7
 1780 06db 04       		.byte	4
 1781 06dc 0E       		.byte	14
 1782 06dd 02       		.byte	2
 1783 06de 10       		.byte	16
 1784 06df 16       		.byte	22
 1785 06e0 12       		.byte	18
 1786 06e1 29       		.byte	41
 1787 06e2 13       		.byte	19
 1788 06e3 08       		.byte	8
 1789 06e4 15       		.byte	21
 1790 06e5 13       		.byte	19
 1791 06e6 17       		.byte	23
 1792 06e7 0C       		.byte	12
 1793 06e8 19       		.byte	25
 1794 06e9 20       		.byte	32
 1795 06ea 1B       		.byte	27
 1796 06eb 05       		.byte	5
 1797 06ec 1D       		.byte	29
 1798 06ed 03       		.byte	3
 1799 06ee 1E       		.byte	30
 1800 06ef 16       		.byte	22
 1801 06f0 1F       		.byte	31
 1802 06f1 04       		.byte	4
 1803 06f2 22       		.byte	34
 1804 06f3 20       		.byte	32
 1805 06f4 26       		.byte	38
 1806 06f5 29       		.byte	41
 1807 06f6 28       		.byte	40
 1808 06f7 28       		.byte	40
 1809 06f8 2A       		.byte	42
 1810 06f9 15       		.byte	21
 1811 06fa 2D       		.byte	45
 1812 06fb 0A       		.byte	10
 1813 06fc 2F       		.byte	47
 1814 06fd 14       		.byte	20
 1815 06fe 30       		.byte	48
 1816 06ff 1B       		.byte	27
 1817 0700 31       		.byte	49
 1818 0701 30       		.byte	48
 1819 0702 32       		.byte	50
 1820 0703 20       		.byte	32
 1821 0704 33       		.byte	51
 1822 0705 0F       		.byte	15
 1823 0706 34       		.byte	52
 1824 0707 07       		.byte	7
ARM GAS  C:\Users\cta10\AppData\Local\Temp\ccSpbotU.s 			page 33


 1825 0708 39       		.byte	57
 1826 0709 02       		.byte	2
 1827 070a 3A       		.byte	58
 1828 070b 22       		.byte	34
 1829 070c 3B       		.byte	59
 1830 070d 08       		.byte	8
 1831 070e 3E       		.byte	62
 1832 070f 04       		.byte	4
 1833 0710 40       		.byte	64
 1834 0711 35       		.byte	53
 1835 0712 41       		.byte	65
 1836 0713 02       		.byte	2
 1837 0714 45       		.byte	69
 1838 0715 0B       		.byte	11
 1839 0716 46       		.byte	70
 1840 0717 EC       		.byte	-20
 1841 0718 48       		.byte	72
 1842 0719 0D       		.byte	13
 1843 071a 49       		.byte	73
 1844 071b FF       		.byte	-1
 1845 071c 4A       		.byte	74
 1846 071d FF       		.byte	-1
 1847 071e 4B       		.byte	75
 1848 071f FF       		.byte	-1
 1849 0720 4E       		.byte	78
 1850 0721 F0       		.byte	-16
 1851 0722 4F       		.byte	79
 1852 0723 44       		.byte	68
 1853 0724 50       		.byte	80
 1854 0725 0C       		.byte	12
 1855 0726 58       		.byte	88
 1856 0727 04       		.byte	4
 1857 0728 59       		.byte	89
 1858 0729 04       		.byte	4
 1859 072a 5A       		.byte	90
 1860 072b 04       		.byte	4
 1861 072c 5C       		.byte	92
 1862 072d 22       		.byte	34
 1863 072e 5D       		.byte	93
 1864 072f 02       		.byte	2
 1865 0730 5F       		.byte	95
 1866 0731 01       		.byte	1
 1867 0732 66       		.byte	102
 1868 0733 C0       		.byte	-64
 1869 0734 6A       		.byte	106
 1870 0735 40       		.byte	64
 1871 0736 6B       		.byte	107
 1872 0737 02       		.byte	2
 1873 0738 80       		.byte	-128
 1874 0739 01       		.byte	1
 1875 073a 84       		.byte	-124
 1876 073b 01       		.byte	1
 1877 073c 85       		.byte	-123
 1878 073d 04       		.byte	4
 1879 073e 8A       		.byte	-118
 1880 073f 02       		.byte	2
 1881 0740 8C       		.byte	-116
ARM GAS  C:\Users\cta10\AppData\Local\Temp\ccSpbotU.s 			page 34


 1882 0741 08       		.byte	8
 1883 0742 8F       		.byte	-113
 1884 0743 01       		.byte	1
 1885 0744 91       		.byte	-111
 1886 0745 04       		.byte	4
 1887 0746 95       		.byte	-107
 1888 0747 04       		.byte	4
 1889 0748 96       		.byte	-106
 1890 0749 04       		.byte	4
 1891 074a 99       		.byte	-103
 1892 074b 04       		.byte	4
 1893 074c 9E       		.byte	-98
 1894 074d 02       		.byte	2
 1895 074e 9F       		.byte	-97
 1896 074f 02       		.byte	2
 1897 0750 A2       		.byte	-94
 1898 0751 04       		.byte	4
 1899 0752 A4       		.byte	-92
 1900 0753 01       		.byte	1
 1901 0754 B0       		.byte	-80
 1902 0755 02       		.byte	2
 1903 0756 B2       		.byte	-78
 1904 0757 04       		.byte	4
 1905 0758 B3       		.byte	-77
 1906 0759 04       		.byte	4
 1907 075a B4       		.byte	-76
 1908 075b 01       		.byte	1
 1909 075c B5       		.byte	-75
 1910 075d 01       		.byte	1
 1911 075e B6       		.byte	-74
 1912 075f 08       		.byte	8
 1913 0760 B7       		.byte	-73
 1914 0761 02       		.byte	2
 1915 0762 BE       		.byte	-66
 1916 0763 45       		.byte	69
 1917 0764 BF       		.byte	-65
 1918 0765 04       		.byte	4
 1919 0766 D4       		.byte	-44
 1920 0767 18       		.byte	24
 1921 0768 D6       		.byte	-42
 1922 0769 04       		.byte	4
 1923 076a D8       		.byte	-40
 1924 076b 04       		.byte	4
 1925 076c D9       		.byte	-39
 1926 076d 04       		.byte	4
 1927 076e DB       		.byte	-37
 1928 076f 04       		.byte	4
 1929 0770 DC       		.byte	-36
 1930 0771 02       		.byte	2
 1931 0772 DD       		.byte	-35
 1932 0773 20       		.byte	32
 1933 0774 DF       		.byte	-33
 1934 0775 01       		.byte	1
 1935 0776 00       		.byte	0
 1936 0777 84       		.byte	-124
 1937 0778 04       		.byte	4
 1938 0779 02       		.byte	2
ARM GAS  C:\Users\cta10\AppData\Local\Temp\ccSpbotU.s 			page 35


 1939 077a 06       		.byte	6
 1940 077b 06       		.byte	6
 1941 077c 07       		.byte	7
 1942 077d 10       		.byte	16
 1943 077e 0A       		.byte	10
 1944 077f 42       		.byte	66
 1945 0780 0D       		.byte	13
 1946 0781 08       		.byte	8
 1947 0782 0E       		.byte	14
 1948 0783 01       		.byte	1
 1949 0784 10       		.byte	16
 1950 0785 A0       		.byte	-96
 1951 0786 12       		.byte	18
 1952 0787 08       		.byte	8
 1953 0788 15       		.byte	21
 1954 0789 01       		.byte	1
 1955 078a 17       		.byte	23
 1956 078b 04       		.byte	4
 1957 078c 18       		.byte	24
 1958 078d 0C       		.byte	12
 1959 078e 1A       		.byte	26
 1960 078f 40       		.byte	64
 1961 0790 1B       		.byte	27
 1962 0791 09       		.byte	9
 1963 0792 1F       		.byte	31
 1964 0793 A5       		.byte	-91
 1965 0794 21       		.byte	33
 1966 0795 04       		.byte	4
 1967 0796 22       		.byte	34
 1968 0797 09       		.byte	9
 1969 0798 25       		.byte	37
 1970 0799 40       		.byte	64
 1971 079a 26       		.byte	38
 1972 079b 14       		.byte	20
 1973 079c 2B       		.byte	43
 1974 079d 01       		.byte	1
 1975 079e 30       		.byte	48
 1976 079f A0       		.byte	-96
 1977 07a0 32       		.byte	50
 1978 07a1 09       		.byte	9
 1979 07a2 35       		.byte	53
 1980 07a3 05       		.byte	5
 1981 07a4 36       		.byte	54
 1982 07a5 A0       		.byte	-96
 1983 07a6 38       		.byte	56
 1984 07a7 08       		.byte	8
 1985 07a8 3D       		.byte	61
 1986 07a9 80       		.byte	-128
 1987 07aa 3E       		.byte	62
 1988 07ab 04       		.byte	4
 1989 07ac 40       		.byte	64
 1990 07ad 04       		.byte	4
 1991 07ae 41       		.byte	65
 1992 07af 04       		.byte	4
 1993 07b0 4A       		.byte	74
 1994 07b1 02       		.byte	2
 1995 07b2 4B       		.byte	75
ARM GAS  C:\Users\cta10\AppData\Local\Temp\ccSpbotU.s 			page 36


 1996 07b3 04       		.byte	4
 1997 07b4 50       		.byte	80
 1998 07b5 80       		.byte	-128
 1999 07b6 51       		.byte	81
 2000 07b7 50       		.byte	80
 2001 07b8 5E       		.byte	94
 2002 07b9 02       		.byte	2
 2003 07ba 64       		.byte	100
 2004 07bb 80       		.byte	-128
 2005 07bc 67       		.byte	103
 2006 07bd 0A       		.byte	10
 2007 07be 7B       		.byte	123
 2008 07bf 30       		.byte	48
 2009 07c0 80       		.byte	-128
 2010 07c1 04       		.byte	4
 2011 07c2 83       		.byte	-125
 2012 07c3 80       		.byte	-128
 2013 07c4 84       		.byte	-124
 2014 07c5 80       		.byte	-128
 2015 07c6 86       		.byte	-122
 2016 07c7 02       		.byte	2
 2017 07c8 89       		.byte	-119
 2018 07c9 40       		.byte	64
 2019 07ca 8A       		.byte	-118
 2020 07cb 08       		.byte	8
 2021 07cc 8B       		.byte	-117
 2022 07cd 01       		.byte	1
 2023 07ce 8F       		.byte	-113
 2024 07cf 48       		.byte	72
 2025 07d0 90       		.byte	-112
 2026 07d1 02       		.byte	2
 2027 07d2 91       		.byte	-111
 2028 07d3 01       		.byte	1
 2029 07d4 92       		.byte	-110
 2030 07d5 05       		.byte	5
 2031 07d6 94       		.byte	-108
 2032 07d7 04       		.byte	4
 2033 07d8 95       		.byte	-107
 2034 07d9 A0       		.byte	-96
 2035 07da 96       		.byte	-106
 2036 07db 42       		.byte	66
 2037 07dc 97       		.byte	-105
 2038 07dd 04       		.byte	4
 2039 07de 99       		.byte	-103
 2040 07df 05       		.byte	5
 2041 07e0 9A       		.byte	-102
 2042 07e1 04       		.byte	4
 2043 07e2 9B       		.byte	-101
 2044 07e3 14       		.byte	20
 2045 07e4 9F       		.byte	-97
 2046 07e5 40       		.byte	64
 2047 07e6 A0       		.byte	-96
 2048 07e7 60       		.byte	96
 2049 07e8 A1       		.byte	-95
 2050 07e9 08       		.byte	8
 2051 07ea A2       		.byte	-94
 2052 07eb A3       		.byte	-93
ARM GAS  C:\Users\cta10\AppData\Local\Temp\ccSpbotU.s 			page 37


 2053 07ec A6       		.byte	-90
 2054 07ed 1C       		.byte	28
 2055 07ee A7       		.byte	-89
 2056 07ef 10       		.byte	16
 2057 07f0 A9       		.byte	-87
 2058 07f1 02       		.byte	2
 2059 07f2 AC       		.byte	-84
 2060 07f3 88       		.byte	-120
 2061 07f4 AD       		.byte	-83
 2062 07f5 04       		.byte	4
 2063 07f6 C0       		.byte	-64
 2064 07f7 F5       		.byte	-11
 2065 07f8 C2       		.byte	-62
 2066 07f9 A9       		.byte	-87
 2067 07fa C4       		.byte	-60
 2068 07fb 3E       		.byte	62
 2069 07fc CA       		.byte	-54
 2070 07fd 08       		.byte	8
 2071 07fe CC       		.byte	-52
 2072 07ff FF       		.byte	-1
 2073 0800 CE       		.byte	-50
 2074 0801 52       		.byte	82
 2075 0802 D0       		.byte	-48
 2076 0803 06       		.byte	6
 2077 0804 D2       		.byte	-46
 2078 0805 08       		.byte	8
 2079 0806 D6       		.byte	-42
 2080 0807 80       		.byte	-128
 2081 0808 D8       		.byte	-40
 2082 0809 B0       		.byte	-80
 2083 080a E2       		.byte	-30
 2084 080b 40       		.byte	64
 2085 080c E4       		.byte	-28
 2086 080d 01       		.byte	1
 2087 080e E8       		.byte	-24
 2088 080f 01       		.byte	1
 2089 0810 EA       		.byte	-22
 2090 0811 0A       		.byte	10
 2091 0812 00       		.byte	0
 2092 0813 FF       		.byte	-1
 2093 0814 01       		.byte	1
 2094 0815 04       		.byte	4
 2095 0816 04       		.byte	4
 2096 0817 3C       		.byte	60
 2097 0818 05       		.byte	5
 2098 0819 02       		.byte	2
 2099 081a 06       		.byte	6
 2100 081b C1       		.byte	-63
 2101 081c 08       		.byte	8
 2102 081d 08       		.byte	8
 2103 081e 0B       		.byte	11
 2104 081f 09       		.byte	9
 2105 0820 0E       		.byte	14
 2106 0821 0C       		.byte	12
 2107 0822 10       		.byte	16
 2108 0823 04       		.byte	4
 2109 0824 11       		.byte	17
ARM GAS  C:\Users\cta10\AppData\Local\Temp\ccSpbotU.s 			page 38


 2110 0825 09       		.byte	9
 2111 0826 12       		.byte	18
 2112 0827 08       		.byte	8
 2113 0828 15       		.byte	21
 2114 0829 07       		.byte	7
 2115 082a 16       		.byte	22
 2116 082b C3       		.byte	-61
 2117 082c 17       		.byte	23
 2118 082d 18       		.byte	24
 2119 082e 18       		.byte	24
 2120 082f 7C       		.byte	124
 2121 0830 19       		.byte	25
 2122 0831 19       		.byte	25
 2123 0832 1A       		.byte	26
 2124 0833 82       		.byte	-126
 2125 0834 1B       		.byte	27
 2126 0835 06       		.byte	6
 2127 0836 1C       		.byte	28
 2128 0837 CF       		.byte	-49
 2129 0838 1D       		.byte	29
 2130 0839 1F       		.byte	31
 2131 083a 1E       		.byte	30
 2132 083b 30       		.byte	48
 2133 083c 20       		.byte	32
 2134 083d 04       		.byte	4
 2135 083e 24       		.byte	36
 2136 083f 10       		.byte	16
 2137 0840 25       		.byte	37
 2138 0841 06       		.byte	6
 2139 0842 27       		.byte	39
 2140 0843 19       		.byte	25
 2141 0844 28       		.byte	40
 2142 0845 30       		.byte	48
 2143 0846 29       		.byte	41
 2144 0847 06       		.byte	6
 2145 0848 2C       		.byte	44
 2146 0849 20       		.byte	32
 2147 084a 31       		.byte	49
 2148 084b 08       		.byte	8
 2149 084c 32       		.byte	50
 2150 084d B0       		.byte	-80
 2151 084e 33       		.byte	51
 2152 084f 10       		.byte	16
 2153 0850 34       		.byte	52
 2154 0851 3F       		.byte	63
 2155 0852 35       		.byte	53
 2156 0853 07       		.byte	7
 2157 0854 36       		.byte	54
 2158 0855 70       		.byte	112
 2159 0856 39       		.byte	57
 2160 0857 08       		.byte	8
 2161 0858 3A       		.byte	58
 2162 0859 28       		.byte	40
 2163 085a 3B       		.byte	59
 2164 085b 20       		.byte	32
 2165 085c 56       		.byte	86
 2166 085d 02       		.byte	2
ARM GAS  C:\Users\cta10\AppData\Local\Temp\ccSpbotU.s 			page 39


 2167 085e 57       		.byte	87
 2168 085f 12       		.byte	18
 2169 0860 58       		.byte	88
 2170 0861 04       		.byte	4
 2171 0862 59       		.byte	89
 2172 0863 04       		.byte	4
 2173 0864 5B       		.byte	91
 2174 0865 04       		.byte	4
 2175 0866 5C       		.byte	92
 2176 0867 22       		.byte	34
 2177 0868 5D       		.byte	93
 2178 0869 20       		.byte	32
 2179 086a 5F       		.byte	95
 2180 086b 01       		.byte	1
 2181 086c 84       		.byte	-124
 2182 086d 0C       		.byte	12
 2183 086e 86       		.byte	-122
 2184 086f 11       		.byte	17
 2185 0870 89       		.byte	-119
 2186 0871 01       		.byte	1
 2187 0872 8A       		.byte	-118
 2188 0873 03       		.byte	3
 2189 0874 8C       		.byte	-116
 2190 0875 10       		.byte	16
 2191 0876 90       		.byte	-112
 2192 0877 1C       		.byte	28
 2193 0878 92       		.byte	-110
 2194 0879 02       		.byte	2
 2195 087a 98       		.byte	-104
 2196 087b 14       		.byte	20
 2197 087c 9C       		.byte	-100
 2198 087d 09       		.byte	9
 2199 087e 9E       		.byte	-98
 2200 087f 10       		.byte	16
 2201 0880 A5       		.byte	-91
 2202 0881 02       		.byte	2
 2203 0882 A8       		.byte	-88
 2204 0883 10       		.byte	16
 2205 0884 AA       		.byte	-86
 2206 0885 0C       		.byte	12
 2207 0886 B2       		.byte	-78
 2208 0887 1F       		.byte	31
 2209 0888 B3       		.byte	-77
 2210 0889 01       		.byte	1
 2211 088a B7       		.byte	-73
 2212 088b 02       		.byte	2
 2213 088c BA       		.byte	-70
 2214 088d 02       		.byte	2
 2215 088e BF       		.byte	-65
 2216 088f 44       		.byte	68
 2217 0890 D6       		.byte	-42
 2218 0891 08       		.byte	8
 2219 0892 D8       		.byte	-40
 2220 0893 04       		.byte	4
 2221 0894 D9       		.byte	-39
 2222 0895 04       		.byte	4
 2223 0896 DB       		.byte	-37
ARM GAS  C:\Users\cta10\AppData\Local\Temp\ccSpbotU.s 			page 40


 2224 0897 04       		.byte	4
 2225 0898 DC       		.byte	-36
 2226 0899 02       		.byte	2
 2227 089a DD       		.byte	-35
 2228 089b 90       		.byte	-112
 2229 089c DF       		.byte	-33
 2230 089d 01       		.byte	1
 2231 089e 00       		.byte	0
 2232 089f 94       		.byte	-108
 2233 08a0 04       		.byte	4
 2234 08a1 40       		.byte	64
 2235 08a2 05       		.byte	5
 2236 08a3 25       		.byte	37
 2237 08a4 0A       		.byte	10
 2238 08a5 42       		.byte	66
 2239 08a6 0B       		.byte	11
 2240 08a7 04       		.byte	4
 2241 08a8 0D       		.byte	13
 2242 08a9 80       		.byte	-128
 2243 08aa 0E       		.byte	14
 2244 08ab 84       		.byte	-124
 2245 08ac 0F       		.byte	15
 2246 08ad 20       		.byte	32
 2247 08ae 12       		.byte	18
 2248 08af 08       		.byte	8
 2249 08b0 14       		.byte	20
 2250 08b1 04       		.byte	4
 2251 08b2 16       		.byte	22
 2252 08b3 41       		.byte	65
 2253 08b4 17       		.byte	23
 2254 08b5 28       		.byte	40
 2255 08b6 18       		.byte	24
 2256 08b7 10       		.byte	16
 2257 08b8 19       		.byte	25
 2258 08b9 09       		.byte	9
 2259 08ba 1D       		.byte	29
 2260 08bb 04       		.byte	4
 2261 08bc 1E       		.byte	30
 2262 08bd 05       		.byte	5
 2263 08be 22       		.byte	34
 2264 08bf 44       		.byte	68
 2265 08c0 25       		.byte	37
 2266 08c1 08       		.byte	8
 2267 08c2 26       		.byte	38
 2268 08c3 21       		.byte	33
 2269 08c4 29       		.byte	41
 2270 08c5 08       		.byte	8
 2271 08c6 2C       		.byte	44
 2272 08c7 04       		.byte	4
 2273 08c8 2E       		.byte	46
 2274 08c9 04       		.byte	4
 2275 08ca 34       		.byte	52
 2276 08cb 40       		.byte	64
 2277 08cc 35       		.byte	53
 2278 08cd 04       		.byte	4
 2279 08ce 36       		.byte	54
 2280 08cf 20       		.byte	32
ARM GAS  C:\Users\cta10\AppData\Local\Temp\ccSpbotU.s 			page 41


 2281 08d0 37       		.byte	55
 2282 08d1 02       		.byte	2
 2283 08d2 39       		.byte	57
 2284 08d3 30       		.byte	48
 2285 08d4 3E       		.byte	62
 2286 08d5 0A       		.byte	10
 2287 08d6 3F       		.byte	63
 2288 08d7 20       		.byte	32
 2289 08d8 58       		.byte	88
 2290 08d9 80       		.byte	-128
 2291 08da 5E       		.byte	94
 2292 08db 08       		.byte	8
 2293 08dc 62       		.byte	98
 2294 08dd 80       		.byte	-128
 2295 08de 64       		.byte	100
 2296 08df 40       		.byte	64
 2297 08e0 65       		.byte	101
 2298 08e1 01       		.byte	1
 2299 08e2 6C       		.byte	108
 2300 08e3 01       		.byte	1
 2301 08e4 6D       		.byte	109
 2302 08e5 24       		.byte	36
 2303 08e6 6F       		.byte	111
 2304 08e7 14       		.byte	20
 2305 08e8 76       		.byte	118
 2306 08e9 0B       		.byte	11
 2307 08ea 77       		.byte	119
 2308 08eb 28       		.byte	40
 2309 08ec 7D       		.byte	125
 2310 08ed 08       		.byte	8
 2311 08ee 7E       		.byte	126
 2312 08ef 20       		.byte	32
 2313 08f0 80       		.byte	-128
 2314 08f1 20       		.byte	32
 2315 08f2 81       		.byte	-127
 2316 08f3 80       		.byte	-128
 2317 08f4 82       		.byte	-126
 2318 08f5 22       		.byte	34
 2319 08f6 88       		.byte	-120
 2320 08f7 40       		.byte	64
 2321 08f8 8E       		.byte	-114
 2322 08f9 40       		.byte	64
 2323 08fa 90       		.byte	-112
 2324 08fb 40       		.byte	64
 2325 08fc 91       		.byte	-111
 2326 08fd 01       		.byte	1
 2327 08fe 95       		.byte	-107
 2328 08ff 9C       		.byte	-100
 2329 0900 96       		.byte	-106
 2330 0901 09       		.byte	9
 2331 0902 99       		.byte	-103
 2332 0903 20       		.byte	32
 2333 0904 9A       		.byte	-102
 2334 0905 44       		.byte	68
 2335 0906 9B       		.byte	-101
 2336 0907 02       		.byte	2
 2337 0908 9C       		.byte	-100
ARM GAS  C:\Users\cta10\AppData\Local\Temp\ccSpbotU.s 			page 42


 2338 0909 40       		.byte	64
 2339 090a 9F       		.byte	-97
 2340 090b 40       		.byte	64
 2341 090c A1       		.byte	-95
 2342 090d 02       		.byte	2
 2343 090e A2       		.byte	-94
 2344 090f 40       		.byte	64
 2345 0910 A4       		.byte	-92
 2346 0911 08       		.byte	8
 2347 0912 A5       		.byte	-91
 2348 0913 14       		.byte	20
 2349 0914 A6       		.byte	-90
 2350 0915 10       		.byte	16
 2351 0916 A7       		.byte	-89
 2352 0917 10       		.byte	16
 2353 0918 A8       		.byte	-88
 2354 0919 98       		.byte	-104
 2355 091a A9       		.byte	-87
 2356 091b 40       		.byte	64
 2357 091c AA       		.byte	-86
 2358 091d 10       		.byte	16
 2359 091e AB       		.byte	-85
 2360 091f 02       		.byte	2
 2361 0920 B2       		.byte	-78
 2362 0921 10       		.byte	16
 2363 0922 B4       		.byte	-76
 2364 0923 11       		.byte	17
 2365 0924 B5       		.byte	-75
 2366 0925 80       		.byte	-128
 2367 0926 C0       		.byte	-64
 2368 0927 F7       		.byte	-9
 2369 0928 C2       		.byte	-62
 2370 0929 FB       		.byte	-5
 2371 092a C4       		.byte	-60
 2372 092b F2       		.byte	-14
 2373 092c CA       		.byte	-54
 2374 092d 62       		.byte	98
 2375 092e CC       		.byte	-52
 2376 092f F0       		.byte	-16
 2377 0930 CE       		.byte	-50
 2378 0931 E4       		.byte	-28
 2379 0932 D6       		.byte	-42
 2380 0933 48       		.byte	72
 2381 0934 D8       		.byte	-40
 2382 0935 08       		.byte	8
 2383 0936 E2       		.byte	-30
 2384 0937 01       		.byte	1
 2385 0938 E6       		.byte	-26
 2386 0939 10       		.byte	16
 2387 093a EA       		.byte	-22
 2388 093b 04       		.byte	4
 2389 093c EE       		.byte	-18
 2390 093d 05       		.byte	5
 2391 093e 00       		.byte	0
 2392 093f 10       		.byte	16
 2393 0940 02       		.byte	2
 2394 0941 20       		.byte	32
ARM GAS  C:\Users\cta10\AppData\Local\Temp\ccSpbotU.s 			page 43


 2395 0942 03       		.byte	3
 2396 0943 02       		.byte	2
 2397 0944 04       		.byte	4
 2398 0945 07       		.byte	7
 2399 0946 08       		.byte	8
 2400 0947 07       		.byte	7
 2401 0948 0B       		.byte	11
 2402 0949 01       		.byte	1
 2403 094a 0E       		.byte	14
 2404 094b 04       		.byte	4
 2405 094c 11       		.byte	17
 2406 094d 06       		.byte	6
 2407 094e 12       		.byte	18
 2408 094f 40       		.byte	64
 2409 0950 14       		.byte	20
 2410 0951 24       		.byte	36
 2411 0952 16       		.byte	22
 2412 0953 10       		.byte	16
 2413 0954 18       		.byte	24
 2414 0955 01       		.byte	1
 2415 0956 1A       		.byte	26
 2416 0957 02       		.byte	2
 2417 0958 1C       		.byte	28
 2418 0959 10       		.byte	16
 2419 095a 1E       		.byte	30
 2420 095b 20       		.byte	32
 2421 095c 21       		.byte	33
 2422 095d 06       		.byte	6
 2423 095e 22       		.byte	34
 2424 095f 07       		.byte	7
 2425 0960 24       		.byte	36
 2426 0961 01       		.byte	1
 2427 0962 26       		.byte	38
 2428 0963 02       		.byte	2
 2429 0964 28       		.byte	40
 2430 0965 10       		.byte	16
 2431 0966 29       		.byte	41
 2432 0967 04       		.byte	4
 2433 0968 2A       		.byte	42
 2434 0969 20       		.byte	32
 2435 096a 2E       		.byte	46
 2436 096b 08       		.byte	8
 2437 096c 30       		.byte	48
 2438 096d 40       		.byte	64
 2439 096e 32       		.byte	50
 2440 096f 30       		.byte	48
 2441 0970 33       		.byte	51
 2442 0971 06       		.byte	6
 2443 0972 34       		.byte	52
 2444 0973 0F       		.byte	15
 2445 0974 35       		.byte	53
 2446 0975 01       		.byte	1
 2447 0976 39       		.byte	57
 2448 0977 08       		.byte	8
 2449 0978 3A       		.byte	58
 2450 0979 08       		.byte	8
 2451 097a 3F       		.byte	63
ARM GAS  C:\Users\cta10\AppData\Local\Temp\ccSpbotU.s 			page 44


 2452 097b 04       		.byte	4
 2453 097c 40       		.byte	64
 2454 097d 02       		.byte	2
 2455 097e 46       		.byte	70
 2456 097f 40       		.byte	64
 2457 0980 49       		.byte	73
 2458 0981 FF       		.byte	-1
 2459 0982 4A       		.byte	74
 2460 0983 07       		.byte	7
 2461 0984 4B       		.byte	75
 2462 0985 FF       		.byte	-1
 2463 0986 4C       		.byte	76
 2464 0987 40       		.byte	64
 2465 0988 4D       		.byte	77
 2466 0989 20       		.byte	32
 2467 098a 4E       		.byte	78
 2468 098b F0       		.byte	-16
 2469 098c 4F       		.byte	79
 2470 098d 05       		.byte	5
 2471 098e 50       		.byte	80
 2472 098f 08       		.byte	8
 2473 0990 58       		.byte	88
 2474 0991 04       		.byte	4
 2475 0992 59       		.byte	89
 2476 0993 04       		.byte	4
 2477 0994 5A       		.byte	90
 2478 0995 04       		.byte	4
 2479 0996 5B       		.byte	91
 2480 0997 04       		.byte	4
 2481 0998 5D       		.byte	93
 2482 0999 02       		.byte	2
 2483 099a 5F       		.byte	95
 2484 099b 01       		.byte	1
 2485 099c 60       		.byte	96
 2486 099d 40       		.byte	64
 2487 099e 61       		.byte	97
 2488 099f A8       		.byte	-88
 2489 09a0 62       		.byte	98
 2490 09a1 40       		.byte	64
 2491 09a2 63       		.byte	99
 2492 09a3 20       		.byte	32
 2493 09a4 81       		.byte	-127
 2494 09a5 04       		.byte	4
 2495 09a6 8D       		.byte	-115
 2496 09a7 02       		.byte	2
 2497 09a8 8E       		.byte	-114
 2498 09a9 01       		.byte	1
 2499 09aa 90       		.byte	-112
 2500 09ab 02       		.byte	2
 2501 09ac 91       		.byte	-111
 2502 09ad 04       		.byte	4
 2503 09ae 92       		.byte	-110
 2504 09af 04       		.byte	4
 2505 09b0 93       		.byte	-109
 2506 09b1 02       		.byte	2
 2507 09b2 98       		.byte	-104
 2508 09b3 01       		.byte	1
ARM GAS  C:\Users\cta10\AppData\Local\Temp\ccSpbotU.s 			page 45


 2509 09b4 99       		.byte	-103
 2510 09b5 04       		.byte	4
 2511 09b6 9C       		.byte	-100
 2512 09b7 01       		.byte	1
 2513 09b8 9F       		.byte	-97
 2514 09b9 01       		.byte	1
 2515 09ba A1       		.byte	-95
 2516 09bb 01       		.byte	1
 2517 09bc A4       		.byte	-92
 2518 09bd 02       		.byte	2
 2519 09be AF       		.byte	-81
 2520 09bf 01       		.byte	1
 2521 09c0 B0       		.byte	-80
 2522 09c1 04       		.byte	4
 2523 09c2 B1       		.byte	-79
 2524 09c3 02       		.byte	2
 2525 09c4 B4       		.byte	-76
 2526 09c5 01       		.byte	1
 2527 09c6 B5       		.byte	-75
 2528 09c7 04       		.byte	4
 2529 09c8 B6       		.byte	-74
 2530 09c9 02       		.byte	2
 2531 09ca B7       		.byte	-73
 2532 09cb 01       		.byte	1
 2533 09cc B8       		.byte	-72
 2534 09cd 80       		.byte	-128
 2535 09ce B9       		.byte	-71
 2536 09cf 20       		.byte	32
 2537 09d0 BE       		.byte	-66
 2538 09d1 10       		.byte	16
 2539 09d2 BF       		.byte	-65
 2540 09d3 51       		.byte	81
 2541 09d4 D4       		.byte	-44
 2542 09d5 0F       		.byte	15
 2543 09d6 D8       		.byte	-40
 2544 09d7 04       		.byte	4
 2545 09d8 D9       		.byte	-39
 2546 09d9 04       		.byte	4
 2547 09da DB       		.byte	-37
 2548 09db 04       		.byte	4
 2549 09dc DF       		.byte	-33
 2550 09dd 01       		.byte	1
 2551 09de 01       		.byte	1
 2552 09df 80       		.byte	-128
 2553 09e0 04       		.byte	4
 2554 09e1 21       		.byte	33
 2555 09e2 05       		.byte	5
 2556 09e3 08       		.byte	8
 2557 09e4 06       		.byte	6
 2558 09e5 0A       		.byte	10
 2559 09e6 08       		.byte	8
 2560 09e7 40       		.byte	64
 2561 09e8 09       		.byte	9
 2562 09e9 22       		.byte	34
 2563 09ea 0A       		.byte	10
 2564 09eb 01       		.byte	1
 2565 09ec 0C       		.byte	12
ARM GAS  C:\Users\cta10\AppData\Local\Temp\ccSpbotU.s 			page 46


 2566 09ed 01       		.byte	1
 2567 09ee 0D       		.byte	13
 2568 09ef 08       		.byte	8
 2569 09f0 0E       		.byte	14
 2570 09f1 04       		.byte	4
 2571 09f2 0F       		.byte	15
 2572 09f3 02       		.byte	2
 2573 09f4 10       		.byte	16
 2574 09f5 20       		.byte	32
 2575 09f6 15       		.byte	21
 2576 09f7 80       		.byte	-128
 2577 09f8 16       		.byte	22
 2578 09f9 60       		.byte	96
 2579 09fa 17       		.byte	23
 2580 09fb 20       		.byte	32
 2581 09fc 18       		.byte	24
 2582 09fd 40       		.byte	64
 2583 09fe 19       		.byte	25
 2584 09ff D0       		.byte	-48
 2585 0a00 1D       		.byte	29
 2586 0a01 28       		.byte	40
 2587 0a02 1E       		.byte	30
 2588 0a03 40       		.byte	64
 2589 0a04 1F       		.byte	31
 2590 0a05 08       		.byte	8
 2591 0a06 22       		.byte	34
 2592 0a07 41       		.byte	65
 2593 0a08 23       		.byte	35
 2594 0a09 08       		.byte	8
 2595 0a0a 27       		.byte	39
 2596 0a0b 14       		.byte	20
 2597 0a0c 28       		.byte	40
 2598 0a0d 40       		.byte	64
 2599 0a0e 2A       		.byte	42
 2600 0a0f 40       		.byte	64
 2601 0a10 2F       		.byte	47
 2602 0a11 44       		.byte	68
 2603 0a12 30       		.byte	48
 2604 0a13 20       		.byte	32
 2605 0a14 31       		.byte	49
 2606 0a15 42       		.byte	66
 2607 0a16 34       		.byte	52
 2608 0a17 02       		.byte	2
 2609 0a18 38       		.byte	56
 2610 0a19 42       		.byte	66
 2611 0a1a 3E       		.byte	62
 2612 0a1b 10       		.byte	16
 2613 0a1c 3F       		.byte	63
 2614 0a1d 01       		.byte	1
 2615 0a1e 47       		.byte	71
 2616 0a1f 10       		.byte	16
 2617 0a20 4F       		.byte	79
 2618 0a21 01       		.byte	1
 2619 0a22 56       		.byte	86
 2620 0a23 10       		.byte	16
 2621 0a24 59       		.byte	89
 2622 0a25 18       		.byte	24
ARM GAS  C:\Users\cta10\AppData\Local\Temp\ccSpbotU.s 			page 47


 2623 0a26 5A       		.byte	90
 2624 0a27 80       		.byte	-128
 2625 0a28 5B       		.byte	91
 2626 0a29 02       		.byte	2
 2627 0a2a 6D       		.byte	109
 2628 0a2b 50       		.byte	80
 2629 0a2c 83       		.byte	-125
 2630 0a2d 01       		.byte	1
 2631 0a2e 89       		.byte	-119
 2632 0a2f 10       		.byte	16
 2633 0a30 8A       		.byte	-118
 2634 0a31 10       		.byte	16
 2635 0a32 8E       		.byte	-114
 2636 0a33 02       		.byte	2
 2637 0a34 90       		.byte	-112
 2638 0a35 23       		.byte	35
 2639 0a36 92       		.byte	-110
 2640 0a37 15       		.byte	21
 2641 0a38 96       		.byte	-106
 2642 0a39 42       		.byte	66
 2643 0a3a 98       		.byte	-104
 2644 0a3b 01       		.byte	1
 2645 0a3c 99       		.byte	-103
 2646 0a3d 08       		.byte	8
 2647 0a3e 9A       		.byte	-102
 2648 0a3f 22       		.byte	34
 2649 0a40 9E       		.byte	-98
 2650 0a41 40       		.byte	64
 2651 0a42 9F       		.byte	-97
 2652 0a43 0C       		.byte	12
 2653 0a44 A0       		.byte	-96
 2654 0a45 20       		.byte	32
 2655 0a46 A1       		.byte	-95
 2656 0a47 02       		.byte	2
 2657 0a48 A3       		.byte	-93
 2658 0a49 01       		.byte	1
 2659 0a4a A7       		.byte	-89
 2660 0a4b 08       		.byte	8
 2661 0a4c A8       		.byte	-88
 2662 0a4d 01       		.byte	1
 2663 0a4e A9       		.byte	-87
 2664 0a4f 0C       		.byte	12
 2665 0a50 AD       		.byte	-83
 2666 0a51 02       		.byte	2
 2667 0a52 AF       		.byte	-81
 2668 0a53 20       		.byte	32
 2669 0a54 B1       		.byte	-79
 2670 0a55 02       		.byte	2
 2671 0a56 B3       		.byte	-77
 2672 0a57 01       		.byte	1
 2673 0a58 B7       		.byte	-73
 2674 0a59 01       		.byte	1
 2675 0a5a C0       		.byte	-64
 2676 0a5b F1       		.byte	-15
 2677 0a5c C2       		.byte	-62
 2678 0a5d FB       		.byte	-5
 2679 0a5e C4       		.byte	-60
ARM GAS  C:\Users\cta10\AppData\Local\Temp\ccSpbotU.s 			page 48


 2680 0a5f F4       		.byte	-12
 2681 0a60 CA       		.byte	-54
 2682 0a61 A9       		.byte	-87
 2683 0a62 CC       		.byte	-52
 2684 0a63 8D       		.byte	-115
 2685 0a64 CE       		.byte	-50
 2686 0a65 A9       		.byte	-87
 2687 0a66 D0       		.byte	-48
 2688 0a67 20       		.byte	32
 2689 0a68 D6       		.byte	-42
 2690 0a69 0F       		.byte	15
 2691 0a6a E0       		.byte	-32
 2692 0a6b 10       		.byte	16
 2693 0a6c E6       		.byte	-26
 2694 0a6d 30       		.byte	48
 2695 0a6e E8       		.byte	-24
 2696 0a6f C0       		.byte	-64
 2697 0a70 EE       		.byte	-18
 2698 0a71 01       		.byte	1
 2699 0a72 39       		.byte	57
 2700 0a73 02       		.byte	2
 2701 0a74 3F       		.byte	63
 2702 0a75 01       		.byte	1
 2703 0a76 59       		.byte	89
 2704 0a77 04       		.byte	4
 2705 0a78 5F       		.byte	95
 2706 0a79 01       		.byte	1
 2707 0a7a 22       		.byte	34
 2708 0a7b 02       		.byte	2
 2709 0a7c 80       		.byte	-128
 2710 0a7d 02       		.byte	2
 2711 0a7e 8B       		.byte	-117
 2712 0a7f 64       		.byte	100
 2713 0a80 8D       		.byte	-115
 2714 0a81 40       		.byte	64
 2715 0a82 91       		.byte	-111
 2716 0a83 40       		.byte	64
 2717 0a84 97       		.byte	-105
 2718 0a85 88       		.byte	-120
 2719 0a86 9C       		.byte	-100
 2720 0a87 02       		.byte	2
 2721 0a88 9F       		.byte	-97
 2722 0a89 20       		.byte	32
 2723 0a8a A6       		.byte	-90
 2724 0a8b 02       		.byte	2
 2725 0a8c A9       		.byte	-87
 2726 0a8d 40       		.byte	64
 2727 0a8e AD       		.byte	-83
 2728 0a8f 28       		.byte	40
 2729 0a90 AE       		.byte	-82
 2730 0a91 40       		.byte	64
 2731 0a92 B6       		.byte	-74
 2732 0a93 08       		.byte	8
 2733 0a94 B7       		.byte	-73
 2734 0a95 02       		.byte	2
 2735 0a96 E0       		.byte	-32
 2736 0a97 80       		.byte	-128
ARM GAS  C:\Users\cta10\AppData\Local\Temp\ccSpbotU.s 			page 49


 2737 0a98 E2       		.byte	-30
 2738 0a99 40       		.byte	64
 2739 0a9a E4       		.byte	-28
 2740 0a9b A0       		.byte	-96
 2741 0a9c 31       		.byte	49
 2742 0a9d 80       		.byte	-128
 2743 0a9e 32       		.byte	50
 2744 0a9f 02       		.byte	2
 2745 0aa0 35       		.byte	53
 2746 0aa1 80       		.byte	-128
 2747 0aa2 36       		.byte	54
 2748 0aa3 04       		.byte	4
 2749 0aa4 39       		.byte	57
 2750 0aa5 40       		.byte	64
 2751 0aa6 85       		.byte	-123
 2752 0aa7 80       		.byte	-128
 2753 0aa8 CC       		.byte	-52
 2754 0aa9 F0       		.byte	-16
 2755 0aaa CE       		.byte	-50
 2756 0aab 10       		.byte	16
 2757 0aac E2       		.byte	-30
 2758 0aad 10       		.byte	16
 2759 0aae 00       		.byte	0
 2760 0aaf 02       		.byte	2
 2761 0ab0 07       		.byte	7
 2762 0ab1 40       		.byte	64
 2763 0ab2 0A       		.byte	10
 2764 0ab3 80       		.byte	-128
 2765 0ab4 30       		.byte	48
 2766 0ab5 10       		.byte	16
 2767 0ab6 32       		.byte	50
 2768 0ab7 08       		.byte	8
 2769 0ab8 34       		.byte	52
 2770 0ab9 08       		.byte	8
 2771 0aba 35       		.byte	53
 2772 0abb 20       		.byte	32
 2773 0abc 3A       		.byte	58
 2774 0abd 40       		.byte	64
 2775 0abe 81       		.byte	-127
 2776 0abf 80       		.byte	-128
 2777 0ac0 86       		.byte	-122
 2778 0ac1 22       		.byte	34
 2779 0ac2 88       		.byte	-120
 2780 0ac3 40       		.byte	64
 2781 0ac4 89       		.byte	-119
 2782 0ac5 20       		.byte	32
 2783 0ac6 8D       		.byte	-115
 2784 0ac7 08       		.byte	8
 2785 0ac8 95       		.byte	-107
 2786 0ac9 40       		.byte	64
 2787 0aca 9F       		.byte	-97
 2788 0acb 40       		.byte	64
 2789 0acc A5       		.byte	-91
 2790 0acd 80       		.byte	-128
 2791 0ace A6       		.byte	-90
 2792 0acf 06       		.byte	6
 2793 0ad0 AB       		.byte	-85
ARM GAS  C:\Users\cta10\AppData\Local\Temp\ccSpbotU.s 			page 50


 2794 0ad1 40       		.byte	64
 2795 0ad2 C0       		.byte	-64
 2796 0ad3 30       		.byte	48
 2797 0ad4 C2       		.byte	-62
 2798 0ad5 10       		.byte	16
 2799 0ad6 CC       		.byte	-52
 2800 0ad7 F0       		.byte	-16
 2801 0ad8 CE       		.byte	-50
 2802 0ad9 10       		.byte	16
 2803 0ada E2       		.byte	-30
 2804 0adb 40       		.byte	64
 2805 0adc E6       		.byte	-26
 2806 0add C0       		.byte	-64
 2807 0ade EC       		.byte	-20
 2808 0adf 80       		.byte	-128
 2809 0ae0 12       		.byte	18
 2810 0ae1 08       		.byte	8
 2811 0ae2 14       		.byte	20
 2812 0ae3 08       		.byte	8
 2813 0ae4 32       		.byte	50
 2814 0ae5 40       		.byte	64
 2815 0ae6 35       		.byte	53
 2816 0ae7 08       		.byte	8
 2817 0ae8 36       		.byte	54
 2818 0ae9 20       		.byte	32
 2819 0aea 53       		.byte	83
 2820 0aeb 08       		.byte	8
 2821 0aec 54       		.byte	84
 2822 0aed 40       		.byte	64
 2823 0aee 92       		.byte	-110
 2824 0aef 80       		.byte	-128
 2825 0af0 95       		.byte	-107
 2826 0af1 40       		.byte	64
 2827 0af2 99       		.byte	-103
 2828 0af3 08       		.byte	8
 2829 0af4 9C       		.byte	-100
 2830 0af5 18       		.byte	24
 2831 0af6 9E       		.byte	-98
 2832 0af7 40       		.byte	64
 2833 0af8 A0       		.byte	-96
 2834 0af9 01       		.byte	1
 2835 0afa A2       		.byte	-94
 2836 0afb 20       		.byte	32
 2837 0afc A3       		.byte	-93
 2838 0afd 08       		.byte	8
 2839 0afe A4       		.byte	-92
 2840 0aff 40       		.byte	64
 2841 0b00 A6       		.byte	-90
 2842 0b01 0C       		.byte	12
 2843 0b02 B3       		.byte	-77
 2844 0b03 08       		.byte	8
 2845 0b04 C4       		.byte	-60
 2846 0b05 C0       		.byte	-64
 2847 0b06 CC       		.byte	-52
 2848 0b07 B0       		.byte	-80
 2849 0b08 D4       		.byte	-44
 2850 0b09 60       		.byte	96
ARM GAS  C:\Users\cta10\AppData\Local\Temp\ccSpbotU.s 			page 51


 2851 0b0a 1B       		.byte	27
 2852 0b0b 01       		.byte	1
 2853 0b0c 1C       		.byte	28
 2854 0b0d 80       		.byte	-128
 2855 0b0e 62       		.byte	98
 2856 0b0f 02       		.byte	2
 2857 0b10 7E       		.byte	126
 2858 0b11 02       		.byte	2
 2859 0b12 81       		.byte	-127
 2860 0b13 02       		.byte	2
 2861 0b14 95       		.byte	-107
 2862 0b15 40       		.byte	64
 2863 0b16 9C       		.byte	-100
 2864 0b17 10       		.byte	16
 2865 0b18 9E       		.byte	-98
 2866 0b19 40       		.byte	64
 2867 0b1a A4       		.byte	-92
 2868 0b1b 40       		.byte	64
 2869 0b1c A6       		.byte	-90
 2870 0b1d 04       		.byte	4
 2871 0b1e B0       		.byte	-80
 2872 0b1f 01       		.byte	1
 2873 0b20 C6       		.byte	-58
 2874 0b21 30       		.byte	48
 2875 0b22 D8       		.byte	-40
 2876 0b23 40       		.byte	64
 2877 0b24 DE       		.byte	-34
 2878 0b25 20       		.byte	32
 2879 0b26 E4       		.byte	-28
 2880 0b27 20       		.byte	32
 2881 0b28 87       		.byte	-121
 2882 0b29 10       		.byte	16
 2883 0b2a 01       		.byte	1
 2884 0b2b 20       		.byte	32
 2885 0b2c 08       		.byte	8
 2886 0b2d 02       		.byte	2
 2887 0b2e 0B       		.byte	11
 2888 0b2f 02       		.byte	2
 2889 0b30 0E       		.byte	14
 2890 0b31 80       		.byte	-128
 2891 0b32 5C       		.byte	92
 2892 0b33 80       		.byte	-128
 2893 0b34 82       		.byte	-126
 2894 0b35 40       		.byte	64
 2895 0b36 86       		.byte	-122
 2896 0b37 44       		.byte	68
 2897 0b38 8F       		.byte	-113
 2898 0b39 01       		.byte	1
 2899 0b3a 97       		.byte	-105
 2900 0b3b 10       		.byte	16
 2901 0b3c C0       		.byte	-64
 2902 0b3d 02       		.byte	2
 2903 0b3e C2       		.byte	-62
 2904 0b3f 0E       		.byte	14
 2905 0b40 D6       		.byte	-42
 2906 0b41 04       		.byte	4
 2907 0b42 E2       		.byte	-30
ARM GAS  C:\Users\cta10\AppData\Local\Temp\ccSpbotU.s 			page 52


 2908 0b43 02       		.byte	2
 2909 0b44 96       		.byte	-106
 2910 0b45 84       		.byte	-124
 2911 0b46 97       		.byte	-105
 2912 0b47 10       		.byte	16
 2913 0b48 98       		.byte	-104
 2914 0b49 02       		.byte	2
 2915 0b4a 9C       		.byte	-100
 2916 0b4b 80       		.byte	-128
 2917 0b4c B5       		.byte	-75
 2918 0b4d 20       		.byte	32
 2919 0b4e EA       		.byte	-22
 2920 0b4f 08       		.byte	8
 2921 0b50 0A       		.byte	10
 2922 0b51 84       		.byte	-124
 2923 0b52 0F       		.byte	15
 2924 0b53 10       		.byte	16
 2925 0b54 96       		.byte	-106
 2926 0b55 84       		.byte	-124
 2927 0b56 97       		.byte	-105
 2928 0b57 10       		.byte	16
 2929 0b58 98       		.byte	-104
 2930 0b59 02       		.byte	2
 2931 0b5a 9C       		.byte	-100
 2932 0b5b 80       		.byte	-128
 2933 0b5c C2       		.byte	-62
 2934 0b5d 0E       		.byte	14
 2935 0b5e 02       		.byte	2
 2936 0b5f 40       		.byte	64
 2937 0b60 03       		.byte	3
 2938 0b61 08       		.byte	8
 2939 0b62 05       		.byte	5
 2940 0b63 02       		.byte	2
 2941 0b64 6B       		.byte	107
 2942 0b65 04       		.byte	4
 2943 0b66 6F       		.byte	111
 2944 0b67 04       		.byte	4
 2945 0b68 8E       		.byte	-114
 2946 0b69 02       		.byte	2
 2947 0b6a 8F       		.byte	-113
 2948 0b6b 04       		.byte	4
 2949 0b6c 95       		.byte	-107
 2950 0b6d 40       		.byte	64
 2951 0b6e 9C       		.byte	-100
 2952 0b6f 10       		.byte	16
 2953 0b70 9D       		.byte	-99
 2954 0b71 02       		.byte	2
 2955 0b72 9E       		.byte	-98
 2956 0b73 40       		.byte	64
 2957 0b74 A3       		.byte	-93
 2958 0b75 01       		.byte	1
 2959 0b76 A6       		.byte	-90
 2960 0b77 06       		.byte	6
 2961 0b78 C0       		.byte	-64
 2962 0b79 70       		.byte	112
 2963 0b7a DA       		.byte	-38
 2964 0b7b C0       		.byte	-64
ARM GAS  C:\Users\cta10\AppData\Local\Temp\ccSpbotU.s 			page 53


 2965 0b7c 01       		.byte	1
 2966 0b7d 40       		.byte	64
 2967 0b7e 0E       		.byte	14
 2968 0b7f 08       		.byte	8
 2969 0b80 5A       		.byte	90
 2970 0b81 20       		.byte	32
 2971 0b82 63       		.byte	99
 2972 0b83 02       		.byte	2
 2973 0b84 64       		.byte	100
 2974 0b85 08       		.byte	8
 2975 0b86 80       		.byte	-128
 2976 0b87 08       		.byte	8
 2977 0b88 84       		.byte	-124
 2978 0b89 10       		.byte	16
 2979 0b8a 87       		.byte	-121
 2980 0b8b 01       		.byte	1
 2981 0b8c 8E       		.byte	-114
 2982 0b8d 10       		.byte	16
 2983 0b8e 95       		.byte	-107
 2984 0b8f 40       		.byte	64
 2985 0b90 9C       		.byte	-100
 2986 0b91 10       		.byte	16
 2987 0b92 A3       		.byte	-93
 2988 0b93 01       		.byte	1
 2989 0b94 A6       		.byte	-90
 2990 0b95 04       		.byte	4
 2991 0b96 AF       		.byte	-81
 2992 0b97 08       		.byte	8
 2993 0b98 C0       		.byte	-64
 2994 0b99 40       		.byte	64
 2995 0b9a C2       		.byte	-62
 2996 0b9b 80       		.byte	-128
 2997 0b9c D4       		.byte	-44
 2998 0b9d 80       		.byte	-128
 2999 0b9e D6       		.byte	-42
 3000 0b9f 40       		.byte	64
 3001 0ba0 D8       		.byte	-40
 3002 0ba1 80       		.byte	-128
 3003 0ba2 E4       		.byte	-28
 3004 0ba3 10       		.byte	16
 3005 0ba4 E6       		.byte	-26
 3006 0ba5 60       		.byte	96
 3007 0ba6 EC       		.byte	-20
 3008 0ba7 40       		.byte	64
 3009 0ba8 88       		.byte	-120
 3010 0ba9 01       		.byte	1
 3011 0baa 8C       		.byte	-116
 3012 0bab 80       		.byte	-128
 3013 0bac 9C       		.byte	-100
 3014 0bad 80       		.byte	-128
 3015 0bae A8       		.byte	-88
 3016 0baf 02       		.byte	2
 3017 0bb0 E0       		.byte	-32
 3018 0bb1 09       		.byte	9
 3019 0bb2 74       		.byte	116
 3020 0bb3 01       		.byte	1
 3021 0bb4 A0       		.byte	-96
ARM GAS  C:\Users\cta10\AppData\Local\Temp\ccSpbotU.s 			page 54


 3022 0bb5 01       		.byte	1
 3023 0bb6 DE       		.byte	-34
 3024 0bb7 04       		.byte	4
 3025 0bb8 00       		.byte	0
 3026 0bb9 05       		.byte	5
 3027 0bba 01       		.byte	1
 3028 0bbb 01       		.byte	1
 3029 0bbc 08       		.byte	8
 3030 0bbd 05       		.byte	5
 3031 0bbe 09       		.byte	9
 3032 0bbf 01       		.byte	1
 3033 0bc0 0A       		.byte	10
 3034 0bc1 05       		.byte	5
 3035 0bc2 0B       		.byte	11
 3036 0bc3 01       		.byte	1
 3037 0bc4 0C       		.byte	12
 3038 0bc5 01       		.byte	1
 3039 0bc6 10       		.byte	16
 3040 0bc7 05       		.byte	5
 3041 0bc8 11       		.byte	17
 3042 0bc9 01       		.byte	1
 3043 0bca 1A       		.byte	26
 3044 0bcb 05       		.byte	5
 3045 0bcc 1B       		.byte	27
 3046 0bcd 01       		.byte	1
 3047 0bce 1C       		.byte	28
 3048 0bcf 05       		.byte	5
 3049 0bd0 EA       		.byte	-22
 3050 0bd1 BE       		.byte	-66
 3051 0bd2 AE       		.byte	-82
 3052 0bd3 08       		.byte	8
 3053 0bd4 00       		.byte	0
 3054 0bd5 00       		.byte	0
 3055 0bd6 00       		.byte	0
 3056 0bd7 00       		.byte	0
 3057 0bd8 13       		.byte	19
 3058 0bd9 00       		.byte	0
 3059 0bda 00       		.byte	0
 3060 0bdb 00       		.byte	0
 3061 0bdc 00       		.byte	0
 3062 0bdd 00       		.byte	0
 3063 0bde 00       		.byte	0
 3064 0bdf 00       		.byte	0
 3065 0be0 00       		.byte	0
 3066 0be1 1C       		.byte	28
 3067 0be2 1C       		.byte	28
 3068 0be3 00       		.byte	0
 3069 0be4 1C       		.byte	28
 3070 0be5 00       		.byte	0
 3071 0be6 00       		.byte	0
 3072 0be7 00       		.byte	0
 3073 0be8 40       		.byte	64
 3074 0be9 00       		.byte	0
 3075 0bea 07       		.byte	7
 3076 0beb 38       		.byte	56
 3077 0bec 38       		.byte	56
 3078 0bed 00       		.byte	0
ARM GAS  C:\Users\cta10\AppData\Local\Temp\ccSpbotU.s 			page 55


 3079 0bee 00       		.byte	0
 3080 0bef 00       		.byte	0
 3081 0bf0 C0       		.byte	-64
 3082 0bf1 00       		.byte	0
 3083 0bf2 00       		.byte	0
 3084 0bf3 00       		.byte	0
 3085 0bf4 00       		.byte	0
 3086 0bf5 0B       		.byte	11
 3087 0bf6 0B       		.byte	11
 3088 0bf7 00       		.byte	0
 3089 0bf8 00       		.byte	0
 3090 0bf9 00       		.byte	0
 3091 0bfa 00       		.byte	0
 3092 0bfb 00       		.byte	0
 3093 0bfc 08       		.byte	8
 3094 0bfd 00       		.byte	0
 3095 0bfe 74       		.byte	116
 3096 0bff 0A       		.byte	10
 3097 0c00 0A       		.byte	10
 3098 0c01 00       		.byte	0
 3099 0c02 08       		.byte	8
 3100 0c03 00       		.byte	0
 3101 0c04 00       		.byte	0
 3102 0c05 00       		.byte	0
 3103 0c06 00       		.byte	0
 3104 0c07 00       		.byte	0
 3105 0c08 84       		.byte	-124
 3106 0c09 7B       		.byte	123
 3107 0c0a 7B       		.byte	123
 3108 0c0b 00       		.byte	0
 3109 0c0c 38       		.byte	56
 3110 0c0d 00       		.byte	0
 3111 0c0e 00       		.byte	0
 3112 0c0f 00       		.byte	0
 3113              		.global	cy_meta_custnvl
 3114              		.section	.cycustnvl,"a",%progbits
 3115              		.align	2
 3116              		.type	cy_meta_custnvl, %object
 3117              		.size	cy_meta_custnvl, 4
 3118              	cy_meta_custnvl:
 3119 0000 00       		.byte	0
 3120 0001 00       		.byte	0
 3121 0002 40       		.byte	64
 3122 0003 07       		.byte	7
 3123              		.global	cy_meta_wonvl
 3124              		.section	.cywolatch,"a",%progbits
 3125              		.align	2
 3126              		.type	cy_meta_wonvl, %object
 3127              		.size	cy_meta_wonvl, 4
 3128              	cy_meta_wonvl:
 3129 0000 BC       		.byte	-68
 3130 0001 90       		.byte	-112
 3131 0002 AC       		.byte	-84
 3132 0003 AF       		.byte	-81
 3133              		.global	cy_meta_flashprotect
 3134              		.section	.cyflashprotect,"a",%progbits
 3135              		.align	2
ARM GAS  C:\Users\cta10\AppData\Local\Temp\ccSpbotU.s 			page 56


 3136              		.type	cy_meta_flashprotect, %object
 3137              		.size	cy_meta_flashprotect, 256
 3138              	cy_meta_flashprotect:
 3139 0000 00000000 		.space	256
 3139      00000000 
 3139      00000000 
 3139      00000000 
 3139      00000000 
 3140              		.global	cy_metadata
 3141              		.section	.cymeta,"a",%progbits
 3142              		.align	2
 3143              		.type	cy_metadata, %object
 3144              		.size	cy_metadata, 12
 3145              	cy_metadata:
 3146 0000 00       		.byte	0
 3147 0001 01       		.byte	1
 3148 0002 2E       		.byte	46
 3149 0003 16       		.byte	22
 3150 0004 10       		.byte	16
 3151 0005 69       		.byte	105
 3152 0006 00       		.byte	0
 3153 0007 01       		.byte	1
 3154 0008 00       		.byte	0
 3155 0009 00       		.byte	0
 3156 000a 00       		.byte	0
 3157 000b 00       		.byte	0
 3158              		.text
 3159              	.Letext0:
 3160              		.file 1 "c:\\cypress\\psoc creator\\4.4\\psoc creator\\import\\gnu\\arm\\5.4.1\\arm-none-eabi\\inc
 3161              		.file 2 "c:\\cypress\\psoc creator\\4.4\\psoc creator\\import\\gnu\\arm\\5.4.1\\arm-none-eabi\\inc
 3162              		.file 3 "Generated_Source\\PSoC5\\cymetadata.c"
 3163              		.section	.debug_info,"",%progbits
 3164              	.Ldebug_info0:
 3165 0000 35010000 		.4byte	0x135
 3166 0004 0400     		.2byte	0x4
 3167 0006 00000000 		.4byte	.Ldebug_abbrev0
 3168 000a 04       		.byte	0x4
 3169 000b 01       		.uleb128 0x1
 3170 000c 0A000000 		.4byte	.LASF17
 3171 0010 0C       		.byte	0xc
 3172 0011 B7010000 		.4byte	.LASF18
 3173 0015 D7000000 		.4byte	.LASF19
 3174 0019 00000000 		.4byte	.Ldebug_line0
 3175 001d 02       		.uleb128 0x2
 3176 001e 01       		.byte	0x1
 3177 001f 06       		.byte	0x6
 3178 0020 AB010000 		.4byte	.LASF0
 3179 0024 03       		.uleb128 0x3
 3180 0025 00000000 		.4byte	.LASF9
 3181 0029 01       		.byte	0x1
 3182 002a 1D       		.byte	0x1d
 3183 002b 2F000000 		.4byte	0x2f
 3184 002f 02       		.uleb128 0x2
 3185 0030 01       		.byte	0x1
 3186 0031 08       		.byte	0x8
 3187 0032 A4000000 		.4byte	.LASF1
 3188 0036 02       		.uleb128 0x2
ARM GAS  C:\Users\cta10\AppData\Local\Temp\ccSpbotU.s 			page 57


 3189 0037 02       		.byte	0x2
 3190 0038 05       		.byte	0x5
 3191 0039 98010000 		.4byte	.LASF2
 3192 003d 02       		.uleb128 0x2
 3193 003e 02       		.byte	0x2
 3194 003f 07       		.byte	0x7
 3195 0040 C4000000 		.4byte	.LASF3
 3196 0044 02       		.uleb128 0x2
 3197 0045 04       		.byte	0x4
 3198 0046 05       		.byte	0x5
 3199 0047 A2010000 		.4byte	.LASF4
 3200 004b 02       		.uleb128 0x2
 3201 004c 04       		.byte	0x4
 3202 004d 07       		.byte	0x7
 3203 004e B2000000 		.4byte	.LASF5
 3204 0052 02       		.uleb128 0x2
 3205 0053 08       		.byte	0x8
 3206 0054 05       		.byte	0x5
 3207 0055 8A010000 		.4byte	.LASF6
 3208 0059 02       		.uleb128 0x2
 3209 005a 08       		.byte	0x8
 3210 005b 07       		.byte	0x7
 3211 005c 3F010000 		.4byte	.LASF7
 3212 0060 04       		.uleb128 0x4
 3213 0061 04       		.byte	0x4
 3214 0062 05       		.byte	0x5
 3215 0063 696E7400 		.ascii	"int\000"
 3216 0067 02       		.uleb128 0x2
 3217 0068 04       		.byte	0x4
 3218 0069 07       		.byte	0x7
 3219 006a 32010000 		.4byte	.LASF8
 3220 006e 03       		.uleb128 0x3
 3221 006f 56010000 		.4byte	.LASF10
 3222 0073 02       		.byte	0x2
 3223 0074 18       		.byte	0x18
 3224 0075 24000000 		.4byte	0x24
 3225 0079 05       		.uleb128 0x5
 3226 007a 91000000 		.4byte	0x91
 3227 007e 8A000000 		.4byte	0x8a
 3228 0082 06       		.uleb128 0x6
 3229 0083 8A000000 		.4byte	0x8a
 3230 0087 0F0C     		.2byte	0xc0f
 3231 0089 00       		.byte	0
 3232 008a 02       		.uleb128 0x2
 3233 008b 04       		.byte	0x4
 3234 008c 07       		.byte	0x7
 3235 008d 81010000 		.4byte	.LASF11
 3236 0091 07       		.uleb128 0x7
 3237 0092 6E000000 		.4byte	0x6e
 3238 0096 08       		.uleb128 0x8
 3239 0097 20010000 		.4byte	.LASF12
 3240 009b 03       		.byte	0x3
 3241 009c 1F       		.byte	0x1f
 3242 009d A7000000 		.4byte	0xa7
 3243 00a1 05       		.uleb128 0x5
 3244 00a2 03       		.byte	0x3
 3245 00a3 00000000 		.4byte	cy_meta_configecc
ARM GAS  C:\Users\cta10\AppData\Local\Temp\ccSpbotU.s 			page 58


 3246 00a7 07       		.uleb128 0x7
 3247 00a8 79000000 		.4byte	0x79
 3248 00ac 05       		.uleb128 0x5
 3249 00ad 91000000 		.4byte	0x91
 3250 00b1 BC000000 		.4byte	0xbc
 3251 00b5 09       		.uleb128 0x9
 3252 00b6 8A000000 		.4byte	0x8a
 3253 00ba 03       		.byte	0x3
 3254 00bb 00       		.byte	0
 3255 00bc 0A       		.uleb128 0xa
 3256 00bd 10010000 		.4byte	.LASF13
 3257 00c1 03       		.byte	0x3
 3258 00c2 AE01     		.2byte	0x1ae
 3259 00c4 CE000000 		.4byte	0xce
 3260 00c8 05       		.uleb128 0x5
 3261 00c9 03       		.byte	0x3
 3262 00ca 00000000 		.4byte	cy_meta_custnvl
 3263 00ce 07       		.uleb128 0x7
 3264 00cf AC000000 		.4byte	0xac
 3265 00d3 0A       		.uleb128 0xa
 3266 00d4 73010000 		.4byte	.LASF14
 3267 00d8 03       		.byte	0x3
 3268 00d9 BC01     		.2byte	0x1bc
 3269 00db E5000000 		.4byte	0xe5
 3270 00df 05       		.uleb128 0x5
 3271 00e0 03       		.byte	0x3
 3272 00e1 00000000 		.4byte	cy_meta_wonvl
 3273 00e5 07       		.uleb128 0x7
 3274 00e6 AC000000 		.4byte	0xac
 3275 00ea 05       		.uleb128 0x5
 3276 00eb 91000000 		.4byte	0x91
 3277 00ef FA000000 		.4byte	0xfa
 3278 00f3 09       		.uleb128 0x9
 3279 00f4 8A000000 		.4byte	0x8a
 3280 00f8 FF       		.byte	0xff
 3281 00f9 00       		.byte	0
 3282 00fa 0A       		.uleb128 0xa
 3283 00fb 5E010000 		.4byte	.LASF15
 3284 00ff 03       		.byte	0x3
 3285 0100 CA01     		.2byte	0x1ca
 3286 0102 0C010000 		.4byte	0x10c
 3287 0106 05       		.uleb128 0x5
 3288 0107 03       		.byte	0x3
 3289 0108 00000000 		.4byte	cy_meta_flashprotect
 3290 010c 07       		.uleb128 0x7
 3291 010d EA000000 		.4byte	0xea
 3292 0111 05       		.uleb128 0x5
 3293 0112 91000000 		.4byte	0x91
 3294 0116 21010000 		.4byte	0x121
 3295 011a 09       		.uleb128 0x9
 3296 011b 8A000000 		.4byte	0x8a
 3297 011f 0B       		.byte	0xb
 3298 0120 00       		.byte	0
 3299 0121 0A       		.uleb128 0xa
 3300 0122 98000000 		.4byte	.LASF16
 3301 0126 03       		.byte	0x3
 3302 0127 F701     		.2byte	0x1f7
ARM GAS  C:\Users\cta10\AppData\Local\Temp\ccSpbotU.s 			page 59


 3303 0129 33010000 		.4byte	0x133
 3304 012d 05       		.uleb128 0x5
 3305 012e 03       		.byte	0x3
 3306 012f 00000000 		.4byte	cy_metadata
 3307 0133 07       		.uleb128 0x7
 3308 0134 11010000 		.4byte	0x111
 3309 0138 00       		.byte	0
 3310              		.section	.debug_abbrev,"",%progbits
 3311              	.Ldebug_abbrev0:
 3312 0000 01       		.uleb128 0x1
 3313 0001 11       		.uleb128 0x11
 3314 0002 01       		.byte	0x1
 3315 0003 25       		.uleb128 0x25
 3316 0004 0E       		.uleb128 0xe
 3317 0005 13       		.uleb128 0x13
 3318 0006 0B       		.uleb128 0xb
 3319 0007 03       		.uleb128 0x3
 3320 0008 0E       		.uleb128 0xe
 3321 0009 1B       		.uleb128 0x1b
 3322 000a 0E       		.uleb128 0xe
 3323 000b 10       		.uleb128 0x10
 3324 000c 17       		.uleb128 0x17
 3325 000d 00       		.byte	0
 3326 000e 00       		.byte	0
 3327 000f 02       		.uleb128 0x2
 3328 0010 24       		.uleb128 0x24
 3329 0011 00       		.byte	0
 3330 0012 0B       		.uleb128 0xb
 3331 0013 0B       		.uleb128 0xb
 3332 0014 3E       		.uleb128 0x3e
 3333 0015 0B       		.uleb128 0xb
 3334 0016 03       		.uleb128 0x3
 3335 0017 0E       		.uleb128 0xe
 3336 0018 00       		.byte	0
 3337 0019 00       		.byte	0
 3338 001a 03       		.uleb128 0x3
 3339 001b 16       		.uleb128 0x16
 3340 001c 00       		.byte	0
 3341 001d 03       		.uleb128 0x3
 3342 001e 0E       		.uleb128 0xe
 3343 001f 3A       		.uleb128 0x3a
 3344 0020 0B       		.uleb128 0xb
 3345 0021 3B       		.uleb128 0x3b
 3346 0022 0B       		.uleb128 0xb
 3347 0023 49       		.uleb128 0x49
 3348 0024 13       		.uleb128 0x13
 3349 0025 00       		.byte	0
 3350 0026 00       		.byte	0
 3351 0027 04       		.uleb128 0x4
 3352 0028 24       		.uleb128 0x24
 3353 0029 00       		.byte	0
 3354 002a 0B       		.uleb128 0xb
 3355 002b 0B       		.uleb128 0xb
 3356 002c 3E       		.uleb128 0x3e
 3357 002d 0B       		.uleb128 0xb
 3358 002e 03       		.uleb128 0x3
 3359 002f 08       		.uleb128 0x8
ARM GAS  C:\Users\cta10\AppData\Local\Temp\ccSpbotU.s 			page 60


 3360 0030 00       		.byte	0
 3361 0031 00       		.byte	0
 3362 0032 05       		.uleb128 0x5
 3363 0033 01       		.uleb128 0x1
 3364 0034 01       		.byte	0x1
 3365 0035 49       		.uleb128 0x49
 3366 0036 13       		.uleb128 0x13
 3367 0037 01       		.uleb128 0x1
 3368 0038 13       		.uleb128 0x13
 3369 0039 00       		.byte	0
 3370 003a 00       		.byte	0
 3371 003b 06       		.uleb128 0x6
 3372 003c 21       		.uleb128 0x21
 3373 003d 00       		.byte	0
 3374 003e 49       		.uleb128 0x49
 3375 003f 13       		.uleb128 0x13
 3376 0040 2F       		.uleb128 0x2f
 3377 0041 05       		.uleb128 0x5
 3378 0042 00       		.byte	0
 3379 0043 00       		.byte	0
 3380 0044 07       		.uleb128 0x7
 3381 0045 26       		.uleb128 0x26
 3382 0046 00       		.byte	0
 3383 0047 49       		.uleb128 0x49
 3384 0048 13       		.uleb128 0x13
 3385 0049 00       		.byte	0
 3386 004a 00       		.byte	0
 3387 004b 08       		.uleb128 0x8
 3388 004c 34       		.uleb128 0x34
 3389 004d 00       		.byte	0
 3390 004e 03       		.uleb128 0x3
 3391 004f 0E       		.uleb128 0xe
 3392 0050 3A       		.uleb128 0x3a
 3393 0051 0B       		.uleb128 0xb
 3394 0052 3B       		.uleb128 0x3b
 3395 0053 0B       		.uleb128 0xb
 3396 0054 49       		.uleb128 0x49
 3397 0055 13       		.uleb128 0x13
 3398 0056 3F       		.uleb128 0x3f
 3399 0057 19       		.uleb128 0x19
 3400 0058 02       		.uleb128 0x2
 3401 0059 18       		.uleb128 0x18
 3402 005a 00       		.byte	0
 3403 005b 00       		.byte	0
 3404 005c 09       		.uleb128 0x9
 3405 005d 21       		.uleb128 0x21
 3406 005e 00       		.byte	0
 3407 005f 49       		.uleb128 0x49
 3408 0060 13       		.uleb128 0x13
 3409 0061 2F       		.uleb128 0x2f
 3410 0062 0B       		.uleb128 0xb
 3411 0063 00       		.byte	0
 3412 0064 00       		.byte	0
 3413 0065 0A       		.uleb128 0xa
 3414 0066 34       		.uleb128 0x34
 3415 0067 00       		.byte	0
 3416 0068 03       		.uleb128 0x3
ARM GAS  C:\Users\cta10\AppData\Local\Temp\ccSpbotU.s 			page 61


 3417 0069 0E       		.uleb128 0xe
 3418 006a 3A       		.uleb128 0x3a
 3419 006b 0B       		.uleb128 0xb
 3420 006c 3B       		.uleb128 0x3b
 3421 006d 05       		.uleb128 0x5
 3422 006e 49       		.uleb128 0x49
 3423 006f 13       		.uleb128 0x13
 3424 0070 3F       		.uleb128 0x3f
 3425 0071 19       		.uleb128 0x19
 3426 0072 02       		.uleb128 0x2
 3427 0073 18       		.uleb128 0x18
 3428 0074 00       		.byte	0
 3429 0075 00       		.byte	0
 3430 0076 00       		.byte	0
 3431              		.section	.debug_aranges,"",%progbits
 3432 0000 14000000 		.4byte	0x14
 3433 0004 0200     		.2byte	0x2
 3434 0006 00000000 		.4byte	.Ldebug_info0
 3435 000a 04       		.byte	0x4
 3436 000b 00       		.byte	0
 3437 000c 0000     		.2byte	0
 3438 000e 0000     		.2byte	0
 3439 0010 00000000 		.4byte	0
 3440 0014 00000000 		.4byte	0
 3441              		.section	.debug_line,"",%progbits
 3442              	.Ldebug_line0:
 3443 0000 15010000 		.section	.debug_str,"MS",%progbits,1
 3443      02000F01 
 3443      00000201 
 3443      FB0E0D00 
 3443      01010101 
 3444              	.LASF9:
 3445 0000 5F5F7569 		.ascii	"__uint8_t\000"
 3445      6E74385F 
 3445      7400
 3446              	.LASF17:
 3447 000a 474E5520 		.ascii	"GNU C11 5.4.1 20160609 (release) [ARM/embedded-5-br"
 3447      43313120 
 3447      352E342E 
 3447      31203230 
 3447      31363036 
 3448 003d 616E6368 		.ascii	"anch revision 237715] -mcpu=cortex-m3 -mthumb -g -O"
 3448      20726576 
 3448      6973696F 
 3448      6E203233 
 3448      37373135 
 3449 0070 30202D66 		.ascii	"0 -ffunction-sections -ffat-lto-objects\000"
 3449      66756E63 
 3449      74696F6E 
 3449      2D736563 
 3449      74696F6E 
 3450              	.LASF16:
 3451 0098 63795F6D 		.ascii	"cy_metadata\000"
 3451      65746164 
 3451      61746100 
 3452              	.LASF1:
 3453 00a4 756E7369 		.ascii	"unsigned char\000"
ARM GAS  C:\Users\cta10\AppData\Local\Temp\ccSpbotU.s 			page 62


 3453      676E6564 
 3453      20636861 
 3453      7200
 3454              	.LASF5:
 3455 00b2 6C6F6E67 		.ascii	"long unsigned int\000"
 3455      20756E73 
 3455      69676E65 
 3455      6420696E 
 3455      7400
 3456              	.LASF3:
 3457 00c4 73686F72 		.ascii	"short unsigned int\000"
 3457      7420756E 
 3457      7369676E 
 3457      65642069 
 3457      6E7400
 3458              	.LASF19:
 3459 00d7 433A5C4C 		.ascii	"C:\\LocalCode\\301MotorCar\\psoc firmware\\CS301_Cl"
 3459      6F63616C 
 3459      436F6465 
 3459      5C333031 
 3459      4D6F746F 
 3460 0106 6173732E 		.ascii	"ass.cydsn\000"
 3460      63796473 
 3460      6E00
 3461              	.LASF13:
 3462 0110 63795F6D 		.ascii	"cy_meta_custnvl\000"
 3462      6574615F 
 3462      63757374 
 3462      6E766C00 
 3463              	.LASF12:
 3464 0120 63795F6D 		.ascii	"cy_meta_configecc\000"
 3464      6574615F 
 3464      636F6E66 
 3464      69676563 
 3464      6300
 3465              	.LASF8:
 3466 0132 756E7369 		.ascii	"unsigned int\000"
 3466      676E6564 
 3466      20696E74 
 3466      00
 3467              	.LASF7:
 3468 013f 6C6F6E67 		.ascii	"long long unsigned int\000"
 3468      206C6F6E 
 3468      6720756E 
 3468      7369676E 
 3468      65642069 
 3469              	.LASF10:
 3470 0156 75696E74 		.ascii	"uint8_t\000"
 3470      385F7400 
 3471              	.LASF15:
 3472 015e 63795F6D 		.ascii	"cy_meta_flashprotect\000"
 3472      6574615F 
 3472      666C6173 
 3472      6870726F 
 3472      74656374 
 3473              	.LASF14:
 3474 0173 63795F6D 		.ascii	"cy_meta_wonvl\000"
ARM GAS  C:\Users\cta10\AppData\Local\Temp\ccSpbotU.s 			page 63


 3474      6574615F 
 3474      776F6E76 
 3474      6C00
 3475              	.LASF11:
 3476 0181 73697A65 		.ascii	"sizetype\000"
 3476      74797065 
 3476      00
 3477              	.LASF6:
 3478 018a 6C6F6E67 		.ascii	"long long int\000"
 3478      206C6F6E 
 3478      6720696E 
 3478      7400
 3479              	.LASF2:
 3480 0198 73686F72 		.ascii	"short int\000"
 3480      7420696E 
 3480      7400
 3481              	.LASF4:
 3482 01a2 6C6F6E67 		.ascii	"long int\000"
 3482      20696E74 
 3482      00
 3483              	.LASF0:
 3484 01ab 7369676E 		.ascii	"signed char\000"
 3484      65642063 
 3484      68617200 
 3485              	.LASF18:
 3486 01b7 47656E65 		.ascii	"Generated_Source\\PSoC5\\cymetadata.c\000"
 3486      72617465 
 3486      645F536F 
 3486      75726365 
 3486      5C50536F 
 3487              		.ident	"GCC: (GNU Tools for ARM Embedded Processors) 5.4.1 20160609 (release) [ARM/embedded-5-bran
