ARM GAS  C:\Users\Calvi\AppData\Local\Temp\cc9nrC2f.s 			page 1


   1              		.syntax unified
   2              		.cpu cortex-m3
   3              		.fpu softvfp
   4              		.eabi_attribute 20, 1
   5              		.eabi_attribute 21, 1
   6              		.eabi_attribute 23, 3
   7              		.eabi_attribute 24, 1
   8              		.eabi_attribute 25, 1
   9              		.eabi_attribute 26, 1
  10              		.eabi_attribute 30, 6
  11              		.eabi_attribute 34, 1
  12              		.eabi_attribute 18, 4
  13              		.thumb
  14              		.syntax unified
  15              		.file	"main.c"
  16              		.text
  17              	.Ltext0:
  18              		.cfi_sections	.debug_frame
  19              		.global	ts
  20              		.bss
  21              		.type	ts, %object
  22              		.size	ts, 1
  23              	ts:
  24 0000 00       		.space	1
  25              		.global	ts_enc
  26 0001 00       		.align	1
  27              		.type	ts_enc, %object
  28              		.size	ts_enc, 2
  29              	ts_enc:
  30 0002 0000     		.space	2
  31              		.global	ts_update
  32              		.align	1
  33              		.type	ts_update, %object
  34              		.size	ts_update, 2
  35              	ts_update:
  36 0004 0000     		.space	2
  37              		.global	ts_speed
  38              		.align	1
  39              		.type	ts_speed, %object
  40              		.size	ts_speed, 2
  41              	ts_speed:
  42 0006 0000     		.space	2
  43              		.global	ts_display
  44              		.align	1
  45              		.type	ts_display, %object
  46              		.size	ts_display, 2
  47              	ts_display:
  48 0008 0000     		.space	2
  49              		.global	flag_ts_enc
  50              		.type	flag_ts_enc, %object
  51              		.size	flag_ts_enc, 1
  52              	flag_ts_enc:
  53 000a 00       		.space	1
  54              		.global	flag_ts_update
  55              		.type	flag_ts_update, %object
  56              		.size	flag_ts_update, 1
  57              	flag_ts_update:
ARM GAS  C:\Users\Calvi\AppData\Local\Temp\cc9nrC2f.s 			page 2


  58 000b 00       		.space	1
  59              		.global	flag_ts_speed
  60              		.type	flag_ts_speed, %object
  61              		.size	flag_ts_speed, 1
  62              	flag_ts_speed:
  63 000c 00       		.space	1
  64              		.global	flag_ts_display
  65              		.type	flag_ts_display, %object
  66              		.size	flag_ts_display, 1
  67              	flag_ts_display:
  68 000d 00       		.space	1
  69              		.global	flag_rx
  70              		.type	flag_rx, %object
  71              		.size	flag_rx, 1
  72              	flag_rx:
  73 000e 00       		.space	1
  74              		.global	flag_packet
  75              		.type	flag_packet, %object
  76              		.size	flag_packet, 1
  77              	flag_packet:
  78 000f 00       		.space	1
  79              		.global	flag_KB_string
  80              		.type	flag_KB_string, %object
  81              		.size	flag_KB_string, 1
  82              	flag_KB_string:
  83 0010 00       		.space	1
  84              		.global	dataready_flag
  85              		.type	dataready_flag, %object
  86              		.size	dataready_flag, 1
  87              	dataready_flag:
  88 0011 00       		.space	1
  89              		.global	flag_rf_transmission_active
  90              		.data
  91              		.type	flag_rf_transmission_active, %object
  92              		.size	flag_rf_transmission_active, 1
  93              	flag_rf_transmission_active:
  94 0000 0A       		.byte	10
  95              		.global	displaystring
  96 0001 000000   		.align	2
  97              		.type	displaystring, %object
  98              		.size	displaystring, 64
  99              	displaystring:
 100 0004 43533330 		.ascii	"CS301 2016\012\000"
 100      31203230 
 100      31360A00 
 101 0010 00000000 		.space	52
 101      00000000 
 101      00000000 
 101      00000000 
 101      00000000 
 102              		.comm	line,64,4
 103              		.comm	entry,64,4
 104              		.comm	usbBuffer,64,4
 105              		.comm	system_state,32,4
 106              		.bss
 107              		.align	1
 108              	left_wheel_val:
ARM GAS  C:\Users\Calvi\AppData\Local\Temp\cc9nrC2f.s 			page 3


 109 0012 0000     		.space	2
 110              		.align	1
 111              	right_wheel_val:
 112 0014 0000     		.space	2
 113              		.global	timer_flag
 114              		.type	timer_flag, %object
 115              		.size	timer_flag, 1
 116              	timer_flag:
 117 0016 00       		.space	1
 118              		.global	food_index
 119              		.type	food_index, %object
 120              		.size	food_index, 1
 121              	food_index:
 122 0017 00       		.space	1
 123              		.comm	current_move,1,1
 124              		.section	.text.Timer_TS_ISR_Handler,"ax",%progbits
 125              		.align	2
 126              		.global	Timer_TS_ISR_Handler
 127              		.thumb
 128              		.thumb_func
 129              		.type	Timer_TS_ISR_Handler, %function
 130              	Timer_TS_ISR_Handler:
 131              	.LFB64:
 132              		.file 1 "main.c"
   1:main.c        **** // ========================================
   2:main.c        **** // Main File – With Debugging via USB (Putty)
   3:main.c        **** // ========================================
   4:main.c        **** 
   5:main.c        **** #include <project.h>
   6:main.c        **** #include <stdio.h>
   7:main.c        **** #include <string.h>
   8:main.c        **** #include <stdbool.h>
   9:main.c        **** #include <stdlib.h>
  10:main.c        **** #include <math.h>
  11:main.c        **** 
  12:main.c        **** #include "main.h"
  13:main.c        **** #include "defines.h"     
  14:main.c        **** #include "vars.h"
  15:main.c        **** #include "isr_1.h"
  16:main.c        **** #include "SENSORS_READ.h"
  17:main.c        **** #include "MOVEMENT.h"
  18:main.c        **** #include "map_to_instructions.h" 
  19:main.c        **** 
  20:main.c        **** #define TIMER_BASE_HZ 100000UL
  21:main.c        **** //#define USE_USB 1
  22:main.c        **** 
  23:main.c        **** // --- Globals ---
  24:main.c        **** static volatile int16 left_wheel_val;
  25:main.c        **** static volatile int16 right_wheel_val;
  26:main.c        **** uint8_t timer_flag = 0;
  27:main.c        **** uint8_t food_index = 0;
  28:main.c        **** MovementState current_move;
  29:main.c        **** 
  30:main.c        **** // --- Function Prototypes ---
  31:main.c        **** void usbPutString(char *s);
  32:main.c        **** void usbPutChar(char c);
  33:main.c        **** void handle_usb(void);
ARM GAS  C:\Users\Calvi\AppData\Local\Temp\cc9nrC2f.s 			page 4


  34:main.c        **** static void dbg(const char *msg);
  35:main.c        **** 
  36:main.c        **** /* Timer ISR */
  37:main.c        **** CY_ISR(Timer_TS_ISR_Handler)
  38:main.c        **** {
 133              		.loc 1 38 0
 134              		.cfi_startproc
 135              		@ args = 0, pretend = 0, frame = 0
 136              		@ frame_needed = 1, uses_anonymous_args = 0
 137              		@ link register save eliminated.
 138 0000 80B4     		push	{r7}
 139              		.cfi_def_cfa_offset 4
 140              		.cfi_offset 7, -4
 141 0002 00AF     		add	r7, sp, #0
 142              		.cfi_def_cfa_register 7
  39:main.c        ****     timer_flag = 1;   
 143              		.loc 1 39 0
 144 0004 034B     		ldr	r3, .L2
 145 0006 0122     		movs	r2, #1
 146 0008 1A70     		strb	r2, [r3]
  40:main.c        **** }
 147              		.loc 1 40 0
 148 000a 00BF     		nop
 149 000c BD46     		mov	sp, r7
 150              		.cfi_def_cfa_register 13
 151              		@ sp needed
 152 000e 80BC     		pop	{r7}
 153              		.cfi_restore 7
 154              		.cfi_def_cfa_offset 0
 155 0010 7047     		bx	lr
 156              	.L3:
 157 0012 00BF     		.align	2
 158              	.L2:
 159 0014 00000000 		.word	timer_flag
 160              		.cfi_endproc
 161              	.LFE64:
 162              		.size	Timer_TS_ISR_Handler, .-Timer_TS_ISR_Handler
 163              		.section	.text.dbg,"ax",%progbits
 164              		.align	2
 165              		.thumb
 166              		.thumb_func
 167              		.type	dbg, %function
 168              	dbg:
 169              	.LFB65:
  41:main.c        **** 
  42:main.c        **** // --- Helpers ---
  43:main.c        **** #define S_ACTIVE(pin_read) ((pin_read) == 0u)   // active-low -> 1 when line
  44:main.c        **** 
  45:main.c        **** // --- USB Debug Output Helper ---
  46:main.c        **** static void dbg(const char *msg)
  47:main.c        **** {
 170              		.loc 1 47 0
 171              		.cfi_startproc
 172              		@ args = 0, pretend = 0, frame = 8
 173              		@ frame_needed = 1, uses_anonymous_args = 0
 174 0000 80B5     		push	{r7, lr}
 175              		.cfi_def_cfa_offset 8
ARM GAS  C:\Users\Calvi\AppData\Local\Temp\cc9nrC2f.s 			page 5


 176              		.cfi_offset 7, -8
 177              		.cfi_offset 14, -4
 178 0002 82B0     		sub	sp, sp, #8
 179              		.cfi_def_cfa_offset 16
 180 0004 00AF     		add	r7, sp, #0
 181              		.cfi_def_cfa_register 7
 182 0006 7860     		str	r0, [r7, #4]
  48:main.c        **** #ifdef USE_USB
  49:main.c        ****     while (USBUART_CDCIsReady() == 0) {}
 183              		.loc 1 49 0
 184 0008 00BF     		nop
 185              	.L5:
 186              		.loc 1 49 0 is_stmt 0 discriminator 1
 187 000a FFF7FEFF 		bl	USBUART_CDCIsReady
 188 000e 0346     		mov	r3, r0
 189 0010 002B     		cmp	r3, #0
 190 0012 FAD0     		beq	.L5
  50:main.c        ****     USBUART_PutString(msg);
 191              		.loc 1 50 0 is_stmt 1
 192 0014 7868     		ldr	r0, [r7, #4]
 193 0016 FFF7FEFF 		bl	USBUART_PutString
  51:main.c        **** #else
  52:main.c        ****     (void)msg;
  53:main.c        **** #endif
  54:main.c        **** }
 194              		.loc 1 54 0
 195 001a 00BF     		nop
 196 001c 0837     		adds	r7, r7, #8
 197              		.cfi_def_cfa_offset 8
 198 001e BD46     		mov	sp, r7
 199              		.cfi_def_cfa_register 13
 200              		@ sp needed
 201 0020 80BD     		pop	{r7, pc}
 202              		.cfi_endproc
 203              	.LFE65:
 204              		.size	dbg, .-dbg
 205 0022 00BF     		.section	.rodata
 206              		.align	2
 207              	.LC0:
 208 0000 0D0A3D3D 		.ascii	"\015\012=== USB Debug Interface Initialized ===\015"
 208      3D205553 
 208      42204465 
 208      62756720 
 208      496E7465 
 209 002a 0A00     		.ascii	"\012\000"
 210              		.align	2
 211              	.LC1:
 212 002c 3D3D3D20 		.ascii	"=== Generating instructions from map ===\015\012\000"
 212      47656E65 
 212      72617469 
 212      6E672069 
 212      6E737472 
 213 0057 00       		.align	2
 214              	.LC2:
 215 0058 0D0A3D3D 		.ascii	"\015\012=== Instruction Plan ===\015\012\000"
 215      3D20496E 
 215      73747275 
ARM GAS  C:\Users\Calvi\AppData\Local\Temp\cc9nrC2f.s 			page 6


 215      6374696F 
 215      6E20506C 
 216 0075 000000   		.align	2
 217              	.LC3:
 218 0078 506C616E 		.ascii	"Plan: STRAIGHT\015\012\000"
 218      3A205354 
 218      52414947 
 218      48540D0A 
 218      00
 219 0089 000000   		.align	2
 220              	.LC4:
 221 008c 506C616E 		.ascii	"Plan: LEFT\015\012\000"
 221      3A204C45 
 221      46540D0A 
 221      00
 222 0099 000000   		.align	2
 223              	.LC5:
 224 009c 506C616E 		.ascii	"Plan: RIGHT\015\012\000"
 224      3A205249 
 224      4748540D 
 224      0A00
 225 00aa 0000     		.align	2
 226              	.LC6:
 227 00ac 506C616E 		.ascii	"Plan: TURN-AROUND\015\012\000"
 227      3A205455 
 227      524E2D41 
 227      524F554E 
 227      440D0A00 
 228              		.align	2
 229              	.LC7:
 230 00c0 506C616E 		.ascii	"Plan: STOP\015\012\000"
 230      3A205354 
 230      4F500D0A 
 230      00
 231 00cd 000000   		.align	2
 232              	.LC8:
 233 00d0 506C616E 		.ascii	"Plan: UNKNOWN\015\012\000"
 233      3A20554E 
 233      4B4E4F57 
 233      4E0D0A00 
 234              		.align	2
 235              	.LC9:
 236 00e0 0D0A3D3D 		.ascii	"\015\012=== Food Distances ===\015\012\000"
 236      3D20466F 
 236      6F642044 
 236      69737461 
 236      6E636573 
 237 00fb 00       		.align	2
 238              	.LC10:
 239 00fc 466F6F64 		.ascii	"Food %d: %d\015\012\000"
 239      2025643A 
 239      2025640D 
 239      0A00
 240 010a 0000     		.align	2
 241              	.LC11:
 242 010c 0D0A3D3D 		.ascii	"\015\012=== Beginning Execution ===\015\012\000"
 242      3D204265 
ARM GAS  C:\Users\Calvi\AppData\Local\Temp\cc9nrC2f.s 			page 7


 242      67696E6E 
 242      696E6720 
 242      45786563 
 243              		.align	2
 244              	.LC12:
 245 012c 0D0A5B53 		.ascii	"\015\012[STATE] Executing instruction %d: \000"
 245      54415445 
 245      5D204578 
 245      65637574 
 245      696E6720 
 246 0151 000000   		.align	2
 247              	.LC13:
 248 0154 53545241 		.ascii	"STRAIGHT\015\012\000"
 248      49474854 
 248      0D0A00
 249 015f 00       		.align	2
 250              	.LC14:
 251 0160 5B444F4E 		.ascii	"[DONE] Straight movement complete\015\012\000"
 251      455D2053 
 251      74726169 
 251      67687420 
 251      6D6F7665 
 252              		.align	2
 253              	.LC15:
 254 0184 4C454654 		.ascii	"LEFT TURN\015\012\000"
 254      20545552 
 254      4E0D0A00 
 255              		.align	2
 256              	.LC16:
 257 0190 5B444F4E 		.ascii	"[DONE] Left turn complete\015\012\000"
 257      455D204C 
 257      65667420 
 257      7475726E 
 257      20636F6D 
 258              		.align	2
 259              	.LC17:
 260 01ac 52494748 		.ascii	"RIGHT TURN\015\012\000"
 260      54205455 
 260      524E0D0A 
 260      00
 261 01b9 000000   		.align	2
 262              	.LC18:
 263 01bc 5B444F4E 		.ascii	"[DONE] Right turn complete\015\012\000"
 263      455D2052 
 263      69676874 
 263      20747572 
 263      6E20636F 
 264 01d9 000000   		.align	2
 265              	.LC19:
 266 01dc 5455524E 		.ascii	"TURN-AROUND\015\012\000"
 266      2D41524F 
 266      554E440D 
 266      0A00
 267 01ea 0000     		.align	2
 268              	.LC20:
 269 01ec 5B444F4E 		.ascii	"[DONE] U-turn complete\015\012\000"
 269      455D2055 
ARM GAS  C:\Users\Calvi\AppData\Local\Temp\cc9nrC2f.s 			page 8


 269      2D747572 
 269      6E20636F 
 269      6D706C65 
 270 0205 000000   		.align	2
 271              	.LC21:
 272 0208 5B444F4E 		.ascii	"[DONE] Stop complete\015\012\000"
 272      455D2053 
 272      746F7020 
 272      636F6D70 
 272      6C657465 
 273 021f 00       		.align	2
 274              	.LC22:
 275 0220 554E4B4E 		.ascii	"UNKNOWN INSTRUCTION\015\012\000"
 275      4F574E20 
 275      494E5354 
 275      52554354 
 275      494F4E0D 
 276 0236 0000     		.align	2
 277              	.LC23:
 278 0238 3D3D3D50 		.ascii	"===Path Complete Entering Idle Mode ===\015\012\000"
 278      61746820 
 278      436F6D70 
 278      6C657465 
 278      20456E74 
 279              		.section	.text.main,"ax",%progbits
 280              		.align	2
 281              		.global	main
 282              		.thumb
 283              		.thumb_func
 284              		.type	main, %function
 285              	main:
 286              	.LFB66:
  55:main.c        **** 
  56:main.c        **** /* ================= Main ================= */
  57:main.c        **** int main(void)
  58:main.c        **** {
 287              		.loc 1 58 0
 288              		.cfi_startproc
 289              		@ args = 0, pretend = 0, frame = 360
 290              		@ frame_needed = 1, uses_anonymous_args = 0
 291 0000 80B5     		push	{r7, lr}
 292              		.cfi_def_cfa_offset 8
 293              		.cfi_offset 7, -8
 294              		.cfi_offset 14, -4
 295 0002 DAB0     		sub	sp, sp, #360
 296              		.cfi_def_cfa_offset 368
 297 0004 00AF     		add	r7, sp, #0
 298              		.cfi_def_cfa_register 7
  59:main.c        ****     CyGlobalIntEnable;
 299              		.loc 1 59 0
 300              		.syntax unified
 301              	@ 59 "main.c" 1
 302 0006 62B6     		CPSIE   i
 303              	@ 0 "" 2
  60:main.c        **** 
  61:main.c        ****     PWM_1_Start();
 304              		.loc 1 61 0
ARM GAS  C:\Users\Calvi\AppData\Local\Temp\cc9nrC2f.s 			page 9


 305              		.thumb
 306              		.syntax unified
 307 0008 FFF7FEFF 		bl	PWM_1_Start
  62:main.c        ****     PWM_2_Start();
 308              		.loc 1 62 0
 309 000c FFF7FEFF 		bl	PWM_2_Start
  63:main.c        ****     
  64:main.c        ****     QuadDec_M1_Start();
 310              		.loc 1 64 0
 311 0010 FFF7FEFF 		bl	QuadDec_M1_Start
  65:main.c        ****     QuadDec_M2_Start();
 312              		.loc 1 65 0
 313 0014 FFF7FEFF 		bl	QuadDec_M2_Start
  66:main.c        **** 
  67:main.c        ****     isr_1_StartEx(Timer_TS_ISR_Handler);
 314              		.loc 1 67 0
 315 0018 8148     		ldr	r0, .L32
 316 001a FFF7FEFF 		bl	isr_1_StartEx
  68:main.c        ****     Timer_TS_Start();
 317              		.loc 1 68 0
 318 001e FFF7FEFF 		bl	Timer_TS_Start
  69:main.c        **** 
  70:main.c        **** #ifdef USE_USB
  71:main.c        ****     USBUART_Start(0, USBUART_5V_OPERATION);
 319              		.loc 1 71 0
 320 0022 0121     		movs	r1, #1
 321 0024 0020     		movs	r0, #0
 322 0026 FFF7FEFF 		bl	USBUART_Start
  72:main.c        ****     dbg("\r\n=== USB Debug Interface Initialized ===\r\n");
 323              		.loc 1 72 0
 324 002a 7E48     		ldr	r0, .L32+4
 325 002c FFF7FEFF 		bl	dbg
  73:main.c        **** #endif
  74:main.c        **** 
  75:main.c        ****     dbg("=== Generating instructions from map ===\r\n");
 326              		.loc 1 75 0
 327 0030 7D48     		ldr	r0, .L32+8
 328 0032 FFF7FEFF 		bl	dbg
  76:main.c        **** 
  77:main.c        ****     RobotInstr instructions[MAX_INSTRUCTIONS];
  78:main.c        ****     int food_dists[5];
  79:main.c        ****     int num_instructions = generate_instructions_from_map(instructions, MAX_INSTRUCTIONS, food_dist
 329              		.loc 1 79 0
 330 0036 07F14402 		add	r2, r7, #68
 331 003a 07F15803 		add	r3, r7, #88
 332 003e 4FF48071 		mov	r1, #256
 333 0042 1846     		mov	r0, r3
 334 0044 FFF7FEFF 		bl	generate_instructions_from_map
 335 0048 C7F85801 		str	r0, [r7, #344]
  80:main.c        **** 
  81:main.c        ****     // --- Print plan for debugging ---
  82:main.c        ****     dbg("\r\n=== Instruction Plan ===\r\n");
 336              		.loc 1 82 0
 337 004c 7748     		ldr	r0, .L32+12
 338 004e FFF7FEFF 		bl	dbg
 339              	.LBB2:
  83:main.c        ****     for (int i = 0; i < num_instructions; ++i) {
ARM GAS  C:\Users\Calvi\AppData\Local\Temp\cc9nrC2f.s 			page 10


 340              		.loc 1 83 0
 341 0052 0023     		movs	r3, #0
 342 0054 C7F86431 		str	r3, [r7, #356]
 343 0058 31E0     		b	.L7
 344              	.L16:
  84:main.c        ****         switch (instructions[i].type) {
 345              		.loc 1 84 0
 346 005a 07F15802 		add	r2, r7, #88
 347 005e D7F86431 		ldr	r3, [r7, #356]
 348 0062 1344     		add	r3, r3, r2
 349 0064 1B78     		ldrb	r3, [r3]	@ zero_extendqisi2
 350 0066 042B     		cmp	r3, #4
 351 0068 20D8     		bhi	.L8
 352 006a 01A2     		adr	r2, .L10
 353 006c 52F823F0 		ldr	pc, [r2, r3, lsl #2]
 354              		.p2align 2
 355              	.L10:
 356 0070 85000000 		.word	.L9+1
 357 0074 8D000000 		.word	.L11+1
 358 0078 95000000 		.word	.L12+1
 359 007c 9D000000 		.word	.L13+1
 360 0080 A5000000 		.word	.L14+1
 361              		.p2align 1
 362              	.L9:
  85:main.c        ****             case iSTRAIGHT:     dbg("Plan: STRAIGHT\r\n"); break;
 363              		.loc 1 85 0
 364 0084 6A48     		ldr	r0, .L32+16
 365 0086 FFF7FEFF 		bl	dbg
 366 008a 13E0     		b	.L15
 367              	.L11:
  86:main.c        ****             case iLEFT:         dbg("Plan: LEFT\r\n"); break;
 368              		.loc 1 86 0
 369 008c 6948     		ldr	r0, .L32+20
 370 008e FFF7FEFF 		bl	dbg
 371 0092 0FE0     		b	.L15
 372              	.L12:
  87:main.c        ****             case iRIGHT:        dbg("Plan: RIGHT\r\n"); break;
 373              		.loc 1 87 0
 374 0094 6848     		ldr	r0, .L32+24
 375 0096 FFF7FEFF 		bl	dbg
 376 009a 0BE0     		b	.L15
 377              	.L13:
  88:main.c        ****             case iTURN_AROUND:  dbg("Plan: TURN-AROUND\r\n"); break;
 378              		.loc 1 88 0
 379 009c 6748     		ldr	r0, .L32+28
 380 009e FFF7FEFF 		bl	dbg
 381 00a2 07E0     		b	.L15
 382              	.L14:
  89:main.c        ****             case iSTOP:         dbg("Plan: STOP\r\n"); break;
 383              		.loc 1 89 0
 384 00a4 6648     		ldr	r0, .L32+32
 385 00a6 FFF7FEFF 		bl	dbg
 386 00aa 03E0     		b	.L15
 387              	.L8:
  90:main.c        ****             default:            dbg("Plan: UNKNOWN\r\n"); break;
 388              		.loc 1 90 0
 389 00ac 6548     		ldr	r0, .L32+36
ARM GAS  C:\Users\Calvi\AppData\Local\Temp\cc9nrC2f.s 			page 11


 390 00ae FFF7FEFF 		bl	dbg
 391 00b2 00BF     		nop
 392              	.L15:
  83:main.c        ****         switch (instructions[i].type) {
 393              		.loc 1 83 0 discriminator 2
 394 00b4 D7F86431 		ldr	r3, [r7, #356]
 395 00b8 0133     		adds	r3, r3, #1
 396 00ba C7F86431 		str	r3, [r7, #356]
 397              	.L7:
  83:main.c        ****         switch (instructions[i].type) {
 398              		.loc 1 83 0 is_stmt 0 discriminator 1
 399 00be D7F86421 		ldr	r2, [r7, #356]
 400 00c2 D7F85831 		ldr	r3, [r7, #344]
 401 00c6 9A42     		cmp	r2, r3
 402 00c8 C7DB     		blt	.L16
 403              	.LBE2:
  91:main.c        ****         }
  92:main.c        ****     }
  93:main.c        **** 
  94:main.c        ****     dbg("\r\n=== Food Distances ===\r\n");
 404              		.loc 1 94 0 is_stmt 1
 405 00ca 5F48     		ldr	r0, .L32+40
 406 00cc FFF7FEFF 		bl	dbg
 407              	.LBB3:
  95:main.c        ****     for (int i = 0; i < 5; ++i) {
 408              		.loc 1 95 0
 409 00d0 0023     		movs	r3, #0
 410 00d2 C7F86031 		str	r3, [r7, #352]
 411 00d6 14E0     		b	.L17
 412              	.L18:
 413              	.LBB4:
  96:main.c        ****         char msg[32];
  97:main.c        ****         sprintf(msg, "Food %d: %d\r\n", i, food_dists[i]);
 414              		.loc 1 97 0 discriminator 3
 415 00d8 07F14403 		add	r3, r7, #68
 416 00dc D7F86021 		ldr	r2, [r7, #352]
 417 00e0 53F82230 		ldr	r3, [r3, r2, lsl #2]
 418 00e4 381D     		adds	r0, r7, #4
 419 00e6 D7F86021 		ldr	r2, [r7, #352]
 420 00ea 5849     		ldr	r1, .L32+44
 421 00ec FFF7FEFF 		bl	sprintf
  98:main.c        ****         dbg(msg);
 422              		.loc 1 98 0 discriminator 3
 423 00f0 3B1D     		adds	r3, r7, #4
 424 00f2 1846     		mov	r0, r3
 425 00f4 FFF7FEFF 		bl	dbg
 426              	.LBE4:
  95:main.c        ****     for (int i = 0; i < 5; ++i) {
 427              		.loc 1 95 0 discriminator 3
 428 00f8 D7F86031 		ldr	r3, [r7, #352]
 429 00fc 0133     		adds	r3, r3, #1
 430 00fe C7F86031 		str	r3, [r7, #352]
 431              	.L17:
  95:main.c        ****     for (int i = 0; i < 5; ++i) {
 432              		.loc 1 95 0 is_stmt 0 discriminator 1
 433 0102 D7F86031 		ldr	r3, [r7, #352]
 434 0106 042B     		cmp	r3, #4
ARM GAS  C:\Users\Calvi\AppData\Local\Temp\cc9nrC2f.s 			page 12


 435 0108 E6DD     		ble	.L18
 436              	.LBE3:
  99:main.c        ****     }
 100:main.c        **** 
 101:main.c        ****     dbg("\r\n=== Beginning Execution ===\r\n");
 437              		.loc 1 101 0 is_stmt 1
 438 010a 5148     		ldr	r0, .L32+48
 439 010c FFF7FEFF 		bl	dbg
 440              	.LBB5:
 102:main.c        **** 
 103:main.c        ****     // --- Execute plan ---
 104:main.c        ****     for (int i = 0; i < num_instructions; ++i)
 441              		.loc 1 104 0
 442 0110 0023     		movs	r3, #0
 443 0112 C7F85C31 		str	r3, [r7, #348]
 444 0116 72E0     		b	.L19
 445              	.L30:
 446              	.LBB6:
 105:main.c        ****     {
 106:main.c        ****         char msg[64];
 107:main.c        ****         sprintf(msg, "\r\n[STATE] Executing instruction %d: ", i);
 447              		.loc 1 107 0
 448 0118 3B1D     		adds	r3, r7, #4
 449 011a D7F85C21 		ldr	r2, [r7, #348]
 450 011e 4D49     		ldr	r1, .L32+52
 451 0120 1846     		mov	r0, r3
 452 0122 FFF7FEFF 		bl	sprintf
 108:main.c        ****         dbg(msg);
 453              		.loc 1 108 0
 454 0126 3B1D     		adds	r3, r7, #4
 455 0128 1846     		mov	r0, r3
 456 012a FFF7FEFF 		bl	dbg
 109:main.c        **** 
 110:main.c        ****         switch (instructions[i].type)
 457              		.loc 1 110 0
 458 012e 07F15802 		add	r2, r7, #88
 459 0132 D7F85C31 		ldr	r3, [r7, #348]
 460 0136 1344     		add	r3, r3, r2
 461 0138 1B78     		ldrb	r3, [r3]	@ zero_extendqisi2
 462 013a 042B     		cmp	r3, #4
 463 013c 51D8     		bhi	.L20
 464 013e 01A2     		adr	r2, .L22
 465 0140 52F823F0 		ldr	pc, [r2, r3, lsl #2]
 466              		.p2align 2
 467              	.L22:
 468 0144 59010000 		.word	.L21+1
 469 0148 A5010000 		.word	.L23+1
 470 014c B7010000 		.word	.L24+1
 471 0150 C9010000 		.word	.L25+1
 472 0154 DB010000 		.word	.L26+1
 473              		.p2align 1
 474              	.L21:
 111:main.c        ****         {
 112:main.c        ****             case iSTRAIGHT:
 113:main.c        ****                 if (instructions[i+1].type == iSTOP)
 475              		.loc 1 113 0
 476 0158 D7F85C31 		ldr	r3, [r7, #348]
ARM GAS  C:\Users\Calvi\AppData\Local\Temp\cc9nrC2f.s 			page 13


 477 015c 0133     		adds	r3, r3, #1
 478 015e 07F15802 		add	r2, r7, #88
 479 0162 D35C     		ldrb	r3, [r2, r3]	@ zero_extendqisi2
 480 0164 042B     		cmp	r3, #4
 481 0166 15D1     		bne	.L27
 114:main.c        ****                 {
 115:main.c        ****                     if (food_index < 5)
 482              		.loc 1 115 0
 483 0168 3B4B     		ldr	r3, .L32+56
 484 016a 1B78     		ldrb	r3, [r3]	@ zero_extendqisi2
 485 016c 042B     		cmp	r3, #4
 486 016e 19D8     		bhi	.L23
 116:main.c        ****                     {
 117:main.c        ****                         run_for_food(food_dists[food_index]);
 487              		.loc 1 117 0
 488 0170 394B     		ldr	r3, .L32+56
 489 0172 1B78     		ldrb	r3, [r3]	@ zero_extendqisi2
 490 0174 1A46     		mov	r2, r3
 491 0176 07F14403 		add	r3, r7, #68
 492 017a 53F82230 		ldr	r3, [r3, r2, lsl #2]
 493 017e DBB2     		uxtb	r3, r3
 494 0180 1846     		mov	r0, r3
 495 0182 FFF7FEFF 		bl	run_for_food
 118:main.c        ****                         food_index++;
 496              		.loc 1 118 0
 497 0186 344B     		ldr	r3, .L32+56
 498 0188 1B78     		ldrb	r3, [r3]	@ zero_extendqisi2
 499 018a 0133     		adds	r3, r3, #1
 500 018c DAB2     		uxtb	r2, r3
 501 018e 324B     		ldr	r3, .L32+56
 502 0190 1A70     		strb	r2, [r3]
 503 0192 07E0     		b	.L23
 504              	.L27:
 119:main.c        ****                     }
 120:main.c        ****                 } else{
 121:main.c        ****                     dbg("STRAIGHT\r\n");
 505              		.loc 1 121 0
 506 0194 3148     		ldr	r0, .L32+60
 507 0196 FFF7FEFF 		bl	dbg
 122:main.c        ****                     move_forward_until_intersection();
 508              		.loc 1 122 0
 509 019a FFF7FEFF 		bl	move_forward_until_intersection
 123:main.c        ****                     dbg("[DONE] Straight movement complete\r\n");
 510              		.loc 1 123 0
 511 019e 3048     		ldr	r0, .L32+64
 512 01a0 FFF7FEFF 		bl	dbg
 513              	.L23:
 124:main.c        ****                 }
 125:main.c        **** 
 126:main.c        **** 
 127:main.c        ****             case iLEFT:
 128:main.c        ****                 dbg("LEFT TURN\r\n");
 514              		.loc 1 128 0
 515 01a4 2F48     		ldr	r0, .L32+68
 516 01a6 FFF7FEFF 		bl	dbg
 129:main.c        ****                 turn_left_enc();
 517              		.loc 1 129 0
ARM GAS  C:\Users\Calvi\AppData\Local\Temp\cc9nrC2f.s 			page 14


 518 01aa FFF7FEFF 		bl	turn_left_enc
 130:main.c        ****                 dbg("[DONE] Left turn complete\r\n");
 519              		.loc 1 130 0
 520 01ae 2E48     		ldr	r0, .L32+72
 521 01b0 FFF7FEFF 		bl	dbg
 131:main.c        ****                 break;
 522              		.loc 1 131 0
 523 01b4 1BE0     		b	.L29
 524              	.L24:
 132:main.c        **** 
 133:main.c        ****             case iRIGHT:
 134:main.c        ****                 dbg("RIGHT TURN\r\n");
 525              		.loc 1 134 0
 526 01b6 2D48     		ldr	r0, .L32+76
 527 01b8 FFF7FEFF 		bl	dbg
 135:main.c        ****                 turn_right_enc();
 528              		.loc 1 135 0
 529 01bc FFF7FEFF 		bl	turn_right_enc
 136:main.c        ****                 dbg("[DONE] Right turn complete\r\n");
 530              		.loc 1 136 0
 531 01c0 2B48     		ldr	r0, .L32+80
 532 01c2 FFF7FEFF 		bl	dbg
 137:main.c        ****                 break;
 533              		.loc 1 137 0
 534 01c6 12E0     		b	.L29
 535              	.L25:
 138:main.c        **** 
 139:main.c        ****             case iTURN_AROUND:
 140:main.c        ****                 dbg("TURN-AROUND\r\n");
 536              		.loc 1 140 0
 537 01c8 2A48     		ldr	r0, .L32+84
 538 01ca FFF7FEFF 		bl	dbg
 141:main.c        ****                 u_turn_enc();
 539              		.loc 1 141 0
 540 01ce FFF7FEFF 		bl	u_turn_enc
 142:main.c        ****                 dbg("[DONE] U-turn complete\r\n");
 541              		.loc 1 142 0
 542 01d2 2948     		ldr	r0, .L32+88
 543 01d4 FFF7FEFF 		bl	dbg
 143:main.c        ****                 break;
 544              		.loc 1 143 0
 545 01d8 09E0     		b	.L29
 546              	.L26:
 144:main.c        **** 
 145:main.c        ****             case iSTOP:
 146:main.c        ****                 //dbg("STOP\r\n");
 147:main.c        ****                 //stop();
 148:main.c        ****                 //CyDelay(1000);
 149:main.c        ****                 //dbg("[DONE] Stop complete\r\n");
 150:main.c        ****                 dbg("[DONE] Stop complete\r\n");
 547              		.loc 1 150 0
 548 01da 2848     		ldr	r0, .L32+92
 549 01dc FFF7FEFF 		bl	dbg
 151:main.c        ****                 break;
 550              		.loc 1 151 0
 551 01e0 05E0     		b	.L29
 552              	.L20:
ARM GAS  C:\Users\Calvi\AppData\Local\Temp\cc9nrC2f.s 			page 15


 152:main.c        **** 
 153:main.c        ****             default:
 154:main.c        ****                 dbg("UNKNOWN INSTRUCTION\r\n");
 553              		.loc 1 154 0
 554 01e2 2748     		ldr	r0, .L32+96
 555 01e4 FFF7FEFF 		bl	dbg
 155:main.c        ****                 stop();
 556              		.loc 1 155 0
 557 01e8 FFF7FEFF 		bl	stop
 156:main.c        ****                 break;
 558              		.loc 1 156 0
 559 01ec 00BF     		nop
 560              	.L29:
 157:main.c        ****         }
 158:main.c        **** 
 159:main.c        ****         // Optional short delay between instructions for clarity
 160:main.c        ****         CyDelay(250);
 561              		.loc 1 160 0 discriminator 2
 562 01ee FA20     		movs	r0, #250
 563 01f0 FFF7FEFF 		bl	CyDelay
 564              	.LBE6:
 104:main.c        ****     {
 565              		.loc 1 104 0 discriminator 2
 566 01f4 D7F85C31 		ldr	r3, [r7, #348]
 567 01f8 0133     		adds	r3, r3, #1
 568 01fa C7F85C31 		str	r3, [r7, #348]
 569              	.L19:
 104:main.c        ****     {
 570              		.loc 1 104 0 is_stmt 0 discriminator 1
 571 01fe D7F85C21 		ldr	r2, [r7, #348]
 572 0202 D7F85831 		ldr	r3, [r7, #344]
 573 0206 9A42     		cmp	r2, r3
 574 0208 86DB     		blt	.L30
 575              	.LBE5:
 161:main.c        ****     }
 162:main.c        **** 
 163:main.c        ****     dbg("===Path Complete Entering Idle Mode ===\r\n");
 576              		.loc 1 163 0 is_stmt 1
 577 020a 1E48     		ldr	r0, .L32+100
 578 020c FFF7FEFF 		bl	dbg
 579              	.L31:
 164:main.c        **** 
 165:main.c        ****     // --- Idle (hold motors steady) ---
 166:main.c        ****     for(;;)
 167:main.c        ****     { 
 168:main.c        ****         PWM_1_WriteCompare(255); 
 580              		.loc 1 168 0 discriminator 1
 581 0210 FF20     		movs	r0, #255
 582 0212 FFF7FEFF 		bl	PWM_1_WriteCompare
 169:main.c        ****         PWM_2_WriteCompare(127); 
 583              		.loc 1 169 0 discriminator 1
 584 0216 7F20     		movs	r0, #127
 585 0218 FFF7FEFF 		bl	PWM_2_WriteCompare
 170:main.c        ****     }
 586              		.loc 1 170 0 discriminator 1
 587 021c F8E7     		b	.L31
 588              	.L33:
ARM GAS  C:\Users\Calvi\AppData\Local\Temp\cc9nrC2f.s 			page 16


 589 021e 00BF     		.align	2
 590              	.L32:
 591 0220 00000000 		.word	Timer_TS_ISR_Handler
 592 0224 00000000 		.word	.LC0
 593 0228 2C000000 		.word	.LC1
 594 022c 58000000 		.word	.LC2
 595 0230 78000000 		.word	.LC3
 596 0234 8C000000 		.word	.LC4
 597 0238 9C000000 		.word	.LC5
 598 023c AC000000 		.word	.LC6
 599 0240 C0000000 		.word	.LC7
 600 0244 D0000000 		.word	.LC8
 601 0248 E0000000 		.word	.LC9
 602 024c FC000000 		.word	.LC10
 603 0250 0C010000 		.word	.LC11
 604 0254 2C010000 		.word	.LC12
 605 0258 00000000 		.word	food_index
 606 025c 54010000 		.word	.LC13
 607 0260 60010000 		.word	.LC14
 608 0264 84010000 		.word	.LC15
 609 0268 90010000 		.word	.LC16
 610 026c AC010000 		.word	.LC17
 611 0270 BC010000 		.word	.LC18
 612 0274 DC010000 		.word	.LC19
 613 0278 EC010000 		.word	.LC20
 614 027c 08020000 		.word	.LC21
 615 0280 20020000 		.word	.LC22
 616 0284 38020000 		.word	.LC23
 617              		.cfi_endproc
 618              	.LFE66:
 619              		.size	main, .-main
 620              		.section	.text.usbPutString,"ax",%progbits
 621              		.align	2
 622              		.global	usbPutString
 623              		.thumb
 624              		.thumb_func
 625              		.type	usbPutString, %function
 626              	usbPutString:
 627              	.LFB67:
 171:main.c        **** }
 172:main.c        **** 
 173:main.c        **** // ==========================================================
 174:main.c        **** // USB Communication Functions
 175:main.c        **** // ==========================================================
 176:main.c        **** void usbPutString(char *s)
 177:main.c        **** {
 628              		.loc 1 177 0
 629              		.cfi_startproc
 630              		@ args = 0, pretend = 0, frame = 8
 631              		@ frame_needed = 1, uses_anonymous_args = 0
 632 0000 80B5     		push	{r7, lr}
 633              		.cfi_def_cfa_offset 8
 634              		.cfi_offset 7, -8
 635              		.cfi_offset 14, -4
 636 0002 82B0     		sub	sp, sp, #8
 637              		.cfi_def_cfa_offset 16
 638 0004 00AF     		add	r7, sp, #0
ARM GAS  C:\Users\Calvi\AppData\Local\Temp\cc9nrC2f.s 			page 17


 639              		.cfi_def_cfa_register 7
 640 0006 7860     		str	r0, [r7, #4]
 178:main.c        **** #ifdef USE_USB
 179:main.c        ****     while (USBUART_CDCIsReady() == 0) {}
 641              		.loc 1 179 0
 642 0008 00BF     		nop
 643              	.L35:
 644              		.loc 1 179 0 is_stmt 0 discriminator 1
 645 000a FFF7FEFF 		bl	USBUART_CDCIsReady
 646 000e 0346     		mov	r3, r0
 647 0010 002B     		cmp	r3, #0
 648 0012 FAD0     		beq	.L35
 180:main.c        ****     USBUART_PutData((uint8*)s, (uint16)strlen(s));
 649              		.loc 1 180 0 is_stmt 1
 650 0014 7868     		ldr	r0, [r7, #4]
 651 0016 FFF7FEFF 		bl	strlen
 652 001a 0346     		mov	r3, r0
 653 001c 9BB2     		uxth	r3, r3
 654 001e 1946     		mov	r1, r3
 655 0020 7868     		ldr	r0, [r7, #4]
 656 0022 FFF7FEFF 		bl	USBUART_PutData
 181:main.c        **** #else
 182:main.c        ****     (void)s;
 183:main.c        **** #endif
 184:main.c        **** }
 657              		.loc 1 184 0
 658 0026 00BF     		nop
 659 0028 0837     		adds	r7, r7, #8
 660              		.cfi_def_cfa_offset 8
 661 002a BD46     		mov	sp, r7
 662              		.cfi_def_cfa_register 13
 663              		@ sp needed
 664 002c 80BD     		pop	{r7, pc}
 665              		.cfi_endproc
 666              	.LFE67:
 667              		.size	usbPutString, .-usbPutString
 668              		.section	.text.usbPutChar,"ax",%progbits
 669              		.align	2
 670              		.global	usbPutChar
 671              		.thumb
 672              		.thumb_func
 673              		.type	usbPutChar, %function
 674              	usbPutChar:
 675              	.LFB68:
 185:main.c        **** 
 186:main.c        **** void usbPutChar(char c)
 187:main.c        **** {
 676              		.loc 1 187 0
 677              		.cfi_startproc
 678              		@ args = 0, pretend = 0, frame = 8
 679              		@ frame_needed = 1, uses_anonymous_args = 0
 680 0000 80B5     		push	{r7, lr}
 681              		.cfi_def_cfa_offset 8
 682              		.cfi_offset 7, -8
 683              		.cfi_offset 14, -4
 684 0002 82B0     		sub	sp, sp, #8
 685              		.cfi_def_cfa_offset 16
ARM GAS  C:\Users\Calvi\AppData\Local\Temp\cc9nrC2f.s 			page 18


 686 0004 00AF     		add	r7, sp, #0
 687              		.cfi_def_cfa_register 7
 688 0006 0346     		mov	r3, r0
 689 0008 FB71     		strb	r3, [r7, #7]
 188:main.c        **** #ifdef USE_USB
 189:main.c        ****     while (USBUART_CDCIsReady() == 0) {}
 690              		.loc 1 189 0
 691 000a 00BF     		nop
 692              	.L37:
 693              		.loc 1 189 0 is_stmt 0 discriminator 1
 694 000c FFF7FEFF 		bl	USBUART_CDCIsReady
 695 0010 0346     		mov	r3, r0
 696 0012 002B     		cmp	r3, #0
 697 0014 FAD0     		beq	.L37
 190:main.c        ****     USBUART_PutChar((uint8)c);
 698              		.loc 1 190 0 is_stmt 1
 699 0016 FB79     		ldrb	r3, [r7, #7]	@ zero_extendqisi2
 700 0018 1846     		mov	r0, r3
 701 001a FFF7FEFF 		bl	USBUART_PutChar
 191:main.c        **** #else
 192:main.c        ****     (void)c;
 193:main.c        **** #endif
 194:main.c        **** }
 702              		.loc 1 194 0
 703 001e 00BF     		nop
 704 0020 0837     		adds	r7, r7, #8
 705              		.cfi_def_cfa_offset 8
 706 0022 BD46     		mov	sp, r7
 707              		.cfi_def_cfa_register 13
 708              		@ sp needed
 709 0024 80BD     		pop	{r7, pc}
 710              		.cfi_endproc
 711              	.LFE68:
 712              		.size	usbPutChar, .-usbPutChar
 713 0026 00BF     		.section	.rodata
 714 0262 0000     		.align	2
 715              	.LC24:
 716 0264 5B555342 		.ascii	"[USB] Configuration initialized\015\012\000"
 716      5D20436F 
 716      6E666967 
 716      75726174 
 716      696F6E20 
 717              		.section	.text.handle_usb,"ax",%progbits
 718              		.align	2
 719              		.global	handle_usb
 720              		.thumb
 721              		.thumb_func
 722              		.type	handle_usb, %function
 723              	handle_usb:
 724              	.LFB69:
 195:main.c        **** 
 196:main.c        **** // ==========================================================
 197:main.c        **** // USB Command Handler (for keyboard/Putty input, optional)
 198:main.c        **** // ==========================================================
 199:main.c        **** void handle_usb(void)
 200:main.c        **** {
 725              		.loc 1 200 0
ARM GAS  C:\Users\Calvi\AppData\Local\Temp\cc9nrC2f.s 			page 19


 726              		.cfi_startproc
 727              		@ args = 0, pretend = 0, frame = 8
 728              		@ frame_needed = 1, uses_anonymous_args = 0
 729 0000 80B5     		push	{r7, lr}
 730              		.cfi_def_cfa_offset 8
 731              		.cfi_offset 7, -8
 732              		.cfi_offset 14, -4
 733 0002 82B0     		sub	sp, sp, #8
 734              		.cfi_def_cfa_offset 16
 735 0004 00AF     		add	r7, sp, #0
 736              		.cfi_def_cfa_register 7
 201:main.c        **** #ifdef USE_USB
 202:main.c        ****     static uint8 usbStarted = FALSE;
 203:main.c        ****     static uint16 usbBufCount = 0;
 204:main.c        **** 
 205:main.c        ****     if (!usbStarted)
 737              		.loc 1 205 0
 738 0006 2C4B     		ldr	r3, .L49
 739 0008 1B78     		ldrb	r3, [r3]	@ zero_extendqisi2
 740 000a 002B     		cmp	r3, #0
 741 000c 0DD1     		bne	.L39
 206:main.c        ****     {
 207:main.c        ****         if (USBUART_GetConfiguration())
 742              		.loc 1 207 0
 743 000e FFF7FEFF 		bl	USBUART_GetConfiguration
 744 0012 0346     		mov	r3, r0
 745 0014 002B     		cmp	r3, #0
 746 0016 48D0     		beq	.L47
 208:main.c        ****         {
 209:main.c        ****             USBUART_CDC_Init();
 747              		.loc 1 209 0
 748 0018 FFF7FEFF 		bl	USBUART_CDC_Init
 210:main.c        ****             usbStarted = TRUE;
 749              		.loc 1 210 0
 750 001c 264B     		ldr	r3, .L49
 751 001e 0122     		movs	r2, #1
 752 0020 1A70     		strb	r2, [r3]
 211:main.c        ****             dbg("[USB] Configuration initialized\r\n");
 753              		.loc 1 211 0
 754 0022 2648     		ldr	r0, .L49+4
 755 0024 FFF7FEFF 		bl	dbg
 212:main.c        ****         }
 213:main.c        ****         return;
 756              		.loc 1 213 0
 757 0028 3FE0     		b	.L47
 758              	.L39:
 214:main.c        ****     }
 215:main.c        **** 
 216:main.c        ****     if (USBUART_DataIsReady() == 0)
 759              		.loc 1 216 0
 760 002a FFF7FEFF 		bl	USBUART_DataIsReady
 761 002e 0346     		mov	r3, r0
 762 0030 002B     		cmp	r3, #0
 763 0032 3CD0     		beq	.L48
 217:main.c        ****         return;
 218:main.c        **** 
 219:main.c        ****     uint8 c = USBUART_GetChar();
ARM GAS  C:\Users\Calvi\AppData\Local\Temp\cc9nrC2f.s 			page 20


 764              		.loc 1 219 0
 765 0034 FFF7FEFF 		bl	USBUART_GetChar
 766 0038 0346     		mov	r3, r0
 767 003a FB71     		strb	r3, [r7, #7]
 220:main.c        **** 
 221:main.c        ****     if ((c == CHAR_ENTER) || (c == '\n'))
 768              		.loc 1 221 0
 769 003c FB79     		ldrb	r3, [r7, #7]	@ zero_extendqisi2
 770 003e 0D2B     		cmp	r3, #13
 771 0040 02D0     		beq	.L43
 772              		.loc 1 221 0 is_stmt 0 discriminator 1
 773 0042 FB79     		ldrb	r3, [r7, #7]	@ zero_extendqisi2
 774 0044 0A2B     		cmp	r3, #10
 775 0046 10D1     		bne	.L44
 776              	.L43:
 222:main.c        ****     {
 223:main.c        ****         entry[usbBufCount] = '\0';
 777              		.loc 1 223 0 is_stmt 1
 778 0048 1D4B     		ldr	r3, .L49+8
 779 004a 1B88     		ldrh	r3, [r3]
 780 004c 1A46     		mov	r2, r3
 781 004e 1D4B     		ldr	r3, .L49+12
 782 0050 0021     		movs	r1, #0
 783 0052 9954     		strb	r1, [r3, r2]
 224:main.c        ****         strcpy(line, entry);
 784              		.loc 1 224 0
 785 0054 1B49     		ldr	r1, .L49+12
 786 0056 1C48     		ldr	r0, .L49+16
 787 0058 FFF7FEFF 		bl	strcpy
 225:main.c        ****         usbBufCount = 0;
 788              		.loc 1 225 0
 789 005c 184B     		ldr	r3, .L49+8
 790 005e 0022     		movs	r2, #0
 791 0060 1A80     		strh	r2, [r3]	@ movhi
 226:main.c        ****         flag_KB_string = 1;
 792              		.loc 1 226 0
 793 0062 1A4B     		ldr	r3, .L49+20
 794 0064 0122     		movs	r2, #1
 795 0066 1A70     		strb	r2, [r3]
 796 0068 22E0     		b	.L38
 797              	.L44:
 227:main.c        ****     }
 228:main.c        ****     else
 229:main.c        ****     {
 230:main.c        ****         if (((c == CHAR_BACKSP) || (c == CHAR_DEL)) && (usbBufCount > 0))
 798              		.loc 1 230 0
 799 006a FB79     		ldrb	r3, [r7, #7]	@ zero_extendqisi2
 800 006c 082B     		cmp	r3, #8
 801 006e 02D0     		beq	.L45
 802              		.loc 1 230 0 is_stmt 0 discriminator 2
 803 0070 FB79     		ldrb	r3, [r7, #7]	@ zero_extendqisi2
 804 0072 7F2B     		cmp	r3, #127
 805 0074 0AD1     		bne	.L46
 806              	.L45:
 807              		.loc 1 230 0 discriminator 3
 808 0076 124B     		ldr	r3, .L49+8
 809 0078 1B88     		ldrh	r3, [r3]
ARM GAS  C:\Users\Calvi\AppData\Local\Temp\cc9nrC2f.s 			page 21


 810 007a 002B     		cmp	r3, #0
 811 007c 06D0     		beq	.L46
 231:main.c        ****         {
 232:main.c        ****             usbBufCount--;
 812              		.loc 1 232 0 is_stmt 1
 813 007e 104B     		ldr	r3, .L49+8
 814 0080 1B88     		ldrh	r3, [r3]
 815 0082 013B     		subs	r3, r3, #1
 816 0084 9AB2     		uxth	r2, r3
 817 0086 0E4B     		ldr	r3, .L49+8
 818 0088 1A80     		strh	r2, [r3]	@ movhi
 819 008a 11E0     		b	.L38
 820              	.L46:
 233:main.c        ****         }
 234:main.c        ****         else if (usbBufCount < (BUF_SIZE - 2))
 821              		.loc 1 234 0
 822 008c 0C4B     		ldr	r3, .L49+8
 823 008e 1B88     		ldrh	r3, [r3]
 824 0090 3D2B     		cmp	r3, #61
 825 0092 0DD8     		bhi	.L38
 235:main.c        ****         {
 236:main.c        ****             entry[usbBufCount++] = (char)c;
 826              		.loc 1 236 0
 827 0094 0A4B     		ldr	r3, .L49+8
 828 0096 1B88     		ldrh	r3, [r3]
 829 0098 5A1C     		adds	r2, r3, #1
 830 009a 91B2     		uxth	r1, r2
 831 009c 084A     		ldr	r2, .L49+8
 832 009e 1180     		strh	r1, [r2]	@ movhi
 833 00a0 1946     		mov	r1, r3
 834 00a2 084A     		ldr	r2, .L49+12
 835 00a4 FB79     		ldrb	r3, [r7, #7]
 836 00a6 5354     		strb	r3, [r2, r1]
 837 00a8 02E0     		b	.L38
 838              	.L47:
 213:main.c        ****     }
 839              		.loc 1 213 0
 840 00aa 00BF     		nop
 841 00ac 00E0     		b	.L38
 842              	.L48:
 217:main.c        **** 
 843              		.loc 1 217 0
 844 00ae 00BF     		nop
 845              	.L38:
 237:main.c        ****         }
 238:main.c        ****     }
 239:main.c        **** #endif
 240:main.c        **** }
 846              		.loc 1 240 0
 847 00b0 0837     		adds	r7, r7, #8
 848              		.cfi_def_cfa_offset 8
 849 00b2 BD46     		mov	sp, r7
 850              		.cfi_def_cfa_register 13
 851              		@ sp needed
 852 00b4 80BD     		pop	{r7, pc}
 853              	.L50:
 854 00b6 00BF     		.align	2
ARM GAS  C:\Users\Calvi\AppData\Local\Temp\cc9nrC2f.s 			page 22


 855              	.L49:
 856 00b8 18000000 		.word	usbStarted.8630
 857 00bc 64020000 		.word	.LC24
 858 00c0 1A000000 		.word	usbBufCount.8631
 859 00c4 00000000 		.word	entry
 860 00c8 00000000 		.word	line
 861 00cc 00000000 		.word	flag_KB_string
 862              		.cfi_endproc
 863              	.LFE69:
 864              		.size	handle_usb, .-handle_usb
 865              		.bss
 866              	usbStarted.8630:
 867 0018 00       		.space	1
 868 0019 00       		.align	1
 869              	usbBufCount.8631:
 870 001a 0000     		.space	2
 871              		.text
 872              	.Letext0:
 873              		.file 2 "c:\\program files (x86)\\cypress\\psoc creator\\4.4\\psoc creator\\import\\gnu\\arm\\5.4.
 874              		.file 3 "c:\\program files (x86)\\cypress\\psoc creator\\4.4\\psoc creator\\import\\gnu\\arm\\5.4.
 875              		.file 4 "Generated_Source\\PSoC5/cytypes.h"
 876              		.file 5 "vars.h"
 877              		.file 6 "SENSORS_READ.h"
 878              		.file 7 "map_to_instructions.h"
 879              		.file 8 "Generated_Source\\PSoC5/core_cm3.h"
 880              		.section	.debug_info,"",%progbits
 881              	.Ldebug_info0:
 882 0000 DF050000 		.4byte	0x5df
 883 0004 0400     		.2byte	0x4
 884 0006 00000000 		.4byte	.Ldebug_abbrev0
 885 000a 04       		.byte	0x4
 886 000b 01       		.uleb128 0x1
 887 000c 87000000 		.4byte	.LASF86
 888 0010 0C       		.byte	0xc
 889 0011 72030000 		.4byte	.LASF87
 890 0015 1A010000 		.4byte	.LASF88
 891 0019 00000000 		.4byte	.Ldebug_ranges0+0
 892 001d 00000000 		.4byte	0
 893 0021 00000000 		.4byte	.Ldebug_line0
 894 0025 02       		.uleb128 0x2
 895 0026 01       		.byte	0x1
 896 0027 06       		.byte	0x6
 897 0028 5C020000 		.4byte	.LASF0
 898 002c 03       		.uleb128 0x3
 899 002d F4010000 		.4byte	.LASF4
 900 0031 02       		.byte	0x2
 901 0032 1D       		.byte	0x1d
 902 0033 37000000 		.4byte	0x37
 903 0037 02       		.uleb128 0x2
 904 0038 01       		.byte	0x1
 905 0039 08       		.byte	0x8
 906 003a 25020000 		.4byte	.LASF1
 907 003e 02       		.uleb128 0x2
 908 003f 02       		.byte	0x2
 909 0040 05       		.byte	0x5
 910 0041 56000000 		.4byte	.LASF2
 911 0045 02       		.uleb128 0x2
ARM GAS  C:\Users\Calvi\AppData\Local\Temp\cc9nrC2f.s 			page 23


 912 0046 02       		.byte	0x2
 913 0047 07       		.byte	0x7
 914 0048 EC020000 		.4byte	.LASF3
 915 004c 03       		.uleb128 0x3
 916 004d B9030000 		.4byte	.LASF5
 917 0051 02       		.byte	0x2
 918 0052 3F       		.byte	0x3f
 919 0053 57000000 		.4byte	0x57
 920 0057 02       		.uleb128 0x2
 921 0058 04       		.byte	0x4
 922 0059 05       		.byte	0x5
 923 005a EB010000 		.4byte	.LASF6
 924 005e 02       		.uleb128 0x2
 925 005f 04       		.byte	0x4
 926 0060 07       		.byte	0x7
 927 0061 87030000 		.4byte	.LASF7
 928 0065 02       		.uleb128 0x2
 929 0066 08       		.byte	0x8
 930 0067 05       		.byte	0x5
 931 0068 9A010000 		.4byte	.LASF8
 932 006c 02       		.uleb128 0x2
 933 006d 08       		.byte	0x8
 934 006e 07       		.byte	0x7
 935 006f 68020000 		.4byte	.LASF9
 936 0073 04       		.uleb128 0x4
 937 0074 04       		.byte	0x4
 938 0075 05       		.byte	0x5
 939 0076 696E7400 		.ascii	"int\000"
 940 007a 02       		.uleb128 0x2
 941 007b 04       		.byte	0x4
 942 007c 07       		.byte	0x7
 943 007d 93020000 		.4byte	.LASF10
 944 0081 03       		.uleb128 0x3
 945 0082 0B020000 		.4byte	.LASF11
 946 0086 03       		.byte	0x3
 947 0087 18       		.byte	0x18
 948 0088 2C000000 		.4byte	0x2c
 949 008c 03       		.uleb128 0x3
 950 008d 2A030000 		.4byte	.LASF12
 951 0091 03       		.byte	0x3
 952 0092 2C       		.byte	0x2c
 953 0093 4C000000 		.4byte	0x4c
 954 0097 05       		.uleb128 0x5
 955 0098 68010000 		.4byte	.LASF13
 956 009c 04       		.byte	0x4
 957 009d E901     		.2byte	0x1e9
 958 009f 37000000 		.4byte	0x37
 959 00a3 05       		.uleb128 0x5
 960 00a4 55010000 		.4byte	.LASF14
 961 00a8 04       		.byte	0x4
 962 00a9 EA01     		.2byte	0x1ea
 963 00ab 45000000 		.4byte	0x45
 964 00af 05       		.uleb128 0x5
 965 00b0 B5010000 		.4byte	.LASF15
 966 00b4 04       		.byte	0x4
 967 00b5 EC01     		.2byte	0x1ec
 968 00b7 25000000 		.4byte	0x25
ARM GAS  C:\Users\Calvi\AppData\Local\Temp\cc9nrC2f.s 			page 24


 969 00bb 05       		.uleb128 0x5
 970 00bc 62010000 		.4byte	.LASF16
 971 00c0 04       		.byte	0x4
 972 00c1 ED01     		.2byte	0x1ed
 973 00c3 3E000000 		.4byte	0x3e
 974 00c7 02       		.uleb128 0x2
 975 00c8 04       		.byte	0x4
 976 00c9 04       		.byte	0x4
 977 00ca 94010000 		.4byte	.LASF17
 978 00ce 02       		.uleb128 0x2
 979 00cf 08       		.byte	0x8
 980 00d0 04       		.byte	0x4
 981 00d1 17000000 		.4byte	.LASF18
 982 00d5 02       		.uleb128 0x2
 983 00d6 01       		.byte	0x1
 984 00d7 08       		.byte	0x8
 985 00d8 D1010000 		.4byte	.LASF19
 986 00dc 02       		.uleb128 0x2
 987 00dd 08       		.byte	0x8
 988 00de 04       		.byte	0x4
 989 00df 13020000 		.4byte	.LASF20
 990 00e3 02       		.uleb128 0x2
 991 00e4 04       		.byte	0x4
 992 00e5 07       		.byte	0x7
 993 00e6 6D000000 		.4byte	.LASF21
 994 00ea 06       		.uleb128 0x6
 995 00eb 04       		.byte	0x4
 996 00ec D5000000 		.4byte	0xd5
 997 00f0 06       		.uleb128 0x6
 998 00f1 04       		.byte	0x4
 999 00f2 F6000000 		.4byte	0xf6
 1000 00f6 07       		.uleb128 0x7
 1001 00f7 D5000000 		.4byte	0xd5
 1002 00fb 08       		.uleb128 0x8
 1003 00fc FF020000 		.4byte	.LASF89
 1004 0100 20       		.byte	0x20
 1005 0101 05       		.byte	0x5
 1006 0102 2B       		.byte	0x2b
 1007 0103 D4010000 		.4byte	0x1d4
 1008 0107 09       		.uleb128 0x9
 1009 0108 FE010000 		.4byte	.LASF22
 1010 010c 05       		.byte	0x5
 1011 010d 2C       		.byte	0x2c
 1012 010e AF000000 		.4byte	0xaf
 1013 0112 00       		.byte	0
 1014 0113 09       		.uleb128 0x9
 1015 0114 5C010000 		.4byte	.LASF23
 1016 0118 05       		.byte	0x5
 1017 0119 2D       		.byte	0x2d
 1018 011a 97000000 		.4byte	0x97
 1019 011e 01       		.byte	0x1
 1020 011f 09       		.uleb128 0x9
 1021 0120 1F030000 		.4byte	.LASF24
 1022 0124 05       		.byte	0x5
 1023 0125 2E       		.byte	0x2e
 1024 0126 BB000000 		.4byte	0xbb
 1025 012a 02       		.byte	0x2
ARM GAS  C:\Users\Calvi\AppData\Local\Temp\cc9nrC2f.s 			page 25


 1026 012b 09       		.uleb128 0x9
 1027 012c D3030000 		.4byte	.LASF25
 1028 0130 05       		.byte	0x5
 1029 0131 2F       		.byte	0x2f
 1030 0132 BB000000 		.4byte	0xbb
 1031 0136 04       		.byte	0x4
 1032 0137 09       		.uleb128 0x9
 1033 0138 77040000 		.4byte	.LASF26
 1034 013c 05       		.byte	0x5
 1035 013d 30       		.byte	0x30
 1036 013e BB000000 		.4byte	0xbb
 1037 0142 06       		.byte	0x6
 1038 0143 09       		.uleb128 0x9
 1039 0144 D6010000 		.4byte	.LASF27
 1040 0148 05       		.byte	0x5
 1041 0149 31       		.byte	0x31
 1042 014a BB000000 		.4byte	0xbb
 1043 014e 08       		.byte	0x8
 1044 014f 09       		.uleb128 0x9
 1045 0150 DE030000 		.4byte	.LASF28
 1046 0154 05       		.byte	0x5
 1047 0155 32       		.byte	0x32
 1048 0156 BB000000 		.4byte	0xbb
 1049 015a 0A       		.byte	0xa
 1050 015b 09       		.uleb128 0x9
 1051 015c 44020000 		.4byte	.LASF29
 1052 0160 05       		.byte	0x5
 1053 0161 33       		.byte	0x33
 1054 0162 BB000000 		.4byte	0xbb
 1055 0166 0C       		.byte	0xc
 1056 0167 09       		.uleb128 0x9
 1057 0168 DE010000 		.4byte	.LASF30
 1058 016c 05       		.byte	0x5
 1059 016d 34       		.byte	0x34
 1060 016e BB000000 		.4byte	0xbb
 1061 0172 0E       		.byte	0xe
 1062 0173 09       		.uleb128 0x9
 1063 0174 E4020000 		.4byte	.LASF31
 1064 0178 05       		.byte	0x5
 1065 0179 35       		.byte	0x35
 1066 017a BB000000 		.4byte	0xbb
 1067 017e 10       		.byte	0x10
 1068 017f 09       		.uleb128 0x9
 1069 0180 32030000 		.4byte	.LASF32
 1070 0184 05       		.byte	0x5
 1071 0185 36       		.byte	0x36
 1072 0186 BB000000 		.4byte	0xbb
 1073 018a 12       		.byte	0x12
 1074 018b 09       		.uleb128 0x9
 1075 018c 47030000 		.4byte	.LASF33
 1076 0190 05       		.byte	0x5
 1077 0191 37       		.byte	0x37
 1078 0192 BB000000 		.4byte	0xbb
 1079 0196 14       		.byte	0x14
 1080 0197 09       		.uleb128 0x9
 1081 0198 6E010000 		.4byte	.LASF34
 1082 019c 05       		.byte	0x5
ARM GAS  C:\Users\Calvi\AppData\Local\Temp\cc9nrC2f.s 			page 26


 1083 019d 38       		.byte	0x38
 1084 019e BB000000 		.4byte	0xbb
 1085 01a2 16       		.byte	0x16
 1086 01a3 09       		.uleb128 0x9
 1087 01a4 4E000000 		.4byte	.LASF35
 1088 01a8 05       		.byte	0x5
 1089 01a9 39       		.byte	0x39
 1090 01aa BB000000 		.4byte	0xbb
 1091 01ae 18       		.byte	0x18
 1092 01af 09       		.uleb128 0x9
 1093 01b0 C9010000 		.4byte	.LASF36
 1094 01b4 05       		.byte	0x5
 1095 01b5 3A       		.byte	0x3a
 1096 01b6 BB000000 		.4byte	0xbb
 1097 01ba 1A       		.byte	0x1a
 1098 01bb 09       		.uleb128 0x9
 1099 01bc C6020000 		.4byte	.LASF37
 1100 01c0 05       		.byte	0x5
 1101 01c1 3B       		.byte	0x3b
 1102 01c2 BB000000 		.4byte	0xbb
 1103 01c6 1C       		.byte	0x1c
 1104 01c7 09       		.uleb128 0x9
 1105 01c8 3A030000 		.4byte	.LASF38
 1106 01cc 05       		.byte	0x5
 1107 01cd 3C       		.byte	0x3c
 1108 01ce BB000000 		.4byte	0xbb
 1109 01d2 1E       		.byte	0x1e
 1110 01d3 00       		.byte	0
 1111 01d4 0A       		.uleb128 0xa
 1112 01d5 01       		.byte	0x1
 1113 01d6 37000000 		.4byte	0x37
 1114 01da 06       		.byte	0x6
 1115 01db 1B       		.byte	0x1b
 1116 01dc 05020000 		.4byte	0x205
 1117 01e0 0B       		.uleb128 0xb
 1118 01e1 7B010000 		.4byte	.LASF39
 1119 01e5 00       		.byte	0
 1120 01e6 0B       		.uleb128 0xb
 1121 01e7 27040000 		.4byte	.LASF40
 1122 01eb 01       		.byte	0x1
 1123 01ec 0B       		.uleb128 0xb
 1124 01ed 09030000 		.4byte	.LASF41
 1125 01f1 02       		.byte	0x2
 1126 01f2 0B       		.uleb128 0xb
 1127 01f3 E6030000 		.4byte	.LASF42
 1128 01f7 03       		.byte	0x3
 1129 01f8 0B       		.uleb128 0xb
 1130 01f9 50030000 		.4byte	.LASF43
 1131 01fd 04       		.byte	0x4
 1132 01fe 0B       		.uleb128 0xb
 1133 01ff 0B000000 		.4byte	.LASF44
 1134 0203 05       		.byte	0x5
 1135 0204 00       		.byte	0
 1136 0205 03       		.uleb128 0x3
 1137 0206 79030000 		.4byte	.LASF45
 1138 020a 06       		.byte	0x6
 1139 020b 22       		.byte	0x22
ARM GAS  C:\Users\Calvi\AppData\Local\Temp\cc9nrC2f.s 			page 27


 1140 020c D4010000 		.4byte	0x1d4
 1141 0210 0A       		.uleb128 0xa
 1142 0211 01       		.byte	0x1
 1143 0212 37000000 		.4byte	0x37
 1144 0216 07       		.byte	0x7
 1145 0217 06       		.byte	0x6
 1146 0218 3B020000 		.4byte	0x23b
 1147 021c 0B       		.uleb128 0xb
 1148 021d 6D040000 		.4byte	.LASF46
 1149 0221 00       		.byte	0
 1150 0222 0B       		.uleb128 0xb
 1151 0223 DE020000 		.4byte	.LASF47
 1152 0227 01       		.byte	0x1
 1153 0228 0B       		.uleb128 0xb
 1154 0229 76000000 		.4byte	.LASF48
 1155 022d 02       		.byte	0x2
 1156 022e 0B       		.uleb128 0xb
 1157 022f 65030000 		.4byte	.LASF49
 1158 0233 03       		.byte	0x3
 1159 0234 0B       		.uleb128 0xb
 1160 0235 2A000000 		.4byte	.LASF50
 1161 0239 04       		.byte	0x4
 1162 023a 00       		.byte	0
 1163 023b 03       		.uleb128 0x3
 1164 023c AB020000 		.4byte	.LASF51
 1165 0240 07       		.byte	0x7
 1166 0241 0C       		.byte	0xc
 1167 0242 10020000 		.4byte	0x210
 1168 0246 0C       		.uleb128 0xc
 1169 0247 01       		.byte	0x1
 1170 0248 07       		.byte	0x7
 1171 0249 0E       		.byte	0xe
 1172 024a 5B020000 		.4byte	0x25b
 1173 024e 09       		.uleb128 0x9
 1174 024f 7F020000 		.4byte	.LASF52
 1175 0253 07       		.byte	0x7
 1176 0254 0F       		.byte	0xf
 1177 0255 3B020000 		.4byte	0x23b
 1178 0259 00       		.byte	0
 1179 025a 00       		.byte	0
 1180 025b 03       		.uleb128 0x3
 1181 025c 89040000 		.4byte	.LASF53
 1182 0260 07       		.byte	0x7
 1183 0261 10       		.byte	0x10
 1184 0262 46020000 		.4byte	0x246
 1185 0266 0D       		.uleb128 0xd
 1186 0267 31040000 		.4byte	.LASF90
 1187 026b 01       		.byte	0x1
 1188 026c 25       		.byte	0x25
 1189 026d 00000000 		.4byte	.LFB64
 1190 0271 18000000 		.4byte	.LFE64-.LFB64
 1191 0275 01       		.uleb128 0x1
 1192 0276 9C       		.byte	0x9c
 1193 0277 0E       		.uleb128 0xe
 1194 0278 64626700 		.ascii	"dbg\000"
 1195 027c 01       		.byte	0x1
 1196 027d 2E       		.byte	0x2e
ARM GAS  C:\Users\Calvi\AppData\Local\Temp\cc9nrC2f.s 			page 28


 1197 027e 00000000 		.4byte	.LFB65
 1198 0282 22000000 		.4byte	.LFE65-.LFB65
 1199 0286 01       		.uleb128 0x1
 1200 0287 9C       		.byte	0x9c
 1201 0288 9B020000 		.4byte	0x29b
 1202 028c 0F       		.uleb128 0xf
 1203 028d 6D736700 		.ascii	"msg\000"
 1204 0291 01       		.byte	0x1
 1205 0292 2E       		.byte	0x2e
 1206 0293 F0000000 		.4byte	0xf0
 1207 0297 02       		.uleb128 0x2
 1208 0298 91       		.byte	0x91
 1209 0299 74       		.sleb128 -12
 1210 029a 00       		.byte	0
 1211 029b 10       		.uleb128 0x10
 1212 029c 15010000 		.4byte	.LASF91
 1213 02a0 01       		.byte	0x1
 1214 02a1 39       		.byte	0x39
 1215 02a2 73000000 		.4byte	0x73
 1216 02a6 00000000 		.4byte	.LFB66
 1217 02aa 88020000 		.4byte	.LFE66-.LFB66
 1218 02ae 01       		.uleb128 0x1
 1219 02af 9C       		.byte	0x9c
 1220 02b0 5D030000 		.4byte	0x35d
 1221 02b4 11       		.uleb128 0x11
 1222 02b5 53040000 		.4byte	.LASF54
 1223 02b9 01       		.byte	0x1
 1224 02ba 4D       		.byte	0x4d
 1225 02bb 5D030000 		.4byte	0x35d
 1226 02bf 03       		.uleb128 0x3
 1227 02c0 91       		.byte	0x91
 1228 02c1 E87D     		.sleb128 -280
 1229 02c3 11       		.uleb128 0x11
 1230 02c4 A0020000 		.4byte	.LASF55
 1231 02c8 01       		.byte	0x1
 1232 02c9 4E       		.byte	0x4e
 1233 02ca 6D030000 		.4byte	0x36d
 1234 02ce 03       		.uleb128 0x3
 1235 02cf 91       		.byte	0x91
 1236 02d0 D47D     		.sleb128 -300
 1237 02d2 11       		.uleb128 0x11
 1238 02d3 33020000 		.4byte	.LASF56
 1239 02d7 01       		.byte	0x1
 1240 02d8 4F       		.byte	0x4f
 1241 02d9 73000000 		.4byte	0x73
 1242 02dd 02       		.uleb128 0x2
 1243 02de 91       		.byte	0x91
 1244 02df 68       		.sleb128 -24
 1245 02e0 12       		.uleb128 0x12
 1246 02e1 52000000 		.4byte	.LBB2
 1247 02e5 78000000 		.4byte	.LBE2-.LBB2
 1248 02e9 FA020000 		.4byte	0x2fa
 1249 02ed 13       		.uleb128 0x13
 1250 02ee 6900     		.ascii	"i\000"
 1251 02f0 01       		.byte	0x1
 1252 02f1 53       		.byte	0x53
 1253 02f2 73000000 		.4byte	0x73
ARM GAS  C:\Users\Calvi\AppData\Local\Temp\cc9nrC2f.s 			page 29


 1254 02f6 02       		.uleb128 0x2
 1255 02f7 91       		.byte	0x91
 1256 02f8 74       		.sleb128 -12
 1257 02f9 00       		.byte	0
 1258 02fa 12       		.uleb128 0x12
 1259 02fb D0000000 		.4byte	.LBB3
 1260 02ff 3A000000 		.4byte	.LBE3-.LBB3
 1261 0303 2D030000 		.4byte	0x32d
 1262 0307 13       		.uleb128 0x13
 1263 0308 6900     		.ascii	"i\000"
 1264 030a 01       		.byte	0x1
 1265 030b 5F       		.byte	0x5f
 1266 030c 73000000 		.4byte	0x73
 1267 0310 02       		.uleb128 0x2
 1268 0311 91       		.byte	0x91
 1269 0312 70       		.sleb128 -16
 1270 0313 14       		.uleb128 0x14
 1271 0314 D8000000 		.4byte	.LBB4
 1272 0318 20000000 		.4byte	.LBE4-.LBB4
 1273 031c 13       		.uleb128 0x13
 1274 031d 6D736700 		.ascii	"msg\000"
 1275 0321 01       		.byte	0x1
 1276 0322 60       		.byte	0x60
 1277 0323 7D030000 		.4byte	0x37d
 1278 0327 03       		.uleb128 0x3
 1279 0328 91       		.byte	0x91
 1280 0329 947D     		.sleb128 -364
 1281 032b 00       		.byte	0
 1282 032c 00       		.byte	0
 1283 032d 14       		.uleb128 0x14
 1284 032e 10010000 		.4byte	.LBB5
 1285 0332 FA000000 		.4byte	.LBE5-.LBB5
 1286 0336 13       		.uleb128 0x13
 1287 0337 6900     		.ascii	"i\000"
 1288 0339 01       		.byte	0x1
 1289 033a 68       		.byte	0x68
 1290 033b 73000000 		.4byte	0x73
 1291 033f 02       		.uleb128 0x2
 1292 0340 91       		.byte	0x91
 1293 0341 6C       		.sleb128 -20
 1294 0342 14       		.uleb128 0x14
 1295 0343 18010000 		.4byte	.LBB6
 1296 0347 DC000000 		.4byte	.LBE6-.LBB6
 1297 034b 13       		.uleb128 0x13
 1298 034c 6D736700 		.ascii	"msg\000"
 1299 0350 01       		.byte	0x1
 1300 0351 6A       		.byte	0x6a
 1301 0352 8D030000 		.4byte	0x38d
 1302 0356 03       		.uleb128 0x3
 1303 0357 91       		.byte	0x91
 1304 0358 947D     		.sleb128 -364
 1305 035a 00       		.byte	0
 1306 035b 00       		.byte	0
 1307 035c 00       		.byte	0
 1308 035d 15       		.uleb128 0x15
 1309 035e 5B020000 		.4byte	0x25b
 1310 0362 6D030000 		.4byte	0x36d
ARM GAS  C:\Users\Calvi\AppData\Local\Temp\cc9nrC2f.s 			page 30


 1311 0366 16       		.uleb128 0x16
 1312 0367 E3000000 		.4byte	0xe3
 1313 036b FF       		.byte	0xff
 1314 036c 00       		.byte	0
 1315 036d 15       		.uleb128 0x15
 1316 036e 73000000 		.4byte	0x73
 1317 0372 7D030000 		.4byte	0x37d
 1318 0376 16       		.uleb128 0x16
 1319 0377 E3000000 		.4byte	0xe3
 1320 037b 04       		.byte	0x4
 1321 037c 00       		.byte	0
 1322 037d 15       		.uleb128 0x15
 1323 037e D5000000 		.4byte	0xd5
 1324 0382 8D030000 		.4byte	0x38d
 1325 0386 16       		.uleb128 0x16
 1326 0387 E3000000 		.4byte	0xe3
 1327 038b 1F       		.byte	0x1f
 1328 038c 00       		.byte	0
 1329 038d 15       		.uleb128 0x15
 1330 038e D5000000 		.4byte	0xd5
 1331 0392 9D030000 		.4byte	0x39d
 1332 0396 16       		.uleb128 0x16
 1333 0397 E3000000 		.4byte	0xe3
 1334 039b 3F       		.byte	0x3f
 1335 039c 00       		.byte	0
 1336 039d 17       		.uleb128 0x17
 1337 039e A8010000 		.4byte	.LASF57
 1338 03a2 01       		.byte	0x1
 1339 03a3 B0       		.byte	0xb0
 1340 03a4 00000000 		.4byte	.LFB67
 1341 03a8 2E000000 		.4byte	.LFE67-.LFB67
 1342 03ac 01       		.uleb128 0x1
 1343 03ad 9C       		.byte	0x9c
 1344 03ae BF030000 		.4byte	0x3bf
 1345 03b2 0F       		.uleb128 0xf
 1346 03b3 7300     		.ascii	"s\000"
 1347 03b5 01       		.byte	0x1
 1348 03b6 B0       		.byte	0xb0
 1349 03b7 EA000000 		.4byte	0xea
 1350 03bb 02       		.uleb128 0x2
 1351 03bc 91       		.byte	0x91
 1352 03bd 74       		.sleb128 -12
 1353 03be 00       		.byte	0
 1354 03bf 17       		.uleb128 0x17
 1355 03c0 00000000 		.4byte	.LASF58
 1356 03c4 01       		.byte	0x1
 1357 03c5 BA       		.byte	0xba
 1358 03c6 00000000 		.4byte	.LFB68
 1359 03ca 26000000 		.4byte	.LFE68-.LFB68
 1360 03ce 01       		.uleb128 0x1
 1361 03cf 9C       		.byte	0x9c
 1362 03d0 E1030000 		.4byte	0x3e1
 1363 03d4 0F       		.uleb128 0xf
 1364 03d5 6300     		.ascii	"c\000"
 1365 03d7 01       		.byte	0x1
 1366 03d8 BA       		.byte	0xba
 1367 03d9 D5000000 		.4byte	0xd5
ARM GAS  C:\Users\Calvi\AppData\Local\Temp\cc9nrC2f.s 			page 31


 1368 03dd 02       		.uleb128 0x2
 1369 03de 91       		.byte	0x91
 1370 03df 77       		.sleb128 -9
 1371 03e0 00       		.byte	0
 1372 03e1 17       		.uleb128 0x17
 1373 03e2 00040000 		.4byte	.LASF59
 1374 03e6 01       		.byte	0x1
 1375 03e7 C7       		.byte	0xc7
 1376 03e8 00000000 		.4byte	.LFB69
 1377 03ec D0000000 		.4byte	.LFE69-.LFB69
 1378 03f0 01       		.uleb128 0x1
 1379 03f1 9C       		.byte	0x9c
 1380 03f2 25040000 		.4byte	0x425
 1381 03f6 11       		.uleb128 0x11
 1382 03f7 99030000 		.4byte	.LASF60
 1383 03fb 01       		.byte	0x1
 1384 03fc CA       		.byte	0xca
 1385 03fd 97000000 		.4byte	0x97
 1386 0401 05       		.uleb128 0x5
 1387 0402 03       		.byte	0x3
 1388 0403 18000000 		.4byte	usbStarted.8630
 1389 0407 11       		.uleb128 0x11
 1390 0408 BA020000 		.4byte	.LASF61
 1391 040c 01       		.byte	0x1
 1392 040d CB       		.byte	0xcb
 1393 040e A3000000 		.4byte	0xa3
 1394 0412 05       		.uleb128 0x5
 1395 0413 03       		.byte	0x3
 1396 0414 1A000000 		.4byte	usbBufCount.8631
 1397 0418 13       		.uleb128 0x13
 1398 0419 6300     		.ascii	"c\000"
 1399 041b 01       		.byte	0x1
 1400 041c DB       		.byte	0xdb
 1401 041d 97000000 		.4byte	0x97
 1402 0421 02       		.uleb128 0x2
 1403 0422 91       		.byte	0x91
 1404 0423 77       		.sleb128 -9
 1405 0424 00       		.byte	0
 1406 0425 11       		.uleb128 0x11
 1407 0426 84020000 		.4byte	.LASF62
 1408 042a 01       		.byte	0x1
 1409 042b 18       		.byte	0x18
 1410 042c 36040000 		.4byte	0x436
 1411 0430 05       		.uleb128 0x5
 1412 0431 03       		.byte	0x3
 1413 0432 12000000 		.4byte	left_wheel_val
 1414 0436 18       		.uleb128 0x18
 1415 0437 BB000000 		.4byte	0xbb
 1416 043b 11       		.uleb128 0x11
 1417 043c C3030000 		.4byte	.LASF63
 1418 0440 01       		.byte	0x1
 1419 0441 19       		.byte	0x19
 1420 0442 36040000 		.4byte	0x436
 1421 0446 05       		.uleb128 0x5
 1422 0447 03       		.byte	0x3
 1423 0448 14000000 		.4byte	right_wheel_val
 1424 044c 19       		.uleb128 0x19
ARM GAS  C:\Users\Calvi\AppData\Local\Temp\cc9nrC2f.s 			page 32


 1425 044d 46040000 		.4byte	.LASF64
 1426 0451 08       		.byte	0x8
 1427 0452 1207     		.2byte	0x712
 1428 0454 58040000 		.4byte	0x458
 1429 0458 18       		.uleb128 0x18
 1430 0459 8C000000 		.4byte	0x8c
 1431 045d 1A       		.uleb128 0x1a
 1432 045e 89010000 		.4byte	.LASF65
 1433 0462 01       		.byte	0x1
 1434 0463 1A       		.byte	0x1a
 1435 0464 81000000 		.4byte	0x81
 1436 0468 05       		.uleb128 0x5
 1437 0469 03       		.byte	0x3
 1438 046a 00000000 		.4byte	timer_flag
 1439 046e 1B       		.uleb128 0x1b
 1440 046f 747300   		.ascii	"ts\000"
 1441 0472 05       		.byte	0x5
 1442 0473 12       		.byte	0x12
 1443 0474 97000000 		.4byte	0x97
 1444 0478 05       		.uleb128 0x5
 1445 0479 03       		.byte	0x3
 1446 047a 00000000 		.4byte	ts
 1447 047e 1A       		.uleb128 0x1a
 1448 047f 10000000 		.4byte	.LASF66
 1449 0483 05       		.byte	0x5
 1450 0484 13       		.byte	0x13
 1451 0485 A3000000 		.4byte	0xa3
 1452 0489 05       		.uleb128 0x5
 1453 048a 03       		.byte	0x3
 1454 048b 00000000 		.4byte	ts_enc
 1455 048f 1A       		.uleb128 0x1a
 1456 0490 F6030000 		.4byte	.LASF67
 1457 0494 05       		.byte	0x5
 1458 0495 14       		.byte	0x14
 1459 0496 A3000000 		.4byte	0xa3
 1460 049a 05       		.uleb128 0x5
 1461 049b 03       		.byte	0x3
 1462 049c 00000000 		.4byte	ts_update
 1463 04a0 1A       		.uleb128 0x1a
 1464 04a1 A4030000 		.4byte	.LASF68
 1465 04a5 05       		.byte	0x5
 1466 04a6 15       		.byte	0x15
 1467 04a7 A3000000 		.4byte	0xa3
 1468 04ab 05       		.uleb128 0x5
 1469 04ac 03       		.byte	0x3
 1470 04ad 00000000 		.4byte	ts_speed
 1471 04b1 1A       		.uleb128 0x1a
 1472 04b2 EB030000 		.4byte	.LASF69
 1473 04b6 05       		.byte	0x5
 1474 04b7 16       		.byte	0x16
 1475 04b8 A3000000 		.4byte	0xa3
 1476 04bc 05       		.uleb128 0x5
 1477 04bd 03       		.byte	0x3
 1478 04be 00000000 		.4byte	ts_display
 1479 04c2 1A       		.uleb128 0x1a
 1480 04c3 AD030000 		.4byte	.LASF70
 1481 04c7 05       		.byte	0x5
ARM GAS  C:\Users\Calvi\AppData\Local\Temp\cc9nrC2f.s 			page 33


 1482 04c8 18       		.byte	0x18
 1483 04c9 97000000 		.4byte	0x97
 1484 04cd 05       		.uleb128 0x5
 1485 04ce 03       		.byte	0x3
 1486 04cf 00000000 		.4byte	flag_ts_enc
 1487 04d3 1A       		.uleb128 0x1a
 1488 04d4 BA010000 		.4byte	.LASF71
 1489 04d8 05       		.byte	0x5
 1490 04d9 19       		.byte	0x19
 1491 04da 97000000 		.4byte	0x97
 1492 04de 05       		.uleb128 0x5
 1493 04df 03       		.byte	0x3
 1494 04e0 00000000 		.4byte	flag_ts_update
 1495 04e4 1A       		.uleb128 0x1a
 1496 04e5 40000000 		.4byte	.LASF72
 1497 04e9 05       		.byte	0x5
 1498 04ea 1A       		.byte	0x1a
 1499 04eb 97000000 		.4byte	0x97
 1500 04ef 05       		.uleb128 0x5
 1501 04f0 03       		.byte	0x3
 1502 04f1 00000000 		.4byte	flag_ts_speed
 1503 04f5 1A       		.uleb128 0x1a
 1504 04f6 30000000 		.4byte	.LASF73
 1505 04fa 05       		.byte	0x5
 1506 04fb 1B       		.byte	0x1b
 1507 04fc 97000000 		.4byte	0x97
 1508 0500 05       		.uleb128 0x5
 1509 0501 03       		.byte	0x3
 1510 0502 00000000 		.4byte	flag_ts_display
 1511 0506 1A       		.uleb128 0x1a
 1512 0507 03020000 		.4byte	.LASF74
 1513 050b 05       		.byte	0x5
 1514 050c 1E       		.byte	0x1e
 1515 050d 97000000 		.4byte	0x97
 1516 0511 05       		.uleb128 0x5
 1517 0512 03       		.byte	0x3
 1518 0513 00000000 		.4byte	flag_rx
 1519 0517 1A       		.uleb128 0x1a
 1520 0518 1E000000 		.4byte	.LASF75
 1521 051c 05       		.byte	0x5
 1522 051d 1F       		.byte	0x1f
 1523 051e 97000000 		.4byte	0x97
 1524 0522 05       		.uleb128 0x5
 1525 0523 03       		.byte	0x3
 1526 0524 00000000 		.4byte	flag_packet
 1527 0528 1A       		.uleb128 0x1a
 1528 0529 CF020000 		.4byte	.LASF76
 1529 052d 05       		.byte	0x5
 1530 052e 20       		.byte	0x20
 1531 052f 97000000 		.4byte	0x97
 1532 0533 05       		.uleb128 0x5
 1533 0534 03       		.byte	0x3
 1534 0535 00000000 		.4byte	flag_KB_string
 1535 0539 1A       		.uleb128 0x1a
 1536 053a 4D020000 		.4byte	.LASF77
 1537 053e 05       		.byte	0x5
 1538 053f 22       		.byte	0x22
ARM GAS  C:\Users\Calvi\AppData\Local\Temp\cc9nrC2f.s 			page 34


 1539 0540 97000000 		.4byte	0x97
 1540 0544 05       		.uleb128 0x5
 1541 0545 03       		.byte	0x3
 1542 0546 00000000 		.4byte	dataready_flag
 1543 054a 1A       		.uleb128 0x1a
 1544 054b 0B040000 		.4byte	.LASF78
 1545 054f 05       		.byte	0x5
 1546 0550 24       		.byte	0x24
 1547 0551 97000000 		.4byte	0x97
 1548 0555 05       		.uleb128 0x5
 1549 0556 03       		.byte	0x3
 1550 0557 00000000 		.4byte	flag_rf_transmission_active
 1551 055b 1A       		.uleb128 0x1a
 1552 055c 57030000 		.4byte	.LASF79
 1553 0560 05       		.byte	0x5
 1554 0561 27       		.byte	0x27
 1555 0562 8D030000 		.4byte	0x38d
 1556 0566 05       		.uleb128 0x5
 1557 0567 03       		.byte	0x3
 1558 0568 00000000 		.4byte	displaystring
 1559 056c 1A       		.uleb128 0x1a
 1560 056d 84010000 		.4byte	.LASF80
 1561 0571 05       		.byte	0x5
 1562 0572 28       		.byte	0x28
 1563 0573 8D030000 		.4byte	0x38d
 1564 0577 05       		.uleb128 0x5
 1565 0578 03       		.byte	0x3
 1566 0579 00000000 		.4byte	line
 1567 057d 1A       		.uleb128 0x1a
 1568 057e 1F020000 		.4byte	.LASF81
 1569 0582 05       		.byte	0x5
 1570 0583 28       		.byte	0x28
 1571 0584 8D030000 		.4byte	0x38d
 1572 0588 05       		.uleb128 0x5
 1573 0589 03       		.byte	0x3
 1574 058a 00000000 		.4byte	entry
 1575 058e 15       		.uleb128 0x15
 1576 058f 97000000 		.4byte	0x97
 1577 0593 9E050000 		.4byte	0x59e
 1578 0597 16       		.uleb128 0x16
 1579 0598 E3000000 		.4byte	0xe3
 1580 059c 3F       		.byte	0x3f
 1581 059d 00       		.byte	0
 1582 059e 1A       		.uleb128 0x1a
 1583 059f 7D000000 		.4byte	.LASF82
 1584 05a3 05       		.byte	0x5
 1585 05a4 29       		.byte	0x29
 1586 05a5 8E050000 		.4byte	0x58e
 1587 05a9 05       		.uleb128 0x5
 1588 05aa 03       		.byte	0x3
 1589 05ab 00000000 		.4byte	usbBuffer
 1590 05af 1A       		.uleb128 0x1a
 1591 05b0 60000000 		.4byte	.LASF83
 1592 05b4 05       		.byte	0x5
 1593 05b5 3E       		.byte	0x3e
 1594 05b6 FB000000 		.4byte	0xfb
 1595 05ba 05       		.uleb128 0x5
ARM GAS  C:\Users\Calvi\AppData\Local\Temp\cc9nrC2f.s 			page 35


 1596 05bb 03       		.byte	0x3
 1597 05bc 00000000 		.4byte	system_state
 1598 05c0 1A       		.uleb128 0x1a
 1599 05c1 14030000 		.4byte	.LASF84
 1600 05c5 01       		.byte	0x1
 1601 05c6 1B       		.byte	0x1b
 1602 05c7 81000000 		.4byte	0x81
 1603 05cb 05       		.uleb128 0x5
 1604 05cc 03       		.byte	0x3
 1605 05cd 00000000 		.4byte	food_index
 1606 05d1 1A       		.uleb128 0x1a
 1607 05d2 60040000 		.4byte	.LASF85
 1608 05d6 01       		.byte	0x1
 1609 05d7 1C       		.byte	0x1c
 1610 05d8 05020000 		.4byte	0x205
 1611 05dc 05       		.uleb128 0x5
 1612 05dd 03       		.byte	0x3
 1613 05de 00000000 		.4byte	current_move
 1614 05e2 00       		.byte	0
 1615              		.section	.debug_abbrev,"",%progbits
 1616              	.Ldebug_abbrev0:
 1617 0000 01       		.uleb128 0x1
 1618 0001 11       		.uleb128 0x11
 1619 0002 01       		.byte	0x1
 1620 0003 25       		.uleb128 0x25
 1621 0004 0E       		.uleb128 0xe
 1622 0005 13       		.uleb128 0x13
 1623 0006 0B       		.uleb128 0xb
 1624 0007 03       		.uleb128 0x3
 1625 0008 0E       		.uleb128 0xe
 1626 0009 1B       		.uleb128 0x1b
 1627 000a 0E       		.uleb128 0xe
 1628 000b 55       		.uleb128 0x55
 1629 000c 17       		.uleb128 0x17
 1630 000d 11       		.uleb128 0x11
 1631 000e 01       		.uleb128 0x1
 1632 000f 10       		.uleb128 0x10
 1633 0010 17       		.uleb128 0x17
 1634 0011 00       		.byte	0
 1635 0012 00       		.byte	0
 1636 0013 02       		.uleb128 0x2
 1637 0014 24       		.uleb128 0x24
 1638 0015 00       		.byte	0
 1639 0016 0B       		.uleb128 0xb
 1640 0017 0B       		.uleb128 0xb
 1641 0018 3E       		.uleb128 0x3e
 1642 0019 0B       		.uleb128 0xb
 1643 001a 03       		.uleb128 0x3
 1644 001b 0E       		.uleb128 0xe
 1645 001c 00       		.byte	0
 1646 001d 00       		.byte	0
 1647 001e 03       		.uleb128 0x3
 1648 001f 16       		.uleb128 0x16
 1649 0020 00       		.byte	0
 1650 0021 03       		.uleb128 0x3
 1651 0022 0E       		.uleb128 0xe
 1652 0023 3A       		.uleb128 0x3a
ARM GAS  C:\Users\Calvi\AppData\Local\Temp\cc9nrC2f.s 			page 36


 1653 0024 0B       		.uleb128 0xb
 1654 0025 3B       		.uleb128 0x3b
 1655 0026 0B       		.uleb128 0xb
 1656 0027 49       		.uleb128 0x49
 1657 0028 13       		.uleb128 0x13
 1658 0029 00       		.byte	0
 1659 002a 00       		.byte	0
 1660 002b 04       		.uleb128 0x4
 1661 002c 24       		.uleb128 0x24
 1662 002d 00       		.byte	0
 1663 002e 0B       		.uleb128 0xb
 1664 002f 0B       		.uleb128 0xb
 1665 0030 3E       		.uleb128 0x3e
 1666 0031 0B       		.uleb128 0xb
 1667 0032 03       		.uleb128 0x3
 1668 0033 08       		.uleb128 0x8
 1669 0034 00       		.byte	0
 1670 0035 00       		.byte	0
 1671 0036 05       		.uleb128 0x5
 1672 0037 16       		.uleb128 0x16
 1673 0038 00       		.byte	0
 1674 0039 03       		.uleb128 0x3
 1675 003a 0E       		.uleb128 0xe
 1676 003b 3A       		.uleb128 0x3a
 1677 003c 0B       		.uleb128 0xb
 1678 003d 3B       		.uleb128 0x3b
 1679 003e 05       		.uleb128 0x5
 1680 003f 49       		.uleb128 0x49
 1681 0040 13       		.uleb128 0x13
 1682 0041 00       		.byte	0
 1683 0042 00       		.byte	0
 1684 0043 06       		.uleb128 0x6
 1685 0044 0F       		.uleb128 0xf
 1686 0045 00       		.byte	0
 1687 0046 0B       		.uleb128 0xb
 1688 0047 0B       		.uleb128 0xb
 1689 0048 49       		.uleb128 0x49
 1690 0049 13       		.uleb128 0x13
 1691 004a 00       		.byte	0
 1692 004b 00       		.byte	0
 1693 004c 07       		.uleb128 0x7
 1694 004d 26       		.uleb128 0x26
 1695 004e 00       		.byte	0
 1696 004f 49       		.uleb128 0x49
 1697 0050 13       		.uleb128 0x13
 1698 0051 00       		.byte	0
 1699 0052 00       		.byte	0
 1700 0053 08       		.uleb128 0x8
 1701 0054 13       		.uleb128 0x13
 1702 0055 01       		.byte	0x1
 1703 0056 03       		.uleb128 0x3
 1704 0057 0E       		.uleb128 0xe
 1705 0058 0B       		.uleb128 0xb
 1706 0059 0B       		.uleb128 0xb
 1707 005a 3A       		.uleb128 0x3a
 1708 005b 0B       		.uleb128 0xb
 1709 005c 3B       		.uleb128 0x3b
ARM GAS  C:\Users\Calvi\AppData\Local\Temp\cc9nrC2f.s 			page 37


 1710 005d 0B       		.uleb128 0xb
 1711 005e 01       		.uleb128 0x1
 1712 005f 13       		.uleb128 0x13
 1713 0060 00       		.byte	0
 1714 0061 00       		.byte	0
 1715 0062 09       		.uleb128 0x9
 1716 0063 0D       		.uleb128 0xd
 1717 0064 00       		.byte	0
 1718 0065 03       		.uleb128 0x3
 1719 0066 0E       		.uleb128 0xe
 1720 0067 3A       		.uleb128 0x3a
 1721 0068 0B       		.uleb128 0xb
 1722 0069 3B       		.uleb128 0x3b
 1723 006a 0B       		.uleb128 0xb
 1724 006b 49       		.uleb128 0x49
 1725 006c 13       		.uleb128 0x13
 1726 006d 38       		.uleb128 0x38
 1727 006e 0B       		.uleb128 0xb
 1728 006f 00       		.byte	0
 1729 0070 00       		.byte	0
 1730 0071 0A       		.uleb128 0xa
 1731 0072 04       		.uleb128 0x4
 1732 0073 01       		.byte	0x1
 1733 0074 0B       		.uleb128 0xb
 1734 0075 0B       		.uleb128 0xb
 1735 0076 49       		.uleb128 0x49
 1736 0077 13       		.uleb128 0x13
 1737 0078 3A       		.uleb128 0x3a
 1738 0079 0B       		.uleb128 0xb
 1739 007a 3B       		.uleb128 0x3b
 1740 007b 0B       		.uleb128 0xb
 1741 007c 01       		.uleb128 0x1
 1742 007d 13       		.uleb128 0x13
 1743 007e 00       		.byte	0
 1744 007f 00       		.byte	0
 1745 0080 0B       		.uleb128 0xb
 1746 0081 28       		.uleb128 0x28
 1747 0082 00       		.byte	0
 1748 0083 03       		.uleb128 0x3
 1749 0084 0E       		.uleb128 0xe
 1750 0085 1C       		.uleb128 0x1c
 1751 0086 0B       		.uleb128 0xb
 1752 0087 00       		.byte	0
 1753 0088 00       		.byte	0
 1754 0089 0C       		.uleb128 0xc
 1755 008a 13       		.uleb128 0x13
 1756 008b 01       		.byte	0x1
 1757 008c 0B       		.uleb128 0xb
 1758 008d 0B       		.uleb128 0xb
 1759 008e 3A       		.uleb128 0x3a
 1760 008f 0B       		.uleb128 0xb
 1761 0090 3B       		.uleb128 0x3b
 1762 0091 0B       		.uleb128 0xb
 1763 0092 01       		.uleb128 0x1
 1764 0093 13       		.uleb128 0x13
 1765 0094 00       		.byte	0
 1766 0095 00       		.byte	0
ARM GAS  C:\Users\Calvi\AppData\Local\Temp\cc9nrC2f.s 			page 38


 1767 0096 0D       		.uleb128 0xd
 1768 0097 2E       		.uleb128 0x2e
 1769 0098 00       		.byte	0
 1770 0099 3F       		.uleb128 0x3f
 1771 009a 19       		.uleb128 0x19
 1772 009b 03       		.uleb128 0x3
 1773 009c 0E       		.uleb128 0xe
 1774 009d 3A       		.uleb128 0x3a
 1775 009e 0B       		.uleb128 0xb
 1776 009f 3B       		.uleb128 0x3b
 1777 00a0 0B       		.uleb128 0xb
 1778 00a1 27       		.uleb128 0x27
 1779 00a2 19       		.uleb128 0x19
 1780 00a3 11       		.uleb128 0x11
 1781 00a4 01       		.uleb128 0x1
 1782 00a5 12       		.uleb128 0x12
 1783 00a6 06       		.uleb128 0x6
 1784 00a7 40       		.uleb128 0x40
 1785 00a8 18       		.uleb128 0x18
 1786 00a9 9742     		.uleb128 0x2117
 1787 00ab 19       		.uleb128 0x19
 1788 00ac 00       		.byte	0
 1789 00ad 00       		.byte	0
 1790 00ae 0E       		.uleb128 0xe
 1791 00af 2E       		.uleb128 0x2e
 1792 00b0 01       		.byte	0x1
 1793 00b1 03       		.uleb128 0x3
 1794 00b2 08       		.uleb128 0x8
 1795 00b3 3A       		.uleb128 0x3a
 1796 00b4 0B       		.uleb128 0xb
 1797 00b5 3B       		.uleb128 0x3b
 1798 00b6 0B       		.uleb128 0xb
 1799 00b7 27       		.uleb128 0x27
 1800 00b8 19       		.uleb128 0x19
 1801 00b9 11       		.uleb128 0x11
 1802 00ba 01       		.uleb128 0x1
 1803 00bb 12       		.uleb128 0x12
 1804 00bc 06       		.uleb128 0x6
 1805 00bd 40       		.uleb128 0x40
 1806 00be 18       		.uleb128 0x18
 1807 00bf 9642     		.uleb128 0x2116
 1808 00c1 19       		.uleb128 0x19
 1809 00c2 01       		.uleb128 0x1
 1810 00c3 13       		.uleb128 0x13
 1811 00c4 00       		.byte	0
 1812 00c5 00       		.byte	0
 1813 00c6 0F       		.uleb128 0xf
 1814 00c7 05       		.uleb128 0x5
 1815 00c8 00       		.byte	0
 1816 00c9 03       		.uleb128 0x3
 1817 00ca 08       		.uleb128 0x8
 1818 00cb 3A       		.uleb128 0x3a
 1819 00cc 0B       		.uleb128 0xb
 1820 00cd 3B       		.uleb128 0x3b
 1821 00ce 0B       		.uleb128 0xb
 1822 00cf 49       		.uleb128 0x49
 1823 00d0 13       		.uleb128 0x13
ARM GAS  C:\Users\Calvi\AppData\Local\Temp\cc9nrC2f.s 			page 39


 1824 00d1 02       		.uleb128 0x2
 1825 00d2 18       		.uleb128 0x18
 1826 00d3 00       		.byte	0
 1827 00d4 00       		.byte	0
 1828 00d5 10       		.uleb128 0x10
 1829 00d6 2E       		.uleb128 0x2e
 1830 00d7 01       		.byte	0x1
 1831 00d8 3F       		.uleb128 0x3f
 1832 00d9 19       		.uleb128 0x19
 1833 00da 03       		.uleb128 0x3
 1834 00db 0E       		.uleb128 0xe
 1835 00dc 3A       		.uleb128 0x3a
 1836 00dd 0B       		.uleb128 0xb
 1837 00de 3B       		.uleb128 0x3b
 1838 00df 0B       		.uleb128 0xb
 1839 00e0 27       		.uleb128 0x27
 1840 00e1 19       		.uleb128 0x19
 1841 00e2 49       		.uleb128 0x49
 1842 00e3 13       		.uleb128 0x13
 1843 00e4 11       		.uleb128 0x11
 1844 00e5 01       		.uleb128 0x1
 1845 00e6 12       		.uleb128 0x12
 1846 00e7 06       		.uleb128 0x6
 1847 00e8 40       		.uleb128 0x40
 1848 00e9 18       		.uleb128 0x18
 1849 00ea 9642     		.uleb128 0x2116
 1850 00ec 19       		.uleb128 0x19
 1851 00ed 01       		.uleb128 0x1
 1852 00ee 13       		.uleb128 0x13
 1853 00ef 00       		.byte	0
 1854 00f0 00       		.byte	0
 1855 00f1 11       		.uleb128 0x11
 1856 00f2 34       		.uleb128 0x34
 1857 00f3 00       		.byte	0
 1858 00f4 03       		.uleb128 0x3
 1859 00f5 0E       		.uleb128 0xe
 1860 00f6 3A       		.uleb128 0x3a
 1861 00f7 0B       		.uleb128 0xb
 1862 00f8 3B       		.uleb128 0x3b
 1863 00f9 0B       		.uleb128 0xb
 1864 00fa 49       		.uleb128 0x49
 1865 00fb 13       		.uleb128 0x13
 1866 00fc 02       		.uleb128 0x2
 1867 00fd 18       		.uleb128 0x18
 1868 00fe 00       		.byte	0
 1869 00ff 00       		.byte	0
 1870 0100 12       		.uleb128 0x12
 1871 0101 0B       		.uleb128 0xb
 1872 0102 01       		.byte	0x1
 1873 0103 11       		.uleb128 0x11
 1874 0104 01       		.uleb128 0x1
 1875 0105 12       		.uleb128 0x12
 1876 0106 06       		.uleb128 0x6
 1877 0107 01       		.uleb128 0x1
 1878 0108 13       		.uleb128 0x13
 1879 0109 00       		.byte	0
 1880 010a 00       		.byte	0
ARM GAS  C:\Users\Calvi\AppData\Local\Temp\cc9nrC2f.s 			page 40


 1881 010b 13       		.uleb128 0x13
 1882 010c 34       		.uleb128 0x34
 1883 010d 00       		.byte	0
 1884 010e 03       		.uleb128 0x3
 1885 010f 08       		.uleb128 0x8
 1886 0110 3A       		.uleb128 0x3a
 1887 0111 0B       		.uleb128 0xb
 1888 0112 3B       		.uleb128 0x3b
 1889 0113 0B       		.uleb128 0xb
 1890 0114 49       		.uleb128 0x49
 1891 0115 13       		.uleb128 0x13
 1892 0116 02       		.uleb128 0x2
 1893 0117 18       		.uleb128 0x18
 1894 0118 00       		.byte	0
 1895 0119 00       		.byte	0
 1896 011a 14       		.uleb128 0x14
 1897 011b 0B       		.uleb128 0xb
 1898 011c 01       		.byte	0x1
 1899 011d 11       		.uleb128 0x11
 1900 011e 01       		.uleb128 0x1
 1901 011f 12       		.uleb128 0x12
 1902 0120 06       		.uleb128 0x6
 1903 0121 00       		.byte	0
 1904 0122 00       		.byte	0
 1905 0123 15       		.uleb128 0x15
 1906 0124 01       		.uleb128 0x1
 1907 0125 01       		.byte	0x1
 1908 0126 49       		.uleb128 0x49
 1909 0127 13       		.uleb128 0x13
 1910 0128 01       		.uleb128 0x1
 1911 0129 13       		.uleb128 0x13
 1912 012a 00       		.byte	0
 1913 012b 00       		.byte	0
 1914 012c 16       		.uleb128 0x16
 1915 012d 21       		.uleb128 0x21
 1916 012e 00       		.byte	0
 1917 012f 49       		.uleb128 0x49
 1918 0130 13       		.uleb128 0x13
 1919 0131 2F       		.uleb128 0x2f
 1920 0132 0B       		.uleb128 0xb
 1921 0133 00       		.byte	0
 1922 0134 00       		.byte	0
 1923 0135 17       		.uleb128 0x17
 1924 0136 2E       		.uleb128 0x2e
 1925 0137 01       		.byte	0x1
 1926 0138 3F       		.uleb128 0x3f
 1927 0139 19       		.uleb128 0x19
 1928 013a 03       		.uleb128 0x3
 1929 013b 0E       		.uleb128 0xe
 1930 013c 3A       		.uleb128 0x3a
 1931 013d 0B       		.uleb128 0xb
 1932 013e 3B       		.uleb128 0x3b
 1933 013f 0B       		.uleb128 0xb
 1934 0140 27       		.uleb128 0x27
 1935 0141 19       		.uleb128 0x19
 1936 0142 11       		.uleb128 0x11
 1937 0143 01       		.uleb128 0x1
ARM GAS  C:\Users\Calvi\AppData\Local\Temp\cc9nrC2f.s 			page 41


 1938 0144 12       		.uleb128 0x12
 1939 0145 06       		.uleb128 0x6
 1940 0146 40       		.uleb128 0x40
 1941 0147 18       		.uleb128 0x18
 1942 0148 9642     		.uleb128 0x2116
 1943 014a 19       		.uleb128 0x19
 1944 014b 01       		.uleb128 0x1
 1945 014c 13       		.uleb128 0x13
 1946 014d 00       		.byte	0
 1947 014e 00       		.byte	0
 1948 014f 18       		.uleb128 0x18
 1949 0150 35       		.uleb128 0x35
 1950 0151 00       		.byte	0
 1951 0152 49       		.uleb128 0x49
 1952 0153 13       		.uleb128 0x13
 1953 0154 00       		.byte	0
 1954 0155 00       		.byte	0
 1955 0156 19       		.uleb128 0x19
 1956 0157 34       		.uleb128 0x34
 1957 0158 00       		.byte	0
 1958 0159 03       		.uleb128 0x3
 1959 015a 0E       		.uleb128 0xe
 1960 015b 3A       		.uleb128 0x3a
 1961 015c 0B       		.uleb128 0xb
 1962 015d 3B       		.uleb128 0x3b
 1963 015e 05       		.uleb128 0x5
 1964 015f 49       		.uleb128 0x49
 1965 0160 13       		.uleb128 0x13
 1966 0161 3F       		.uleb128 0x3f
 1967 0162 19       		.uleb128 0x19
 1968 0163 3C       		.uleb128 0x3c
 1969 0164 19       		.uleb128 0x19
 1970 0165 00       		.byte	0
 1971 0166 00       		.byte	0
 1972 0167 1A       		.uleb128 0x1a
 1973 0168 34       		.uleb128 0x34
 1974 0169 00       		.byte	0
 1975 016a 03       		.uleb128 0x3
 1976 016b 0E       		.uleb128 0xe
 1977 016c 3A       		.uleb128 0x3a
 1978 016d 0B       		.uleb128 0xb
 1979 016e 3B       		.uleb128 0x3b
 1980 016f 0B       		.uleb128 0xb
 1981 0170 49       		.uleb128 0x49
 1982 0171 13       		.uleb128 0x13
 1983 0172 3F       		.uleb128 0x3f
 1984 0173 19       		.uleb128 0x19
 1985 0174 02       		.uleb128 0x2
 1986 0175 18       		.uleb128 0x18
 1987 0176 00       		.byte	0
 1988 0177 00       		.byte	0
 1989 0178 1B       		.uleb128 0x1b
 1990 0179 34       		.uleb128 0x34
 1991 017a 00       		.byte	0
 1992 017b 03       		.uleb128 0x3
 1993 017c 08       		.uleb128 0x8
 1994 017d 3A       		.uleb128 0x3a
ARM GAS  C:\Users\Calvi\AppData\Local\Temp\cc9nrC2f.s 			page 42


 1995 017e 0B       		.uleb128 0xb
 1996 017f 3B       		.uleb128 0x3b
 1997 0180 0B       		.uleb128 0xb
 1998 0181 49       		.uleb128 0x49
 1999 0182 13       		.uleb128 0x13
 2000 0183 3F       		.uleb128 0x3f
 2001 0184 19       		.uleb128 0x19
 2002 0185 02       		.uleb128 0x2
 2003 0186 18       		.uleb128 0x18
 2004 0187 00       		.byte	0
 2005 0188 00       		.byte	0
 2006 0189 00       		.byte	0
 2007              		.section	.debug_aranges,"",%progbits
 2008 0000 44000000 		.4byte	0x44
 2009 0004 0200     		.2byte	0x2
 2010 0006 00000000 		.4byte	.Ldebug_info0
 2011 000a 04       		.byte	0x4
 2012 000b 00       		.byte	0
 2013 000c 0000     		.2byte	0
 2014 000e 0000     		.2byte	0
 2015 0010 00000000 		.4byte	.LFB64
 2016 0014 18000000 		.4byte	.LFE64-.LFB64
 2017 0018 00000000 		.4byte	.LFB65
 2018 001c 22000000 		.4byte	.LFE65-.LFB65
 2019 0020 00000000 		.4byte	.LFB66
 2020 0024 88020000 		.4byte	.LFE66-.LFB66
 2021 0028 00000000 		.4byte	.LFB67
 2022 002c 2E000000 		.4byte	.LFE67-.LFB67
 2023 0030 00000000 		.4byte	.LFB68
 2024 0034 26000000 		.4byte	.LFE68-.LFB68
 2025 0038 00000000 		.4byte	.LFB69
 2026 003c D0000000 		.4byte	.LFE69-.LFB69
 2027 0040 00000000 		.4byte	0
 2028 0044 00000000 		.4byte	0
 2029              		.section	.debug_ranges,"",%progbits
 2030              	.Ldebug_ranges0:
 2031 0000 00000000 		.4byte	.LFB64
 2032 0004 18000000 		.4byte	.LFE64
 2033 0008 00000000 		.4byte	.LFB65
 2034 000c 22000000 		.4byte	.LFE65
 2035 0010 00000000 		.4byte	.LFB66
 2036 0014 88020000 		.4byte	.LFE66
 2037 0018 00000000 		.4byte	.LFB67
 2038 001c 2E000000 		.4byte	.LFE67
 2039 0020 00000000 		.4byte	.LFB68
 2040 0024 26000000 		.4byte	.LFE68
 2041 0028 00000000 		.4byte	.LFB69
 2042 002c D0000000 		.4byte	.LFE69
 2043 0030 00000000 		.4byte	0
 2044 0034 00000000 		.4byte	0
 2045              		.section	.debug_line,"",%progbits
 2046              	.Ldebug_line0:
 2047 0000 AF020000 		.section	.debug_str,"MS",%progbits,1
 2047      02008101 
 2047      00000201 
 2047      FB0E0D00 
 2047      01010101 
ARM GAS  C:\Users\Calvi\AppData\Local\Temp\cc9nrC2f.s 			page 43


 2048              	.LASF58:
 2049 0000 75736250 		.ascii	"usbPutChar\000"
 2049      75744368 
 2049      617200
 2050              	.LASF44:
 2051 000b 464F4F44 		.ascii	"FOOD\000"
 2051      00
 2052              	.LASF66:
 2053 0010 74735F65 		.ascii	"ts_enc\000"
 2053      6E6300
 2054              	.LASF18:
 2055 0017 646F7562 		.ascii	"double\000"
 2055      6C6500
 2056              	.LASF75:
 2057 001e 666C6167 		.ascii	"flag_packet\000"
 2057      5F706163 
 2057      6B657400 
 2058              	.LASF50:
 2059 002a 6953544F 		.ascii	"iSTOP\000"
 2059      5000
 2060              	.LASF73:
 2061 0030 666C6167 		.ascii	"flag_ts_display\000"
 2061      5F74735F 
 2061      64697370 
 2061      6C617900 
 2062              	.LASF72:
 2063 0040 666C6167 		.ascii	"flag_ts_speed\000"
 2063      5F74735F 
 2063      73706565 
 2063      6400
 2064              	.LASF35:
 2065 004e 67325F78 		.ascii	"g2_xpos\000"
 2065      706F7300 
 2066              	.LASF2:
 2067 0056 73686F72 		.ascii	"short int\000"
 2067      7420696E 
 2067      7400
 2068              	.LASF83:
 2069 0060 73797374 		.ascii	"system_state\000"
 2069      656D5F73 
 2069      74617465 
 2069      00
 2070              	.LASF21:
 2071 006d 73697A65 		.ascii	"sizetype\000"
 2071      74797065 
 2071      00
 2072              	.LASF48:
 2073 0076 69524947 		.ascii	"iRIGHT\000"
 2073      485400
 2074              	.LASF82:
 2075 007d 75736242 		.ascii	"usbBuffer\000"
 2075      75666665 
 2075      7200
 2076              	.LASF86:
 2077 0087 474E5520 		.ascii	"GNU C11 5.4.1 20160609 (release) [ARM/embedded-5-br"
 2077      43313120 
 2077      352E342E 
ARM GAS  C:\Users\Calvi\AppData\Local\Temp\cc9nrC2f.s 			page 44


 2077      31203230 
 2077      31363036 
 2078 00ba 616E6368 		.ascii	"anch revision 237715] -mcpu=cortex-m3 -mthumb -g -O"
 2078      20726576 
 2078      6973696F 
 2078      6E203233 
 2078      37373135 
 2079 00ed 30202D66 		.ascii	"0 -ffunction-sections -ffat-lto-objects\000"
 2079      66756E63 
 2079      74696F6E 
 2079      2D736563 
 2079      74696F6E 
 2080              	.LASF91:
 2081 0115 6D61696E 		.ascii	"main\000"
 2081      00
 2082              	.LASF88:
 2083 011a 433A5C55 		.ascii	"C:\\Users\\Calvi\\Desktop\\301\\psoc firmware\\CS30"
 2083      73657273 
 2083      5C43616C 
 2083      76695C44 
 2083      65736B74 
 2084 0147 315F436C 		.ascii	"1_Class.cydsn\000"
 2084      6173732E 
 2084      63796473 
 2084      6E00
 2085              	.LASF14:
 2086 0155 75696E74 		.ascii	"uint16\000"
 2086      313600
 2087              	.LASF23:
 2088 015c 696E6465 		.ascii	"index\000"
 2088      7800
 2089              	.LASF16:
 2090 0162 696E7431 		.ascii	"int16\000"
 2090      3600
 2091              	.LASF13:
 2092 0168 75696E74 		.ascii	"uint8\000"
 2092      3800
 2093              	.LASF34:
 2094 016e 67315F64 		.ascii	"g1_direction\000"
 2094      69726563 
 2094      74696F6E 
 2094      00
 2095              	.LASF39:
 2096 017b 53545241 		.ascii	"STRAIGHT\000"
 2096      49474854 
 2096      00
 2097              	.LASF80:
 2098 0184 6C696E65 		.ascii	"line\000"
 2098      00
 2099              	.LASF65:
 2100 0189 74696D65 		.ascii	"timer_flag\000"
 2100      725F666C 
 2100      616700
 2101              	.LASF17:
 2102 0194 666C6F61 		.ascii	"float\000"
 2102      7400
 2103              	.LASF8:
ARM GAS  C:\Users\Calvi\AppData\Local\Temp\cc9nrC2f.s 			page 45


 2104 019a 6C6F6E67 		.ascii	"long long int\000"
 2104      206C6F6E 
 2104      6720696E 
 2104      7400
 2105              	.LASF57:
 2106 01a8 75736250 		.ascii	"usbPutString\000"
 2106      75745374 
 2106      72696E67 
 2106      00
 2107              	.LASF15:
 2108 01b5 696E7438 		.ascii	"int8\000"
 2108      00
 2109              	.LASF71:
 2110 01ba 666C6167 		.ascii	"flag_ts_update\000"
 2110      5F74735F 
 2110      75706461 
 2110      746500
 2111              	.LASF36:
 2112 01c9 67325F79 		.ascii	"g2_ypos\000"
 2112      706F7300 
 2113              	.LASF19:
 2114 01d1 63686172 		.ascii	"char\000"
 2114      00
 2115              	.LASF27:
 2116 01d6 67305F78 		.ascii	"g0_xpos\000"
 2116      706F7300 
 2117              	.LASF30:
 2118 01de 67305F64 		.ascii	"g0_direction\000"
 2118      69726563 
 2118      74696F6E 
 2118      00
 2119              	.LASF6:
 2120 01eb 6C6F6E67 		.ascii	"long int\000"
 2120      20696E74 
 2120      00
 2121              	.LASF4:
 2122 01f4 5F5F7569 		.ascii	"__uint8_t\000"
 2122      6E74385F 
 2122      7400
 2123              	.LASF22:
 2124 01fe 72737369 		.ascii	"rssi\000"
 2124      00
 2125              	.LASF74:
 2126 0203 666C6167 		.ascii	"flag_rx\000"
 2126      5F727800 
 2127              	.LASF11:
 2128 020b 75696E74 		.ascii	"uint8_t\000"
 2128      385F7400 
 2129              	.LASF20:
 2130 0213 6C6F6E67 		.ascii	"long double\000"
 2130      20646F75 
 2130      626C6500 
 2131              	.LASF81:
 2132 021f 656E7472 		.ascii	"entry\000"
 2132      7900
 2133              	.LASF1:
 2134 0225 756E7369 		.ascii	"unsigned char\000"
ARM GAS  C:\Users\Calvi\AppData\Local\Temp\cc9nrC2f.s 			page 46


 2134      676E6564 
 2134      20636861 
 2134      7200
 2135              	.LASF56:
 2136 0233 6E756D5F 		.ascii	"num_instructions\000"
 2136      696E7374 
 2136      72756374 
 2136      696F6E73 
 2136      00
 2137              	.LASF29:
 2138 0244 67305F73 		.ascii	"g0_speed\000"
 2138      70656564 
 2138      00
 2139              	.LASF77:
 2140 024d 64617461 		.ascii	"dataready_flag\000"
 2140      72656164 
 2140      795F666C 
 2140      616700
 2141              	.LASF0:
 2142 025c 7369676E 		.ascii	"signed char\000"
 2142      65642063 
 2142      68617200 
 2143              	.LASF9:
 2144 0268 6C6F6E67 		.ascii	"long long unsigned int\000"
 2144      206C6F6E 
 2144      6720756E 
 2144      7369676E 
 2144      65642069 
 2145              	.LASF52:
 2146 027f 74797065 		.ascii	"type\000"
 2146      00
 2147              	.LASF62:
 2148 0284 6C656674 		.ascii	"left_wheel_val\000"
 2148      5F776865 
 2148      656C5F76 
 2148      616C00
 2149              	.LASF10:
 2150 0293 756E7369 		.ascii	"unsigned int\000"
 2150      676E6564 
 2150      20696E74 
 2150      00
 2151              	.LASF55:
 2152 02a0 666F6F64 		.ascii	"food_dists\000"
 2152      5F646973 
 2152      747300
 2153              	.LASF51:
 2154 02ab 526F626F 		.ascii	"RobotInstrType\000"
 2154      74496E73 
 2154      74725479 
 2154      706500
 2155              	.LASF61:
 2156 02ba 75736242 		.ascii	"usbBufCount\000"
 2156      7566436F 
 2156      756E7400 
 2157              	.LASF37:
 2158 02c6 67325F73 		.ascii	"g2_speed\000"
 2158      70656564 
ARM GAS  C:\Users\Calvi\AppData\Local\Temp\cc9nrC2f.s 			page 47


 2158      00
 2159              	.LASF76:
 2160 02cf 666C6167 		.ascii	"flag_KB_string\000"
 2160      5F4B425F 
 2160      73747269 
 2160      6E6700
 2161              	.LASF47:
 2162 02de 694C4546 		.ascii	"iLEFT\000"
 2162      5400
 2163              	.LASF31:
 2164 02e4 67315F78 		.ascii	"g1_xpos\000"
 2164      706F7300 
 2165              	.LASF3:
 2166 02ec 73686F72 		.ascii	"short unsigned int\000"
 2166      7420756E 
 2166      7369676E 
 2166      65642069 
 2166      6E7400
 2167              	.LASF89:
 2168 02ff 64617461 		.ascii	"data_main\000"
 2168      5F6D6169 
 2168      6E00
 2169              	.LASF41:
 2170 0309 52494748 		.ascii	"RIGHT_TURN\000"
 2170      545F5455 
 2170      524E00
 2171              	.LASF84:
 2172 0314 666F6F64 		.ascii	"food_index\000"
 2172      5F696E64 
 2172      657800
 2173              	.LASF24:
 2174 031f 726F626F 		.ascii	"robot_xpos\000"
 2174      745F7870 
 2174      6F7300
 2175              	.LASF12:
 2176 032a 696E7433 		.ascii	"int32_t\000"
 2176      325F7400 
 2177              	.LASF32:
 2178 0332 67315F79 		.ascii	"g1_ypos\000"
 2178      706F7300 
 2179              	.LASF38:
 2180 033a 67325F64 		.ascii	"g2_direction\000"
 2180      69726563 
 2180      74696F6E 
 2180      00
 2181              	.LASF33:
 2182 0347 67315F73 		.ascii	"g1_speed\000"
 2182      70656564 
 2182      00
 2183              	.LASF43:
 2184 0350 555F5455 		.ascii	"U_TURN\000"
 2184      524E00
 2185              	.LASF79:
 2186 0357 64697370 		.ascii	"displaystring\000"
 2186      6C617973 
 2186      7472696E 
 2186      6700
ARM GAS  C:\Users\Calvi\AppData\Local\Temp\cc9nrC2f.s 			page 48


 2187              	.LASF49:
 2188 0365 69545552 		.ascii	"iTURN_AROUND\000"
 2188      4E5F4152 
 2188      4F554E44 
 2188      00
 2189              	.LASF87:
 2190 0372 6D61696E 		.ascii	"main.c\000"
 2190      2E6300
 2191              	.LASF45:
 2192 0379 4D6F7665 		.ascii	"MovementState\000"
 2192      6D656E74 
 2192      53746174 
 2192      6500
 2193              	.LASF7:
 2194 0387 6C6F6E67 		.ascii	"long unsigned int\000"
 2194      20756E73 
 2194      69676E65 
 2194      6420696E 
 2194      7400
 2195              	.LASF60:
 2196 0399 75736253 		.ascii	"usbStarted\000"
 2196      74617274 
 2196      656400
 2197              	.LASF68:
 2198 03a4 74735F73 		.ascii	"ts_speed\000"
 2198      70656564 
 2198      00
 2199              	.LASF70:
 2200 03ad 666C6167 		.ascii	"flag_ts_enc\000"
 2200      5F74735F 
 2200      656E6300 
 2201              	.LASF5:
 2202 03b9 5F5F696E 		.ascii	"__int32_t\000"
 2202      7433325F 
 2202      7400
 2203              	.LASF63:
 2204 03c3 72696768 		.ascii	"right_wheel_val\000"
 2204      745F7768 
 2204      65656C5F 
 2204      76616C00 
 2205              	.LASF25:
 2206 03d3 726F626F 		.ascii	"robot_ypos\000"
 2206      745F7970 
 2206      6F7300
 2207              	.LASF28:
 2208 03de 67305F79 		.ascii	"g0_ypos\000"
 2208      706F7300 
 2209              	.LASF42:
 2210 03e6 53544F50 		.ascii	"STOP\000"
 2210      00
 2211              	.LASF69:
 2212 03eb 74735F64 		.ascii	"ts_display\000"
 2212      6973706C 
 2212      617900
 2213              	.LASF67:
 2214 03f6 74735F75 		.ascii	"ts_update\000"
 2214      70646174 
ARM GAS  C:\Users\Calvi\AppData\Local\Temp\cc9nrC2f.s 			page 49


 2214      6500
 2215              	.LASF59:
 2216 0400 68616E64 		.ascii	"handle_usb\000"
 2216      6C655F75 
 2216      736200
 2217              	.LASF78:
 2218 040b 666C6167 		.ascii	"flag_rf_transmission_active\000"
 2218      5F72665F 
 2218      7472616E 
 2218      736D6973 
 2218      73696F6E 
 2219              	.LASF40:
 2220 0427 4C454654 		.ascii	"LEFT_TURN\000"
 2220      5F545552 
 2220      4E00
 2221              	.LASF90:
 2222 0431 54696D65 		.ascii	"Timer_TS_ISR_Handler\000"
 2222      725F5453 
 2222      5F495352 
 2222      5F48616E 
 2222      646C6572 
 2223              	.LASF64:
 2224 0446 49544D5F 		.ascii	"ITM_RxBuffer\000"
 2224      52784275 
 2224      66666572 
 2224      00
 2225              	.LASF54:
 2226 0453 696E7374 		.ascii	"instructions\000"
 2226      72756374 
 2226      696F6E73 
 2226      00
 2227              	.LASF85:
 2228 0460 63757272 		.ascii	"current_move\000"
 2228      656E745F 
 2228      6D6F7665 
 2228      00
 2229              	.LASF46:
 2230 046d 69535452 		.ascii	"iSTRAIGHT\000"
 2230      41494748 
 2230      5400
 2231              	.LASF26:
 2232 0477 726F626F 		.ascii	"robot_orientation\000"
 2232      745F6F72 
 2232      69656E74 
 2232      6174696F 
 2232      6E00
 2233              	.LASF53:
 2234 0489 526F626F 		.ascii	"RobotInstr\000"
 2234      74496E73 
 2234      747200
 2235              		.ident	"GCC: (GNU Tools for ARM Embedded Processors) 5.4.1 20160609 (release) [ARM/embedded-5-bran
