ARM GAS  C:\Users\Calvi\AppData\Local\Temp\ccRQiKUu.s 			page 1


   1              		.syntax unified
   2              		.cpu cortex-m3
   3              		.fpu softvfp
   4              		.eabi_attribute 20, 1
   5              		.eabi_attribute 21, 1
   6              		.eabi_attribute 23, 3
   7              		.eabi_attribute 24, 1
   8              		.eabi_attribute 25, 1
   9              		.eabi_attribute 26, 1
  10              		.eabi_attribute 30, 6
  11              		.eabi_attribute 34, 1
  12              		.eabi_attribute 18, 4
  13              		.thumb
  14              		.syntax unified
  15              		.file	"map_to_instructions.c"
  16              		.text
  17              	.Ltext0:
  18              		.cfi_sections	.debug_frame
  19              		.global	map
  20              		.data
  21              		.align	2
  22              		.type	map, %object
  23              		.size	map, 285
  24              	map:
  25 0000 01       		.byte	1
  26 0001 01       		.byte	1
  27 0002 01       		.byte	1
  28 0003 01       		.byte	1
  29 0004 01       		.byte	1
  30 0005 01       		.byte	1
  31 0006 01       		.byte	1
  32 0007 01       		.byte	1
  33 0008 01       		.byte	1
  34 0009 01       		.byte	1
  35 000a 01       		.byte	1
  36 000b 01       		.byte	1
  37 000c 01       		.byte	1
  38 000d 01       		.byte	1
  39 000e 01       		.byte	1
  40 000f 01       		.byte	1
  41 0010 01       		.byte	1
  42 0011 01       		.byte	1
  43 0012 01       		.byte	1
  44 0013 01       		.byte	1
  45 0014 00       		.byte	0
  46 0015 01       		.byte	1
  47 0016 00       		.byte	0
  48 0017 00       		.byte	0
  49 0018 00       		.byte	0
  50 0019 00       		.byte	0
  51 001a 00       		.byte	0
  52 001b 00       		.byte	0
  53 001c 00       		.byte	0
  54 001d 00       		.byte	0
  55 001e 00       		.byte	0
  56 001f 00       		.byte	0
  57 0020 00       		.byte	0
ARM GAS  C:\Users\Calvi\AppData\Local\Temp\ccRQiKUu.s 			page 2


  58 0021 00       		.byte	0
  59 0022 00       		.byte	0
  60 0023 00       		.byte	0
  61 0024 00       		.byte	0
  62 0025 01       		.byte	1
  63 0026 01       		.byte	1
  64 0027 00       		.byte	0
  65 0028 01       		.byte	1
  66 0029 00       		.byte	0
  67 002a 01       		.byte	1
  68 002b 01       		.byte	1
  69 002c 01       		.byte	1
  70 002d 01       		.byte	1
  71 002e 01       		.byte	1
  72 002f 00       		.byte	0
  73 0030 01       		.byte	1
  74 0031 01       		.byte	1
  75 0032 01       		.byte	1
  76 0033 00       		.byte	0
  77 0034 01       		.byte	1
  78 0035 01       		.byte	1
  79 0036 01       		.byte	1
  80 0037 00       		.byte	0
  81 0038 01       		.byte	1
  82 0039 01       		.byte	1
  83 003a 00       		.byte	0
  84 003b 00       		.byte	0
  85 003c 00       		.byte	0
  86 003d 01       		.byte	1
  87 003e 00       		.byte	0
  88 003f 00       		.byte	0
  89 0040 00       		.byte	0
  90 0041 01       		.byte	1
  91 0042 00       		.byte	0
  92 0043 00       		.byte	0
  93 0044 00       		.byte	0
  94 0045 00       		.byte	0
  95 0046 00       		.byte	0
  96 0047 00       		.byte	0
  97 0048 00       		.byte	0
  98 0049 01       		.byte	1
  99 004a 00       		.byte	0
 100 004b 01       		.byte	1
 101 004c 01       		.byte	1
 102 004d 01       		.byte	1
 103 004e 01       		.byte	1
 104 004f 00       		.byte	0
 105 0050 01       		.byte	1
 106 0051 00       		.byte	0
 107 0052 01       		.byte	1
 108 0053 00       		.byte	0
 109 0054 01       		.byte	1
 110 0055 01       		.byte	1
 111 0056 01       		.byte	1
 112 0057 00       		.byte	0
 113 0058 01       		.byte	1
 114 0059 00       		.byte	0
ARM GAS  C:\Users\Calvi\AppData\Local\Temp\ccRQiKUu.s 			page 3


 115 005a 01       		.byte	1
 116 005b 01       		.byte	1
 117 005c 01       		.byte	1
 118 005d 00       		.byte	0
 119 005e 01       		.byte	1
 120 005f 01       		.byte	1
 121 0060 00       		.byte	0
 122 0061 00       		.byte	0
 123 0062 00       		.byte	0
 124 0063 01       		.byte	1
 125 0064 00       		.byte	0
 126 0065 01       		.byte	1
 127 0066 00       		.byte	0
 128 0067 00       		.byte	0
 129 0068 00       		.byte	0
 130 0069 01       		.byte	1
 131 006a 00       		.byte	0
 132 006b 01       		.byte	1
 133 006c 00       		.byte	0
 134 006d 00       		.byte	0
 135 006e 00       		.byte	0
 136 006f 00       		.byte	0
 137 0070 00       		.byte	0
 138 0071 01       		.byte	1
 139 0072 01       		.byte	1
 140 0073 00       		.byte	0
 141 0074 01       		.byte	1
 142 0075 01       		.byte	1
 143 0076 01       		.byte	1
 144 0077 00       		.byte	0
 145 0078 01       		.byte	1
 146 0079 00       		.byte	0
 147 007a 01       		.byte	1
 148 007b 00       		.byte	0
 149 007c 01       		.byte	1
 150 007d 00       		.byte	0
 151 007e 01       		.byte	1
 152 007f 00       		.byte	0
 153 0080 01       		.byte	1
 154 0081 01       		.byte	1
 155 0082 01       		.byte	1
 156 0083 00       		.byte	0
 157 0084 01       		.byte	1
 158 0085 01       		.byte	1
 159 0086 00       		.byte	0
 160 0087 01       		.byte	1
 161 0088 00       		.byte	0
 162 0089 01       		.byte	1
 163 008a 00       		.byte	0
 164 008b 00       		.byte	0
 165 008c 00       		.byte	0
 166 008d 01       		.byte	1
 167 008e 00       		.byte	0
 168 008f 01       		.byte	1
 169 0090 00       		.byte	0
 170 0091 01       		.byte	1
 171 0092 00       		.byte	0
ARM GAS  C:\Users\Calvi\AppData\Local\Temp\ccRQiKUu.s 			page 4


 172 0093 01       		.byte	1
 173 0094 00       		.byte	0
 174 0095 00       		.byte	0
 175 0096 00       		.byte	0
 176 0097 01       		.byte	1
 177 0098 01       		.byte	1
 178 0099 00       		.byte	0
 179 009a 01       		.byte	1
 180 009b 00       		.byte	0
 181 009c 01       		.byte	1
 182 009d 00       		.byte	0
 183 009e 01       		.byte	1
 184 009f 01       		.byte	1
 185 00a0 01       		.byte	1
 186 00a1 00       		.byte	0
 187 00a2 01       		.byte	1
 188 00a3 00       		.byte	0
 189 00a4 01       		.byte	1
 190 00a5 00       		.byte	0
 191 00a6 01       		.byte	1
 192 00a7 00       		.byte	0
 193 00a8 01       		.byte	1
 194 00a9 01       		.byte	1
 195 00aa 01       		.byte	1
 196 00ab 01       		.byte	1
 197 00ac 00       		.byte	0
 198 00ad 00       		.byte	0
 199 00ae 00       		.byte	0
 200 00af 01       		.byte	1
 201 00b0 00       		.byte	0
 202 00b1 01       		.byte	1
 203 00b2 00       		.byte	0
 204 00b3 00       		.byte	0
 205 00b4 00       		.byte	0
 206 00b5 01       		.byte	1
 207 00b6 00       		.byte	0
 208 00b7 00       		.byte	0
 209 00b8 00       		.byte	0
 210 00b9 01       		.byte	1
 211 00ba 00       		.byte	0
 212 00bb 00       		.byte	0
 213 00bc 00       		.byte	0
 214 00bd 01       		.byte	1
 215 00be 01       		.byte	1
 216 00bf 01       		.byte	1
 217 00c0 01       		.byte	1
 218 00c1 00       		.byte	0
 219 00c2 01       		.byte	1
 220 00c3 00       		.byte	0
 221 00c4 01       		.byte	1
 222 00c5 01       		.byte	1
 223 00c6 01       		.byte	1
 224 00c7 01       		.byte	1
 225 00c8 01       		.byte	1
 226 00c9 01       		.byte	1
 227 00ca 01       		.byte	1
 228 00cb 01       		.byte	1
ARM GAS  C:\Users\Calvi\AppData\Local\Temp\ccRQiKUu.s 			page 5


 229 00cc 01       		.byte	1
 230 00cd 01       		.byte	1
 231 00ce 01       		.byte	1
 232 00cf 00       		.byte	0
 233 00d0 01       		.byte	1
 234 00d1 01       		.byte	1
 235 00d2 00       		.byte	0
 236 00d3 00       		.byte	0
 237 00d4 00       		.byte	0
 238 00d5 00       		.byte	0
 239 00d6 00       		.byte	0
 240 00d7 00       		.byte	0
 241 00d8 00       		.byte	0
 242 00d9 00       		.byte	0
 243 00da 00       		.byte	0
 244 00db 00       		.byte	0
 245 00dc 00       		.byte	0
 246 00dd 00       		.byte	0
 247 00de 00       		.byte	0
 248 00df 00       		.byte	0
 249 00e0 00       		.byte	0
 250 00e1 00       		.byte	0
 251 00e2 00       		.byte	0
 252 00e3 01       		.byte	1
 253 00e4 01       		.byte	1
 254 00e5 00       		.byte	0
 255 00e6 01       		.byte	1
 256 00e7 01       		.byte	1
 257 00e8 01       		.byte	1
 258 00e9 01       		.byte	1
 259 00ea 01       		.byte	1
 260 00eb 01       		.byte	1
 261 00ec 01       		.byte	1
 262 00ed 01       		.byte	1
 263 00ee 01       		.byte	1
 264 00ef 01       		.byte	1
 265 00f0 01       		.byte	1
 266 00f1 00       		.byte	0
 267 00f2 01       		.byte	1
 268 00f3 01       		.byte	1
 269 00f4 01       		.byte	1
 270 00f5 01       		.byte	1
 271 00f6 01       		.byte	1
 272 00f7 01       		.byte	1
 273 00f8 00       		.byte	0
 274 00f9 00       		.byte	0
 275 00fa 00       		.byte	0
 276 00fb 00       		.byte	0
 277 00fc 00       		.byte	0
 278 00fd 00       		.byte	0
 279 00fe 00       		.byte	0
 280 00ff 01       		.byte	1
 281 0100 00       		.byte	0
 282 0101 00       		.byte	0
 283 0102 00       		.byte	0
 284 0103 00       		.byte	0
 285 0104 00       		.byte	0
ARM GAS  C:\Users\Calvi\AppData\Local\Temp\ccRQiKUu.s 			page 6


 286 0105 00       		.byte	0
 287 0106 00       		.byte	0
 288 0107 00       		.byte	0
 289 0108 00       		.byte	0
 290 0109 01       		.byte	1
 291 010a 01       		.byte	1
 292 010b 01       		.byte	1
 293 010c 01       		.byte	1
 294 010d 01       		.byte	1
 295 010e 01       		.byte	1
 296 010f 01       		.byte	1
 297 0110 01       		.byte	1
 298 0111 01       		.byte	1
 299 0112 01       		.byte	1
 300 0113 01       		.byte	1
 301 0114 01       		.byte	1
 302 0115 01       		.byte	1
 303 0116 01       		.byte	1
 304 0117 01       		.byte	1
 305 0118 01       		.byte	1
 306 0119 01       		.byte	1
 307 011a 01       		.byte	1
 308 011b 01       		.byte	1
 309 011c 01       		.byte	1
 310              		.global	start_pos
 311 011d 000000   		.align	2
 312              		.type	start_pos, %object
 313              		.size	start_pos, 2
 314              	start_pos:
 315 0120 01       		.byte	1
 316 0121 01       		.byte	1
 317              		.global	food_list
 318 0122 0000     		.align	2
 319              		.type	food_list, %object
 320              		.size	food_list, 10
 321              	food_list:
 322 0124 02       		.byte	2
 323 0125 0D       		.byte	13
 324 0126 05       		.byte	5
 325 0127 05       		.byte	5
 326 0128 07       		.byte	7
 327 0129 01       		.byte	1
 328 012a 0D       		.byte	13
 329 012b 05       		.byte	5
 330 012c 09       		.byte	9
 331 012d 09       		.byte	9
 332              		.section	.text.dbg_puts,"ax",%progbits
 333              		.align	2
 334              		.thumb
 335              		.thumb_func
 336              		.type	dbg_puts, %function
 337              	dbg_puts:
 338              	.LFB1:
 339              		.file 1 "map_to_instructions.c"
   1:map_to_instructions.c **** #include "map.h"
   2:map_to_instructions.c **** #include "map_to_instructions.h"
   3:map_to_instructions.c **** #include <string.h>
ARM GAS  C:\Users\Calvi\AppData\Local\Temp\ccRQiKUu.s 			page 7


   4:map_to_instructions.c **** #include <stdbool.h>
   5:map_to_instructions.c **** #include <stdlib.h>
   6:map_to_instructions.c **** #include <stdio.h>
   7:map_to_instructions.c **** 
   8:map_to_instructions.c **** #define ROWS 15
   9:map_to_instructions.c **** #define COLS 19
  10:map_to_instructions.c **** 
  11:map_to_instructions.c **** // Debug printing to USB or console
  12:map_to_instructions.c **** #ifndef USE_USB
  13:map_to_instructions.c **** #define USE_USB 1
  14:map_to_instructions.c **** #endif
  15:map_to_instructions.c **** 
  16:map_to_instructions.c **** #if USE_USB
  17:map_to_instructions.c **** extern void usbPutString(char *s);
  18:map_to_instructions.c **** static void dbg_puts(const char *s) { usbPutString((char*)s); }
 340              		.loc 1 18 0
 341              		.cfi_startproc
 342              		@ args = 0, pretend = 0, frame = 8
 343              		@ frame_needed = 1, uses_anonymous_args = 0
 344 0000 80B5     		push	{r7, lr}
 345              		.cfi_def_cfa_offset 8
 346              		.cfi_offset 7, -8
 347              		.cfi_offset 14, -4
 348 0002 82B0     		sub	sp, sp, #8
 349              		.cfi_def_cfa_offset 16
 350 0004 00AF     		add	r7, sp, #0
 351              		.cfi_def_cfa_register 7
 352 0006 7860     		str	r0, [r7, #4]
 353              		.loc 1 18 0
 354 0008 7868     		ldr	r0, [r7, #4]
 355 000a FFF7FEFF 		bl	usbPutString
 356 000e 00BF     		nop
 357 0010 0837     		adds	r7, r7, #8
 358              		.cfi_def_cfa_offset 8
 359 0012 BD46     		mov	sp, r7
 360              		.cfi_def_cfa_register 13
 361              		@ sp needed
 362 0014 80BD     		pop	{r7, pc}
 363              		.cfi_endproc
 364              	.LFE1:
 365              		.size	dbg_puts, .-dbg_puts
 366 0016 00BF     		.section	.rodata
 367              		.align	2
 368              		.type	drow, %object
 369              		.size	drow, 16
 370              	drow:
 371 0000 00000000 		.word	0
 372 0004 01000000 		.word	1
 373 0008 00000000 		.word	0
 374 000c FFFFFFFF 		.word	-1
 375              		.align	2
 376              		.type	dcol, %object
 377              		.size	dcol, 16
 378              	dcol:
 379 0010 01000000 		.word	1
 380 0014 00000000 		.word	0
 381 0018 FFFFFFFF 		.word	-1
ARM GAS  C:\Users\Calvi\AppData\Local\Temp\ccRQiKUu.s 			page 8


 382 001c 00000000 		.word	0
 383              		.section	.text.in_bounds,"ax",%progbits
 384              		.align	2
 385              		.thumb
 386              		.thumb_func
 387              		.type	in_bounds, %function
 388              	in_bounds:
 389              	.LFB2:
  19:map_to_instructions.c **** #else
  20:map_to_instructions.c **** static void dbg_puts(const char *s) { printf("%s", s); }
  21:map_to_instructions.c **** #endif
  22:map_to_instructions.c **** 
  23:map_to_instructions.c **** // Directions: 0 = right, 1 = down, 2 = left, 3 = up
  24:map_to_instructions.c **** static const int drow[4] = {0, 1, 0, -1};
  25:map_to_instructions.c **** static const int dcol[4] = {1, 0, -1, 0};
  26:map_to_instructions.c **** 
  27:map_to_instructions.c **** static inline bool in_bounds(int r, int c) {
 390              		.loc 1 27 0
 391              		.cfi_startproc
 392              		@ args = 0, pretend = 0, frame = 8
 393              		@ frame_needed = 1, uses_anonymous_args = 0
 394              		@ link register save eliminated.
 395 0000 80B4     		push	{r7}
 396              		.cfi_def_cfa_offset 4
 397              		.cfi_offset 7, -4
 398 0002 83B0     		sub	sp, sp, #12
 399              		.cfi_def_cfa_offset 16
 400 0004 00AF     		add	r7, sp, #0
 401              		.cfi_def_cfa_register 7
 402 0006 7860     		str	r0, [r7, #4]
 403 0008 3960     		str	r1, [r7]
  28:map_to_instructions.c ****     return (r >= 0 && r < ROWS && c >= 0 && c < COLS);
 404              		.loc 1 28 0
 405 000a 7B68     		ldr	r3, [r7, #4]
 406 000c 002B     		cmp	r3, #0
 407 000e 0ADB     		blt	.L3
 408              		.loc 1 28 0 is_stmt 0 discriminator 1
 409 0010 7B68     		ldr	r3, [r7, #4]
 410 0012 0E2B     		cmp	r3, #14
 411 0014 07DC     		bgt	.L3
 412              		.loc 1 28 0 discriminator 3
 413 0016 3B68     		ldr	r3, [r7]
 414 0018 002B     		cmp	r3, #0
 415 001a 04DB     		blt	.L3
 416              		.loc 1 28 0 discriminator 5
 417 001c 3B68     		ldr	r3, [r7]
 418 001e 122B     		cmp	r3, #18
 419 0020 01DC     		bgt	.L3
 420              		.loc 1 28 0 discriminator 7
 421 0022 0123     		movs	r3, #1
 422 0024 00E0     		b	.L4
 423              	.L3:
 424              		.loc 1 28 0 discriminator 8
 425 0026 0023     		movs	r3, #0
 426              	.L4:
 427              		.loc 1 28 0 discriminator 10
 428 0028 03F00103 		and	r3, r3, #1
ARM GAS  C:\Users\Calvi\AppData\Local\Temp\ccRQiKUu.s 			page 9


 429 002c DBB2     		uxtb	r3, r3
  29:map_to_instructions.c **** }
 430              		.loc 1 29 0 is_stmt 1 discriminator 10
 431 002e 1846     		mov	r0, r3
 432 0030 0C37     		adds	r7, r7, #12
 433              		.cfi_def_cfa_offset 4
 434 0032 BD46     		mov	sp, r7
 435              		.cfi_def_cfa_register 13
 436              		@ sp needed
 437 0034 80BC     		pop	{r7}
 438              		.cfi_restore 7
 439              		.cfi_def_cfa_offset 0
 440 0036 7047     		bx	lr
 441              		.cfi_endproc
 442              	.LFE2:
 443              		.size	in_bounds, .-in_bounds
 444              		.section	.text.is_free,"ax",%progbits
 445              		.align	2
 446              		.thumb
 447              		.thumb_func
 448              		.type	is_free, %function
 449              	is_free:
 450              	.LFB3:
  30:map_to_instructions.c **** 
  31:map_to_instructions.c **** static inline bool is_free(int r, int c) {
 451              		.loc 1 31 0
 452              		.cfi_startproc
 453              		@ args = 0, pretend = 0, frame = 8
 454              		@ frame_needed = 1, uses_anonymous_args = 0
 455 0000 80B5     		push	{r7, lr}
 456              		.cfi_def_cfa_offset 8
 457              		.cfi_offset 7, -8
 458              		.cfi_offset 14, -4
 459 0002 82B0     		sub	sp, sp, #8
 460              		.cfi_def_cfa_offset 16
 461 0004 00AF     		add	r7, sp, #0
 462              		.cfi_def_cfa_register 7
 463 0006 7860     		str	r0, [r7, #4]
 464 0008 3960     		str	r1, [r7]
  32:map_to_instructions.c ****     return in_bounds(r, c) && (map[r][c] == 0);
 465              		.loc 1 32 0
 466 000a 3968     		ldr	r1, [r7]
 467 000c 7868     		ldr	r0, [r7, #4]
 468 000e FFF7FEFF 		bl	in_bounds
 469 0012 0346     		mov	r3, r0
 470 0014 002B     		cmp	r3, #0
 471 0016 0ED0     		beq	.L7
 472              		.loc 1 32 0 is_stmt 0 discriminator 1
 473 0018 0B49     		ldr	r1, .L10
 474 001a 7A68     		ldr	r2, [r7, #4]
 475 001c 1346     		mov	r3, r2
 476 001e DB00     		lsls	r3, r3, #3
 477 0020 1344     		add	r3, r3, r2
 478 0022 5B00     		lsls	r3, r3, #1
 479 0024 1344     		add	r3, r3, r2
 480 0026 CA18     		adds	r2, r1, r3
 481 0028 3B68     		ldr	r3, [r7]
ARM GAS  C:\Users\Calvi\AppData\Local\Temp\ccRQiKUu.s 			page 10


 482 002a 1344     		add	r3, r3, r2
 483 002c 1B78     		ldrb	r3, [r3]	@ zero_extendqisi2
 484 002e 002B     		cmp	r3, #0
 485 0030 01D1     		bne	.L7
 486              		.loc 1 32 0 discriminator 3
 487 0032 0123     		movs	r3, #1
 488 0034 00E0     		b	.L8
 489              	.L7:
 490              		.loc 1 32 0 discriminator 4
 491 0036 0023     		movs	r3, #0
 492              	.L8:
 493              		.loc 1 32 0 discriminator 6
 494 0038 03F00103 		and	r3, r3, #1
 495 003c DBB2     		uxtb	r3, r3
  33:map_to_instructions.c **** }
 496              		.loc 1 33 0 is_stmt 1 discriminator 6
 497 003e 1846     		mov	r0, r3
 498 0040 0837     		adds	r7, r7, #8
 499              		.cfi_def_cfa_offset 8
 500 0042 BD46     		mov	sp, r7
 501              		.cfi_def_cfa_register 13
 502              		@ sp needed
 503 0044 80BD     		pop	{r7, pc}
 504              	.L11:
 505 0046 00BF     		.align	2
 506              	.L10:
 507 0048 00000000 		.word	map
 508              		.cfi_endproc
 509              	.LFE3:
 510              		.size	is_free, .-is_free
 511              		.section	.text.heuristic,"ax",%progbits
 512              		.align	2
 513              		.thumb
 514              		.thumb_func
 515              		.type	heuristic, %function
 516              	heuristic:
 517              	.LFB4:
  34:map_to_instructions.c **** 
  35:map_to_instructions.c **** static inline int heuristic(int r, int c, int gr, int gc) {
 518              		.loc 1 35 0
 519              		.cfi_startproc
 520              		@ args = 0, pretend = 0, frame = 16
 521              		@ frame_needed = 1, uses_anonymous_args = 0
 522              		@ link register save eliminated.
 523 0000 80B4     		push	{r7}
 524              		.cfi_def_cfa_offset 4
 525              		.cfi_offset 7, -4
 526 0002 85B0     		sub	sp, sp, #20
 527              		.cfi_def_cfa_offset 24
 528 0004 00AF     		add	r7, sp, #0
 529              		.cfi_def_cfa_register 7
 530 0006 F860     		str	r0, [r7, #12]
 531 0008 B960     		str	r1, [r7, #8]
 532 000a 7A60     		str	r2, [r7, #4]
 533 000c 3B60     		str	r3, [r7]
  36:map_to_instructions.c ****     return abs(r - gr) + abs(c - gc);
 534              		.loc 1 36 0
ARM GAS  C:\Users\Calvi\AppData\Local\Temp\ccRQiKUu.s 			page 11


 535 000e FA68     		ldr	r2, [r7, #12]
 536 0010 7B68     		ldr	r3, [r7, #4]
 537 0012 D31A     		subs	r3, r2, r3
 538 0014 83EAE372 		eor	r2, r3, r3, asr #31
 539 0018 A2EBE372 		sub	r2, r2, r3, asr #31
 540 001c B968     		ldr	r1, [r7, #8]
 541 001e 3B68     		ldr	r3, [r7]
 542 0020 CB1A     		subs	r3, r1, r3
 543 0022 002B     		cmp	r3, #0
 544 0024 B8BF     		it	lt
 545 0026 5B42     		rsblt	r3, r3, #0
 546 0028 1344     		add	r3, r3, r2
  37:map_to_instructions.c **** }
 547              		.loc 1 37 0
 548 002a 1846     		mov	r0, r3
 549 002c 1437     		adds	r7, r7, #20
 550              		.cfi_def_cfa_offset 4
 551 002e BD46     		mov	sp, r7
 552              		.cfi_def_cfa_register 13
 553              		@ sp needed
 554 0030 80BC     		pop	{r7}
 555              		.cfi_restore 7
 556              		.cfi_def_cfa_offset 0
 557 0032 7047     		bx	lr
 558              		.cfi_endproc
 559              	.LFE4:
 560              		.size	heuristic, .-heuristic
 561              		.section	.rodata
 562              		.align	2
 563              	.LC0:
 564 0020 0D0A3D3D 		.ascii	"\015\012=== RAW PATH (leg %d) len=%d ===\015\012\000"
 564      3D205241 
 564      57205041 
 564      54482028 
 564      6C656720 
 565 0045 000000   		.align	2
 566              	.LC1:
 567 0048 0D0A00   		.ascii	"\015\012\000"
 568 004b 00       		.align	2
 569              	.LC2:
 570 004c 2000     		.ascii	" \000"
 571 004e 0000     		.align	2
 572              	.LC3:
 573 0050 2825642C 		.ascii	"(%d,%d)%s\000"
 573      25642925 
 573      7300
 574 005a 0000     		.align	2
 575              	.LC4:
 576 005c 3D3D3D20 		.ascii	"=== END RAW PATH ===\015\012\000"
 576      454E4420 
 576      52415720 
 576      50415448 
 576      203D3D3D 
 577              		.section	.text.debug_print_path,"ax",%progbits
 578              		.align	2
 579              		.thumb
 580              		.thumb_func
ARM GAS  C:\Users\Calvi\AppData\Local\Temp\ccRQiKUu.s 			page 12


 581              		.type	debug_print_path, %function
 582              	debug_print_path:
 583              	.LFB5:
  38:map_to_instructions.c **** 
  39:map_to_instructions.c **** // Debug print A* path to serial for verification
  40:map_to_instructions.c **** static void debug_print_path(const int path[][2], int len, int leg_idx) {
 584              		.loc 1 40 0
 585              		.cfi_startproc
 586              		@ args = 0, pretend = 0, frame = 120
 587              		@ frame_needed = 1, uses_anonymous_args = 0
 588 0000 90B5     		push	{r4, r7, lr}
 589              		.cfi_def_cfa_offset 12
 590              		.cfi_offset 4, -12
 591              		.cfi_offset 7, -8
 592              		.cfi_offset 14, -4
 593 0002 A1B0     		sub	sp, sp, #132
 594              		.cfi_def_cfa_offset 144
 595 0004 02AF     		add	r7, sp, #8
 596              		.cfi_def_cfa 7, 136
 597 0006 F860     		str	r0, [r7, #12]
 598 0008 B960     		str	r1, [r7, #8]
 599 000a 7A60     		str	r2, [r7, #4]
  41:map_to_instructions.c ****     char line[96];
  42:map_to_instructions.c ****     snprintf(line, sizeof(line), "\r\n=== RAW PATH (leg %d) len=%d ===\r\n", leg_idx, len);
 600              		.loc 1 42 0
 601 000c 07F11400 		add	r0, r7, #20
 602 0010 BB68     		ldr	r3, [r7, #8]
 603 0012 0093     		str	r3, [sp]
 604 0014 7B68     		ldr	r3, [r7, #4]
 605 0016 1D4A     		ldr	r2, .L19
 606 0018 6021     		movs	r1, #96
 607 001a FFF7FEFF 		bl	snprintf
  43:map_to_instructions.c ****     dbg_puts(line);
 608              		.loc 1 43 0
 609 001e 07F11403 		add	r3, r7, #20
 610 0022 1846     		mov	r0, r3
 611 0024 FFF7FEFF 		bl	dbg_puts
 612              	.LBB2:
  44:map_to_instructions.c **** 
  45:map_to_instructions.c ****     for (int i = 0; i < len; ++i) {
 613              		.loc 1 45 0
 614 0028 0023     		movs	r3, #0
 615 002a 7B67     		str	r3, [r7, #116]
 616 002c 22E0     		b	.L15
 617              	.L18:
  46:map_to_instructions.c ****         snprintf(line, sizeof(line), "(%d,%d)%s", path[i][0], path[i][1],
 618              		.loc 1 46 0
 619 002e 7B6F     		ldr	r3, [r7, #116]
 620 0030 DB00     		lsls	r3, r3, #3
 621 0032 FA68     		ldr	r2, [r7, #12]
 622 0034 1344     		add	r3, r3, r2
 623 0036 1C68     		ldr	r4, [r3]
 624 0038 7B6F     		ldr	r3, [r7, #116]
 625 003a DB00     		lsls	r3, r3, #3
 626 003c FA68     		ldr	r2, [r7, #12]
 627 003e 1344     		add	r3, r3, r2
 628 0040 5B68     		ldr	r3, [r3, #4]
ARM GAS  C:\Users\Calvi\AppData\Local\Temp\ccRQiKUu.s 			page 13


  47:map_to_instructions.c ****                  (i == len - 1) ? "\r\n" : " ");
 629              		.loc 1 47 0
 630 0042 BA68     		ldr	r2, [r7, #8]
 631 0044 511E     		subs	r1, r2, #1
  46:map_to_instructions.c ****         snprintf(line, sizeof(line), "(%d,%d)%s", path[i][0], path[i][1],
 632              		.loc 1 46 0
 633 0046 7A6F     		ldr	r2, [r7, #116]
 634 0048 9142     		cmp	r1, r2
 635 004a 01D1     		bne	.L16
  46:map_to_instructions.c ****         snprintf(line, sizeof(line), "(%d,%d)%s", path[i][0], path[i][1],
 636              		.loc 1 46 0 is_stmt 0 discriminator 1
 637 004c 104A     		ldr	r2, .L19+4
 638 004e 00E0     		b	.L17
 639              	.L16:
  46:map_to_instructions.c ****         snprintf(line, sizeof(line), "(%d,%d)%s", path[i][0], path[i][1],
 640              		.loc 1 46 0 discriminator 2
 641 0050 104A     		ldr	r2, .L19+8
 642              	.L17:
  46:map_to_instructions.c ****         snprintf(line, sizeof(line), "(%d,%d)%s", path[i][0], path[i][1],
 643              		.loc 1 46 0 discriminator 4
 644 0052 07F11400 		add	r0, r7, #20
 645 0056 0192     		str	r2, [sp, #4]
 646 0058 0093     		str	r3, [sp]
 647 005a 2346     		mov	r3, r4
 648 005c 0E4A     		ldr	r2, .L19+12
 649 005e 6021     		movs	r1, #96
 650 0060 FFF7FEFF 		bl	snprintf
  48:map_to_instructions.c ****         dbg_puts(line);
 651              		.loc 1 48 0 is_stmt 1 discriminator 4
 652 0064 07F11403 		add	r3, r7, #20
 653 0068 1846     		mov	r0, r3
 654 006a FFF7FEFF 		bl	dbg_puts
  45:map_to_instructions.c ****         snprintf(line, sizeof(line), "(%d,%d)%s", path[i][0], path[i][1],
 655              		.loc 1 45 0 discriminator 4
 656 006e 7B6F     		ldr	r3, [r7, #116]
 657 0070 0133     		adds	r3, r3, #1
 658 0072 7B67     		str	r3, [r7, #116]
 659              	.L15:
  45:map_to_instructions.c ****         snprintf(line, sizeof(line), "(%d,%d)%s", path[i][0], path[i][1],
 660              		.loc 1 45 0 is_stmt 0 discriminator 2
 661 0074 7A6F     		ldr	r2, [r7, #116]
 662 0076 BB68     		ldr	r3, [r7, #8]
 663 0078 9A42     		cmp	r2, r3
 664 007a D8DB     		blt	.L18
 665              	.LBE2:
  49:map_to_instructions.c ****     }
  50:map_to_instructions.c **** 
  51:map_to_instructions.c ****     dbg_puts("=== END RAW PATH ===\r\n");
 666              		.loc 1 51 0 is_stmt 1
 667 007c 0748     		ldr	r0, .L19+16
 668 007e FFF7FEFF 		bl	dbg_puts
  52:map_to_instructions.c **** }
 669              		.loc 1 52 0
 670 0082 00BF     		nop
 671 0084 7C37     		adds	r7, r7, #124
 672              		.cfi_def_cfa_offset 12
 673 0086 BD46     		mov	sp, r7
ARM GAS  C:\Users\Calvi\AppData\Local\Temp\ccRQiKUu.s 			page 14


 674              		.cfi_def_cfa_register 13
 675              		@ sp needed
 676 0088 90BD     		pop	{r4, r7, pc}
 677              	.L20:
 678 008a 00BF     		.align	2
 679              	.L19:
 680 008c 20000000 		.word	.LC0
 681 0090 48000000 		.word	.LC1
 682 0094 4C000000 		.word	.LC2
 683 0098 50000000 		.word	.LC3
 684 009c 5C000000 		.word	.LC4
 685              		.cfi_endproc
 686              	.LFE5:
 687              		.size	debug_print_path, .-debug_print_path
 688              		.section	.text.pop_best,"ax",%progbits
 689              		.align	2
 690              		.thumb
 691              		.thumb_func
 692              		.type	pop_best, %function
 693              	pop_best:
 694              	.LFB6:
  53:map_to_instructions.c **** 
  54:map_to_instructions.c **** // Node for A* open list
  55:map_to_instructions.c **** typedef struct {
  56:map_to_instructions.c ****     int r, c, f;
  57:map_to_instructions.c **** } Node;
  58:map_to_instructions.c **** 
  59:map_to_instructions.c **** // Priority queue pop (min f)
  60:map_to_instructions.c **** static int pop_best(Node *arr, int *size) {
 695              		.loc 1 60 0
 696              		.cfi_startproc
 697              		@ args = 0, pretend = 0, frame = 32
 698              		@ frame_needed = 1, uses_anonymous_args = 0
 699              		@ link register save eliminated.
 700 0000 90B4     		push	{r4, r7}
 701              		.cfi_def_cfa_offset 8
 702              		.cfi_offset 4, -8
 703              		.cfi_offset 7, -4
 704 0002 88B0     		sub	sp, sp, #32
 705              		.cfi_def_cfa_offset 40
 706 0004 00AF     		add	r7, sp, #0
 707              		.cfi_def_cfa_register 7
 708 0006 7860     		str	r0, [r7, #4]
 709 0008 3960     		str	r1, [r7]
  61:map_to_instructions.c ****     int best = 0;
 710              		.loc 1 61 0
 711 000a 0023     		movs	r3, #0
 712 000c FB61     		str	r3, [r7, #28]
 713              	.LBB3:
  62:map_to_instructions.c ****     for (int i = 1; i < *size; ++i)
 714              		.loc 1 62 0
 715 000e 0123     		movs	r3, #1
 716 0010 BB61     		str	r3, [r7, #24]
 717 0012 18E0     		b	.L22
 718              	.L24:
  63:map_to_instructions.c ****         if (arr[i].f < arr[best].f) best = i;
 719              		.loc 1 63 0
ARM GAS  C:\Users\Calvi\AppData\Local\Temp\ccRQiKUu.s 			page 15


 720 0014 BA69     		ldr	r2, [r7, #24]
 721 0016 1346     		mov	r3, r2
 722 0018 5B00     		lsls	r3, r3, #1
 723 001a 1344     		add	r3, r3, r2
 724 001c 9B00     		lsls	r3, r3, #2
 725 001e 1A46     		mov	r2, r3
 726 0020 7B68     		ldr	r3, [r7, #4]
 727 0022 1344     		add	r3, r3, r2
 728 0024 9968     		ldr	r1, [r3, #8]
 729 0026 FA69     		ldr	r2, [r7, #28]
 730 0028 1346     		mov	r3, r2
 731 002a 5B00     		lsls	r3, r3, #1
 732 002c 1344     		add	r3, r3, r2
 733 002e 9B00     		lsls	r3, r3, #2
 734 0030 1A46     		mov	r2, r3
 735 0032 7B68     		ldr	r3, [r7, #4]
 736 0034 1344     		add	r3, r3, r2
 737 0036 9B68     		ldr	r3, [r3, #8]
 738 0038 9942     		cmp	r1, r3
 739 003a 01DA     		bge	.L23
 740              		.loc 1 63 0 is_stmt 0 discriminator 1
 741 003c BB69     		ldr	r3, [r7, #24]
 742 003e FB61     		str	r3, [r7, #28]
 743              	.L23:
  62:map_to_instructions.c ****     for (int i = 1; i < *size; ++i)
 744              		.loc 1 62 0 is_stmt 1 discriminator 2
 745 0040 BB69     		ldr	r3, [r7, #24]
 746 0042 0133     		adds	r3, r3, #1
 747 0044 BB61     		str	r3, [r7, #24]
 748              	.L22:
  62:map_to_instructions.c ****     for (int i = 1; i < *size; ++i)
 749              		.loc 1 62 0 is_stmt 0 discriminator 1
 750 0046 3B68     		ldr	r3, [r7]
 751 0048 1A68     		ldr	r2, [r3]
 752 004a BB69     		ldr	r3, [r7, #24]
 753 004c 9A42     		cmp	r2, r3
 754 004e E1DC     		bgt	.L24
 755              	.LBE3:
  64:map_to_instructions.c ****     Node temp = arr[best];
 756              		.loc 1 64 0 is_stmt 1
 757 0050 FA69     		ldr	r2, [r7, #28]
 758 0052 1346     		mov	r3, r2
 759 0054 5B00     		lsls	r3, r3, #1
 760 0056 1344     		add	r3, r3, r2
 761 0058 9B00     		lsls	r3, r3, #2
 762 005a 1A46     		mov	r2, r3
 763 005c 7B68     		ldr	r3, [r7, #4]
 764 005e 1A44     		add	r2, r2, r3
 765 0060 07F10C03 		add	r3, r7, #12
 766 0064 07CA     		ldmia	r2, {r0, r1, r2}
 767 0066 83E80700 		stmia	r3, {r0, r1, r2}
  65:map_to_instructions.c ****     arr[best] = arr[--(*size)];
 768              		.loc 1 65 0
 769 006a FA69     		ldr	r2, [r7, #28]
 770 006c 1346     		mov	r3, r2
 771 006e 5B00     		lsls	r3, r3, #1
 772 0070 1344     		add	r3, r3, r2
ARM GAS  C:\Users\Calvi\AppData\Local\Temp\ccRQiKUu.s 			page 16


 773 0072 9B00     		lsls	r3, r3, #2
 774 0074 1A46     		mov	r2, r3
 775 0076 7B68     		ldr	r3, [r7, #4]
 776 0078 9918     		adds	r1, r3, r2
 777 007a 3B68     		ldr	r3, [r7]
 778 007c 1B68     		ldr	r3, [r3]
 779 007e 5A1E     		subs	r2, r3, #1
 780 0080 3B68     		ldr	r3, [r7]
 781 0082 1A60     		str	r2, [r3]
 782 0084 3B68     		ldr	r3, [r7]
 783 0086 1B68     		ldr	r3, [r3]
 784 0088 1A46     		mov	r2, r3
 785 008a 1346     		mov	r3, r2
 786 008c 5B00     		lsls	r3, r3, #1
 787 008e 1344     		add	r3, r3, r2
 788 0090 9B00     		lsls	r3, r3, #2
 789 0092 1A46     		mov	r2, r3
 790 0094 7B68     		ldr	r3, [r7, #4]
 791 0096 1A44     		add	r2, r2, r3
 792 0098 0B46     		mov	r3, r1
 793 009a 07CA     		ldmia	r2, {r0, r1, r2}
 794 009c 83E80700 		stmia	r3, {r0, r1, r2}
  66:map_to_instructions.c ****     arr[*size] = temp;
 795              		.loc 1 66 0
 796 00a0 3B68     		ldr	r3, [r7]
 797 00a2 1B68     		ldr	r3, [r3]
 798 00a4 1A46     		mov	r2, r3
 799 00a6 1346     		mov	r3, r2
 800 00a8 5B00     		lsls	r3, r3, #1
 801 00aa 1344     		add	r3, r3, r2
 802 00ac 9B00     		lsls	r3, r3, #2
 803 00ae 1A46     		mov	r2, r3
 804 00b0 7B68     		ldr	r3, [r7, #4]
 805 00b2 1344     		add	r3, r3, r2
 806 00b4 1C46     		mov	r4, r3
 807 00b6 07F10C03 		add	r3, r7, #12
 808 00ba 93E80700 		ldmia	r3, {r0, r1, r2}
 809 00be 84E80700 		stmia	r4, {r0, r1, r2}
  67:map_to_instructions.c ****     return (*size);
 810              		.loc 1 67 0
 811 00c2 3B68     		ldr	r3, [r7]
 812 00c4 1B68     		ldr	r3, [r3]
  68:map_to_instructions.c **** }
 813              		.loc 1 68 0
 814 00c6 1846     		mov	r0, r3
 815 00c8 2037     		adds	r7, r7, #32
 816              		.cfi_def_cfa_offset 8
 817 00ca BD46     		mov	sp, r7
 818              		.cfi_def_cfa_register 13
 819              		@ sp needed
 820 00cc 90BC     		pop	{r4, r7}
 821              		.cfi_restore 7
 822              		.cfi_restore 4
 823              		.cfi_def_cfa_offset 0
 824 00ce 7047     		bx	lr
 825              		.cfi_endproc
 826              	.LFE6:
ARM GAS  C:\Users\Calvi\AppData\Local\Temp\ccRQiKUu.s 			page 17


 827              		.size	pop_best, .-pop_best
 828              		.section	.text.emit_plan_for_path,"ax",%progbits
 829              		.align	2
 830              		.thumb
 831              		.thumb_func
 832              		.type	emit_plan_for_path, %function
 833              	emit_plan_for_path:
 834              	.LFB7:
  69:map_to_instructions.c **** 
  70:map_to_instructions.c **** // Emit clean minimal instructions: one STRAIGHT per segment, turns between them
  71:map_to_instructions.c **** static void emit_plan_for_path(const int path[][2], int len,
  72:map_to_instructions.c ****                                RobotInstr instr[], int *count, int max_instr)
  73:map_to_instructions.c **** {
 835              		.loc 1 73 0
 836              		.cfi_startproc
 837              		@ args = 4, pretend = 0, frame = 80
 838              		@ frame_needed = 1, uses_anonymous_args = 0
 839              		@ link register save eliminated.
 840 0000 80B4     		push	{r7}
 841              		.cfi_def_cfa_offset 4
 842              		.cfi_offset 7, -4
 843 0002 95B0     		sub	sp, sp, #84
 844              		.cfi_def_cfa_offset 88
 845 0004 00AF     		add	r7, sp, #0
 846              		.cfi_def_cfa_register 7
 847 0006 F860     		str	r0, [r7, #12]
 848 0008 B960     		str	r1, [r7, #8]
 849 000a 7A60     		str	r2, [r7, #4]
 850 000c 3B60     		str	r3, [r7]
  74:map_to_instructions.c ****     if (len < 2) return;
 851              		.loc 1 74 0
 852 000e BB68     		ldr	r3, [r7, #8]
 853 0010 012B     		cmp	r3, #1
 854 0012 40F3DF80 		ble	.L46
  75:map_to_instructions.c ****     int idx = *count;
 855              		.loc 1 75 0
 856 0016 3B68     		ldr	r3, [r7]
 857 0018 1B68     		ldr	r3, [r3]
 858 001a FB64     		str	r3, [r7, #76]
  76:map_to_instructions.c **** 
  77:map_to_instructions.c ****     // Determine initial heading from first step
  78:map_to_instructions.c ****     int r0 = path[0][0], c0 = path[0][1];
 859              		.loc 1 78 0
 860 001c FB68     		ldr	r3, [r7, #12]
 861 001e 1B68     		ldr	r3, [r3]
 862 0020 7B63     		str	r3, [r7, #52]
 863 0022 FB68     		ldr	r3, [r7, #12]
 864 0024 5B68     		ldr	r3, [r3, #4]
 865 0026 3B63     		str	r3, [r7, #48]
  79:map_to_instructions.c ****     int r1 = path[1][0], c1 = path[1][1];
 866              		.loc 1 79 0
 867 0028 FB68     		ldr	r3, [r7, #12]
 868 002a 0833     		adds	r3, r3, #8
 869 002c 1B68     		ldr	r3, [r3]
 870 002e FB62     		str	r3, [r7, #44]
 871 0030 FB68     		ldr	r3, [r7, #12]
 872 0032 0833     		adds	r3, r3, #8
ARM GAS  C:\Users\Calvi\AppData\Local\Temp\ccRQiKUu.s 			page 18


 873 0034 5B68     		ldr	r3, [r3, #4]
 874 0036 BB62     		str	r3, [r7, #40]
  80:map_to_instructions.c ****     int heading = -1;
 875              		.loc 1 80 0
 876 0038 4FF0FF33 		mov	r3, #-1
 877 003c BB64     		str	r3, [r7, #72]
 878              	.LBB4:
  81:map_to_instructions.c ****     for (int d = 0; d < 4; ++d)
 879              		.loc 1 81 0
 880 003e 0023     		movs	r3, #0
 881 0040 7B64     		str	r3, [r7, #68]
 882 0042 16E0     		b	.L29
 883              	.L31:
  82:map_to_instructions.c ****         if (r0 + drow[d] == r1 && c0 + dcol[d] == c1)
 884              		.loc 1 82 0
 885 0044 664A     		ldr	r2, .L50
 886 0046 7B6C     		ldr	r3, [r7, #68]
 887 0048 52F82320 		ldr	r2, [r2, r3, lsl #2]
 888 004c 7B6B     		ldr	r3, [r7, #52]
 889 004e 1A44     		add	r2, r2, r3
 890 0050 FB6A     		ldr	r3, [r7, #44]
 891 0052 9A42     		cmp	r2, r3
 892 0054 0AD1     		bne	.L30
 893              		.loc 1 82 0 is_stmt 0 discriminator 1
 894 0056 634A     		ldr	r2, .L50+4
 895 0058 7B6C     		ldr	r3, [r7, #68]
 896 005a 52F82320 		ldr	r2, [r2, r3, lsl #2]
 897 005e 3B6B     		ldr	r3, [r7, #48]
 898 0060 1A44     		add	r2, r2, r3
 899 0062 BB6A     		ldr	r3, [r7, #40]
 900 0064 9A42     		cmp	r2, r3
 901 0066 01D1     		bne	.L30
  83:map_to_instructions.c ****             heading = d;
 902              		.loc 1 83 0 is_stmt 1
 903 0068 7B6C     		ldr	r3, [r7, #68]
 904 006a BB64     		str	r3, [r7, #72]
 905              	.L30:
  81:map_to_instructions.c ****     for (int d = 0; d < 4; ++d)
 906              		.loc 1 81 0 discriminator 2
 907 006c 7B6C     		ldr	r3, [r7, #68]
 908 006e 0133     		adds	r3, r3, #1
 909 0070 7B64     		str	r3, [r7, #68]
 910              	.L29:
  81:map_to_instructions.c ****     for (int d = 0; d < 4; ++d)
 911              		.loc 1 81 0 is_stmt 0 discriminator 1
 912 0072 7B6C     		ldr	r3, [r7, #68]
 913 0074 032B     		cmp	r3, #3
 914 0076 E5DD     		ble	.L31
 915              	.LBE4:
  84:map_to_instructions.c **** 
  85:map_to_instructions.c ****     // Start moving straight
  86:map_to_instructions.c ****     if (idx < max_instr) instr[idx++].type = iSTRAIGHT;
 916              		.loc 1 86 0 is_stmt 1
 917 0078 FA6C     		ldr	r2, [r7, #76]
 918 007a BB6D     		ldr	r3, [r7, #88]
 919 007c 9A42     		cmp	r2, r3
 920 007e 07DA     		bge	.L32
ARM GAS  C:\Users\Calvi\AppData\Local\Temp\ccRQiKUu.s 			page 19


 921              		.loc 1 86 0 is_stmt 0 discriminator 1
 922 0080 FB6C     		ldr	r3, [r7, #76]
 923 0082 5A1C     		adds	r2, r3, #1
 924 0084 FA64     		str	r2, [r7, #76]
 925 0086 1A46     		mov	r2, r3
 926 0088 7B68     		ldr	r3, [r7, #4]
 927 008a 1344     		add	r3, r3, r2
 928 008c 0022     		movs	r2, #0
 929 008e 1A70     		strb	r2, [r3]
 930              	.L32:
 931              	.LBB5:
  87:map_to_instructions.c **** 
  88:map_to_instructions.c ****     for (int i = 2; i < len; ++i) {
 932              		.loc 1 88 0 is_stmt 1
 933 0090 0223     		movs	r3, #2
 934 0092 3B64     		str	r3, [r7, #64]
 935 0094 93E0     		b	.L33
 936              	.L45:
 937              	.LBB6:
  89:map_to_instructions.c ****         int rp = path[i - 1][0], cp = path[i - 1][1];
 938              		.loc 1 89 0
 939 0096 3B6C     		ldr	r3, [r7, #64]
 940 0098 03F10053 		add	r3, r3, #536870912
 941 009c 013B     		subs	r3, r3, #1
 942 009e DB00     		lsls	r3, r3, #3
 943 00a0 FA68     		ldr	r2, [r7, #12]
 944 00a2 1344     		add	r3, r3, r2
 945 00a4 1B68     		ldr	r3, [r3]
 946 00a6 7B62     		str	r3, [r7, #36]
 947 00a8 3B6C     		ldr	r3, [r7, #64]
 948 00aa 03F10053 		add	r3, r3, #536870912
 949 00ae 013B     		subs	r3, r3, #1
 950 00b0 DB00     		lsls	r3, r3, #3
 951 00b2 FA68     		ldr	r2, [r7, #12]
 952 00b4 1344     		add	r3, r3, r2
 953 00b6 5B68     		ldr	r3, [r3, #4]
 954 00b8 3B62     		str	r3, [r7, #32]
  90:map_to_instructions.c ****         int rn = path[i][0], cn = path[i][1];
 955              		.loc 1 90 0
 956 00ba 3B6C     		ldr	r3, [r7, #64]
 957 00bc DB00     		lsls	r3, r3, #3
 958 00be FA68     		ldr	r2, [r7, #12]
 959 00c0 1344     		add	r3, r3, r2
 960 00c2 1B68     		ldr	r3, [r3]
 961 00c4 FB61     		str	r3, [r7, #28]
 962 00c6 3B6C     		ldr	r3, [r7, #64]
 963 00c8 DB00     		lsls	r3, r3, #3
 964 00ca FA68     		ldr	r2, [r7, #12]
 965 00cc 1344     		add	r3, r3, r2
 966 00ce 5B68     		ldr	r3, [r3, #4]
 967 00d0 BB61     		str	r3, [r7, #24]
  91:map_to_instructions.c **** 
  92:map_to_instructions.c ****         int new_dir = -1;
 968              		.loc 1 92 0
 969 00d2 4FF0FF33 		mov	r3, #-1
 970 00d6 FB63     		str	r3, [r7, #60]
 971              	.LBB7:
ARM GAS  C:\Users\Calvi\AppData\Local\Temp\ccRQiKUu.s 			page 20


  93:map_to_instructions.c ****         for (int d = 0; d < 4; ++d)
 972              		.loc 1 93 0
 973 00d8 0023     		movs	r3, #0
 974 00da BB63     		str	r3, [r7, #56]
 975 00dc 16E0     		b	.L34
 976              	.L36:
  94:map_to_instructions.c ****             if (rp + drow[d] == rn && cp + dcol[d] == cn)
 977              		.loc 1 94 0
 978 00de 404A     		ldr	r2, .L50
 979 00e0 BB6B     		ldr	r3, [r7, #56]
 980 00e2 52F82320 		ldr	r2, [r2, r3, lsl #2]
 981 00e6 7B6A     		ldr	r3, [r7, #36]
 982 00e8 1A44     		add	r2, r2, r3
 983 00ea FB69     		ldr	r3, [r7, #28]
 984 00ec 9A42     		cmp	r2, r3
 985 00ee 0AD1     		bne	.L35
 986              		.loc 1 94 0 is_stmt 0 discriminator 1
 987 00f0 3C4A     		ldr	r2, .L50+4
 988 00f2 BB6B     		ldr	r3, [r7, #56]
 989 00f4 52F82320 		ldr	r2, [r2, r3, lsl #2]
 990 00f8 3B6A     		ldr	r3, [r7, #32]
 991 00fa 1A44     		add	r2, r2, r3
 992 00fc BB69     		ldr	r3, [r7, #24]
 993 00fe 9A42     		cmp	r2, r3
 994 0100 01D1     		bne	.L35
  95:map_to_instructions.c ****                 new_dir = d;
 995              		.loc 1 95 0 is_stmt 1
 996 0102 BB6B     		ldr	r3, [r7, #56]
 997 0104 FB63     		str	r3, [r7, #60]
 998              	.L35:
  93:map_to_instructions.c ****         for (int d = 0; d < 4; ++d)
 999              		.loc 1 93 0 discriminator 2
 1000 0106 BB6B     		ldr	r3, [r7, #56]
 1001 0108 0133     		adds	r3, r3, #1
 1002 010a BB63     		str	r3, [r7, #56]
 1003              	.L34:
  93:map_to_instructions.c ****         for (int d = 0; d < 4; ++d)
 1004              		.loc 1 93 0 is_stmt 0 discriminator 1
 1005 010c BB6B     		ldr	r3, [r7, #56]
 1006 010e 032B     		cmp	r3, #3
 1007 0110 E5DD     		ble	.L36
 1008              	.LBE7:
  96:map_to_instructions.c **** 
  97:map_to_instructions.c ****         if (new_dir == -1) continue;
 1009              		.loc 1 97 0 is_stmt 1
 1010 0112 FB6B     		ldr	r3, [r7, #60]
 1011 0114 B3F1FF3F 		cmp	r3, #-1
 1012 0118 4BD0     		beq	.L47
  98:map_to_instructions.c **** 
  99:map_to_instructions.c ****         int diff = (new_dir - heading + 4) & 3;
 1013              		.loc 1 99 0
 1014 011a FA6B     		ldr	r2, [r7, #60]
 1015 011c BB6C     		ldr	r3, [r7, #72]
 1016 011e D31A     		subs	r3, r2, r3
 1017 0120 03F00303 		and	r3, r3, #3
 1018 0124 7B61     		str	r3, [r7, #20]
 100:map_to_instructions.c **** 
ARM GAS  C:\Users\Calvi\AppData\Local\Temp\ccRQiKUu.s 			page 21


 101:map_to_instructions.c ****         if (diff == 0) {
 1019              		.loc 1 101 0
 1020 0126 7B69     		ldr	r3, [r7, #20]
 1021 0128 002B     		cmp	r3, #0
 1022 012a 44D0     		beq	.L48
 102:map_to_instructions.c ****             // still in same direction — keep going, don’t emit anything
 103:map_to_instructions.c ****             continue;
 104:map_to_instructions.c ****         }
 105:map_to_instructions.c **** 
 106:map_to_instructions.c ****         // change in direction = turn
 107:map_to_instructions.c ****         if (diff == 1 && idx < max_instr)
 1023              		.loc 1 107 0
 1024 012c 7B69     		ldr	r3, [r7, #20]
 1025 012e 012B     		cmp	r3, #1
 1026 0130 0CD1     		bne	.L40
 1027              		.loc 1 107 0 is_stmt 0 discriminator 1
 1028 0132 FA6C     		ldr	r2, [r7, #76]
 1029 0134 BB6D     		ldr	r3, [r7, #88]
 1030 0136 9A42     		cmp	r2, r3
 1031 0138 08DA     		bge	.L40
 108:map_to_instructions.c ****             instr[idx++].type = iRIGHT;
 1032              		.loc 1 108 0 is_stmt 1
 1033 013a FB6C     		ldr	r3, [r7, #76]
 1034 013c 5A1C     		adds	r2, r3, #1
 1035 013e FA64     		str	r2, [r7, #76]
 1036 0140 1A46     		mov	r2, r3
 1037 0142 7B68     		ldr	r3, [r7, #4]
 1038 0144 1344     		add	r3, r3, r2
 1039 0146 0222     		movs	r2, #2
 1040 0148 1A70     		strb	r2, [r3]
 1041 014a 1EE0     		b	.L41
 1042              	.L40:
 109:map_to_instructions.c ****         else if (diff == 3 && idx < max_instr)
 1043              		.loc 1 109 0
 1044 014c 7B69     		ldr	r3, [r7, #20]
 1045 014e 032B     		cmp	r3, #3
 1046 0150 0CD1     		bne	.L42
 1047              		.loc 1 109 0 is_stmt 0 discriminator 1
 1048 0152 FA6C     		ldr	r2, [r7, #76]
 1049 0154 BB6D     		ldr	r3, [r7, #88]
 1050 0156 9A42     		cmp	r2, r3
 1051 0158 08DA     		bge	.L42
 110:map_to_instructions.c ****             instr[idx++].type = iLEFT;
 1052              		.loc 1 110 0 is_stmt 1
 1053 015a FB6C     		ldr	r3, [r7, #76]
 1054 015c 5A1C     		adds	r2, r3, #1
 1055 015e FA64     		str	r2, [r7, #76]
 1056 0160 1A46     		mov	r2, r3
 1057 0162 7B68     		ldr	r3, [r7, #4]
 1058 0164 1344     		add	r3, r3, r2
 1059 0166 0122     		movs	r2, #1
 1060 0168 1A70     		strb	r2, [r3]
 1061 016a 0EE0     		b	.L41
 1062              	.L42:
 111:map_to_instructions.c ****         else if (diff == 2 && idx < max_instr)
 1063              		.loc 1 111 0
 1064 016c 7B69     		ldr	r3, [r7, #20]
ARM GAS  C:\Users\Calvi\AppData\Local\Temp\ccRQiKUu.s 			page 22


 1065 016e 022B     		cmp	r3, #2
 1066 0170 0BD1     		bne	.L41
 1067              		.loc 1 111 0 is_stmt 0 discriminator 1
 1068 0172 FA6C     		ldr	r2, [r7, #76]
 1069 0174 BB6D     		ldr	r3, [r7, #88]
 1070 0176 9A42     		cmp	r2, r3
 1071 0178 07DA     		bge	.L41
 112:map_to_instructions.c ****             instr[idx++].type = iTURN_AROUND;
 1072              		.loc 1 112 0 is_stmt 1
 1073 017a FB6C     		ldr	r3, [r7, #76]
 1074 017c 5A1C     		adds	r2, r3, #1
 1075 017e FA64     		str	r2, [r7, #76]
 1076 0180 1A46     		mov	r2, r3
 1077 0182 7B68     		ldr	r3, [r7, #4]
 1078 0184 1344     		add	r3, r3, r2
 1079 0186 0322     		movs	r2, #3
 1080 0188 1A70     		strb	r2, [r3]
 1081              	.L41:
 113:map_to_instructions.c **** 
 114:map_to_instructions.c ****         heading = new_dir;
 1082              		.loc 1 114 0
 1083 018a FB6B     		ldr	r3, [r7, #60]
 1084 018c BB64     		str	r3, [r7, #72]
 115:map_to_instructions.c **** 
 116:map_to_instructions.c ****         // start next straight segment
 117:map_to_instructions.c ****         if (idx < max_instr)
 1085              		.loc 1 117 0
 1086 018e FA6C     		ldr	r2, [r7, #76]
 1087 0190 BB6D     		ldr	r3, [r7, #88]
 1088 0192 9A42     		cmp	r2, r3
 1089 0194 07DA     		bge	.L43
 118:map_to_instructions.c ****             instr[idx++].type = iSTRAIGHT;
 1090              		.loc 1 118 0
 1091 0196 FB6C     		ldr	r3, [r7, #76]
 1092 0198 5A1C     		adds	r2, r3, #1
 1093 019a FA64     		str	r2, [r7, #76]
 1094 019c 1A46     		mov	r2, r3
 1095 019e 7B68     		ldr	r3, [r7, #4]
 1096 01a0 1344     		add	r3, r3, r2
 1097 01a2 0022     		movs	r2, #0
 1098 01a4 1A70     		strb	r2, [r3]
 1099              	.L43:
 119:map_to_instructions.c **** 
 120:map_to_instructions.c ****         if (idx >= max_instr - 2)
 1100              		.loc 1 120 0
 1101 01a6 BB6D     		ldr	r3, [r7, #88]
 1102 01a8 9A1E     		subs	r2, r3, #2
 1103 01aa FB6C     		ldr	r3, [r7, #76]
 1104 01ac 9A42     		cmp	r2, r3
 1105 01ae 0CDD     		ble	.L49
 1106 01b0 02E0     		b	.L38
 1107              	.L47:
  97:map_to_instructions.c **** 
 1108              		.loc 1 97 0
 1109 01b2 00BF     		nop
 1110 01b4 00E0     		b	.L38
 1111              	.L48:
ARM GAS  C:\Users\Calvi\AppData\Local\Temp\ccRQiKUu.s 			page 23


 103:map_to_instructions.c ****         }
 1112              		.loc 1 103 0
 1113 01b6 00BF     		nop
 1114              	.L38:
 1115              	.LBE6:
  88:map_to_instructions.c ****         int rp = path[i - 1][0], cp = path[i - 1][1];
 1116              		.loc 1 88 0 discriminator 2
 1117 01b8 3B6C     		ldr	r3, [r7, #64]
 1118 01ba 0133     		adds	r3, r3, #1
 1119 01bc 3B64     		str	r3, [r7, #64]
 1120              	.L33:
  88:map_to_instructions.c ****         int rp = path[i - 1][0], cp = path[i - 1][1];
 1121              		.loc 1 88 0 is_stmt 0 discriminator 1
 1122 01be 3A6C     		ldr	r2, [r7, #64]
 1123 01c0 BB68     		ldr	r3, [r7, #8]
 1124 01c2 9A42     		cmp	r2, r3
 1125 01c4 FFF667AF 		blt	.L45
 1126 01c8 00E0     		b	.L44
 1127              	.L49:
 1128              	.LBB8:
 121:map_to_instructions.c ****             break;
 1129              		.loc 1 121 0 is_stmt 1
 1130 01ca 00BF     		nop
 1131              	.L44:
 1132              	.LBE8:
 1133              	.LBE5:
 122:map_to_instructions.c ****     }
 123:map_to_instructions.c **** 
 124:map_to_instructions.c ****     *count = idx;
 1134              		.loc 1 124 0
 1135 01cc 3B68     		ldr	r3, [r7]
 1136 01ce FA6C     		ldr	r2, [r7, #76]
 1137 01d0 1A60     		str	r2, [r3]
 1138 01d2 00E0     		b	.L26
 1139              	.L46:
  74:map_to_instructions.c ****     int idx = *count;
 1140              		.loc 1 74 0
 1141 01d4 00BF     		nop
 1142              	.L26:
 125:map_to_instructions.c **** }
 1143              		.loc 1 125 0
 1144 01d6 5437     		adds	r7, r7, #84
 1145              		.cfi_def_cfa_offset 4
 1146 01d8 BD46     		mov	sp, r7
 1147              		.cfi_def_cfa_register 13
 1148              		@ sp needed
 1149 01da 80BC     		pop	{r7}
 1150              		.cfi_restore 7
 1151              		.cfi_def_cfa_offset 0
 1152 01dc 7047     		bx	lr
 1153              	.L51:
 1154 01de 00BF     		.align	2
 1155              	.L50:
 1156 01e0 00000000 		.word	drow
 1157 01e4 10000000 		.word	dcol
 1158              		.cfi_endproc
 1159              	.LFE7:
ARM GAS  C:\Users\Calvi\AppData\Local\Temp\ccRQiKUu.s 			page 24


 1160              		.size	emit_plan_for_path, .-emit_plan_for_path
 1161              		.section	.text.generate_instructions_from_map,"ax",%progbits
 1162              		.align	2
 1163              		.global	generate_instructions_from_map
 1164              		.thumb
 1165              		.thumb_func
 1166              		.type	generate_instructions_from_map, %function
 1167              	generate_instructions_from_map:
 1168              	.LFB8:
 126:map_to_instructions.c **** 
 127:map_to_instructions.c **** // Main A* and instruction generator
 128:map_to_instructions.c **** int generate_instructions_from_map(RobotInstr instr[], int max_instr)
 129:map_to_instructions.c **** {
 1169              		.loc 1 129 0
 1170              		.cfi_startproc
 1171              		@ args = 0, pretend = 0, frame = 9296
 1172              		@ frame_needed = 1, uses_anonymous_args = 0
 1173 0000 90B5     		push	{r4, r7, lr}
 1174              		.cfi_def_cfa_offset 12
 1175              		.cfi_offset 4, -12
 1176              		.cfi_offset 7, -8
 1177              		.cfi_offset 14, -4
 1178 0002 ADF5115D 		sub	sp, sp, #9280
 1179              		.cfi_def_cfa_offset 9292
 1180 0006 87B0     		sub	sp, sp, #28
 1181              		.cfi_def_cfa_offset 9320
 1182 0008 02AF     		add	r7, sp, #8
 1183              		.cfi_def_cfa 7, 9312
 1184 000a 07F11003 		add	r3, r7, #16
 1185 000e 0C3B     		subs	r3, r3, #12
 1186 0010 1860     		str	r0, [r3]
 1187 0012 07F11003 		add	r3, r7, #16
 1188 0016 103B     		subs	r3, r3, #16
 1189 0018 1960     		str	r1, [r3]
 130:map_to_instructions.c ****     int total = 0;
 1190              		.loc 1 130 0
 1191 001a 0023     		movs	r3, #0
 1192 001c 07F50F52 		add	r2, r7, #9152
 1193 0020 02F12C02 		add	r2, r2, #44
 1194 0024 1360     		str	r3, [r2]
 131:map_to_instructions.c ****     int cur_r = start_pos[0];
 1195              		.loc 1 131 0
 1196 0026 A54B     		ldr	r3, .L85
 1197 0028 1B78     		ldrb	r3, [r3]	@ zero_extendqisi2
 1198 002a 07F51152 		add	r2, r7, #9280
 1199 002e 02F10C02 		add	r2, r2, #12
 1200 0032 1360     		str	r3, [r2]
 132:map_to_instructions.c ****     int cur_c = start_pos[1];
 1201              		.loc 1 132 0
 1202 0034 A14B     		ldr	r3, .L85
 1203 0036 5B78     		ldrb	r3, [r3, #1]	@ zero_extendqisi2
 1204 0038 07F51152 		add	r2, r7, #9280
 1205 003c 02F10802 		add	r2, r2, #8
 1206 0040 1360     		str	r3, [r2]
 133:map_to_instructions.c ****     const int foods = sizeof(food_list) / sizeof(food_list[0]);
 1207              		.loc 1 133 0
 1208 0042 0523     		movs	r3, #5
ARM GAS  C:\Users\Calvi\AppData\Local\Temp\ccRQiKUu.s 			page 25


 1209 0044 07F51052 		add	r2, r7, #9216
 1210 0048 02F11802 		add	r2, r2, #24
 1211 004c 1360     		str	r3, [r2]
 1212              	.LBB9:
 134:map_to_instructions.c **** 
 135:map_to_instructions.c ****     for (int f = 0; f < foods && total < max_instr; ++f) {
 1213              		.loc 1 135 0
 1214 004e 0023     		movs	r3, #0
 1215 0050 07F51152 		add	r2, r7, #9280
 1216 0054 02F10402 		add	r2, r2, #4
 1217 0058 1360     		str	r3, [r2]
 1218 005a 00F027BD 		b	.L53
 1219              	.L80:
 1220              	.LBB10:
 136:map_to_instructions.c ****         int goal_r = food_list[f][0];
 1221              		.loc 1 136 0
 1222 005e 984A     		ldr	r2, .L85+4
 1223 0060 07F51153 		add	r3, r7, #9280
 1224 0064 03F10403 		add	r3, r3, #4
 1225 0068 1B68     		ldr	r3, [r3]
 1226 006a 12F81330 		ldrb	r3, [r2, r3, lsl #1]	@ zero_extendqisi2
 1227 006e 07F51052 		add	r2, r7, #9216
 1228 0072 02F11402 		add	r2, r2, #20
 1229 0076 1360     		str	r3, [r2]
 137:map_to_instructions.c ****         int goal_c = food_list[f][1];
 1230              		.loc 1 137 0
 1231 0078 914A     		ldr	r2, .L85+4
 1232 007a 07F51153 		add	r3, r7, #9280
 1233 007e 03F10403 		add	r3, r3, #4
 1234 0082 1B68     		ldr	r3, [r3]
 1235 0084 5B00     		lsls	r3, r3, #1
 1236 0086 1344     		add	r3, r3, r2
 1237 0088 5B78     		ldrb	r3, [r3, #1]	@ zero_extendqisi2
 1238 008a 07F51052 		add	r2, r7, #9216
 1239 008e 02F11002 		add	r2, r2, #16
 1240 0092 1360     		str	r3, [r2]
 138:map_to_instructions.c **** 
 139:map_to_instructions.c ****         int g[ROWS][COLS];
 140:map_to_instructions.c ****         int prev[ROWS][COLS][2];
 141:map_to_instructions.c ****         bool closed[ROWS][COLS];
 142:map_to_instructions.c ****         Node open[ROWS * COLS];
 143:map_to_instructions.c ****         int osz = 0;
 1241              		.loc 1 143 0
 1242 0094 0023     		movs	r3, #0
 1243 0096 07F51152 		add	r2, r7, #9280
 1244 009a 1360     		str	r3, [r2]
 1245              	.LBB11:
 144:map_to_instructions.c **** 
 145:map_to_instructions.c ****         for (int r = 0; r < ROWS; ++r)
 1246              		.loc 1 145 0
 1247 009c 0023     		movs	r3, #0
 1248 009e 07F51052 		add	r2, r7, #9216
 1249 00a2 02F13C02 		add	r2, r2, #60
 1250 00a6 1360     		str	r3, [r2]
 1251 00a8 94E0     		b	.L54
 1252              	.L57:
 1253              	.LBB12:
ARM GAS  C:\Users\Calvi\AppData\Local\Temp\ccRQiKUu.s 			page 26


 146:map_to_instructions.c ****             for (int c = 0; c < COLS; ++c) {
 1254              		.loc 1 146 0
 1255 00aa 0023     		movs	r3, #0
 1256 00ac 07F51052 		add	r2, r7, #9216
 1257 00b0 02F13802 		add	r2, r2, #56
 1258 00b4 1360     		str	r3, [r2]
 1259 00b6 7AE0     		b	.L55
 1260              	.L56:
 147:map_to_instructions.c ****                 g[r][c] = 9999;
 1261              		.loc 1 147 0 discriminator 3
 1262 00b8 07F5A872 		add	r2, r7, #336
 1263 00bc 283A     		subs	r2, r2, #40
 1264 00be 07F51053 		add	r3, r7, #9216
 1265 00c2 03F13C03 		add	r3, r3, #60
 1266 00c6 1968     		ldr	r1, [r3]
 1267 00c8 0B46     		mov	r3, r1
 1268 00ca DB00     		lsls	r3, r3, #3
 1269 00cc 0B44     		add	r3, r3, r1
 1270 00ce 5B00     		lsls	r3, r3, #1
 1271 00d0 0B44     		add	r3, r3, r1
 1272 00d2 07F51051 		add	r1, r7, #9216
 1273 00d6 01F13801 		add	r1, r1, #56
 1274 00da 0968     		ldr	r1, [r1]
 1275 00dc 0B44     		add	r3, r3, r1
 1276 00de 42F20F71 		movw	r1, #9999
 1277 00e2 42F82310 		str	r1, [r2, r3, lsl #2]
 148:map_to_instructions.c ****                 prev[r][c][0] = prev[r][c][1] = -1;
 1278              		.loc 1 148 0 discriminator 3
 1279 00e6 07F55B62 		add	r2, r7, #3504
 1280 00ea 143A     		subs	r2, r2, #20
 1281 00ec 07F51053 		add	r3, r7, #9216
 1282 00f0 03F13C03 		add	r3, r3, #60
 1283 00f4 1968     		ldr	r1, [r3]
 1284 00f6 0B46     		mov	r3, r1
 1285 00f8 DB00     		lsls	r3, r3, #3
 1286 00fa 0B44     		add	r3, r3, r1
 1287 00fc 5B00     		lsls	r3, r3, #1
 1288 00fe 0B44     		add	r3, r3, r1
 1289 0100 07F51051 		add	r1, r7, #9216
 1290 0104 01F13801 		add	r1, r1, #56
 1291 0108 0968     		ldr	r1, [r1]
 1292 010a 0B44     		add	r3, r3, r1
 1293 010c DB00     		lsls	r3, r3, #3
 1294 010e 1344     		add	r3, r3, r2
 1295 0110 4FF0FF32 		mov	r2, #-1
 1296 0114 5A60     		str	r2, [r3, #4]
 1297 0116 07F55B62 		add	r2, r7, #3504
 1298 011a 143A     		subs	r2, r2, #20
 1299 011c 07F51053 		add	r3, r7, #9216
 1300 0120 03F13C03 		add	r3, r3, #60
 1301 0124 1968     		ldr	r1, [r3]
 1302 0126 0B46     		mov	r3, r1
 1303 0128 DB00     		lsls	r3, r3, #3
 1304 012a 0B44     		add	r3, r3, r1
 1305 012c 5B00     		lsls	r3, r3, #1
 1306 012e 0B44     		add	r3, r3, r1
 1307 0130 07F51051 		add	r1, r7, #9216
ARM GAS  C:\Users\Calvi\AppData\Local\Temp\ccRQiKUu.s 			page 27


 1308 0134 01F13801 		add	r1, r1, #56
 1309 0138 0968     		ldr	r1, [r1]
 1310 013a 0B44     		add	r3, r3, r1
 1311 013c DB00     		lsls	r3, r3, #3
 1312 013e 1344     		add	r3, r3, r2
 1313 0140 5868     		ldr	r0, [r3, #4]
 1314 0142 07F55B62 		add	r2, r7, #3504
 1315 0146 143A     		subs	r2, r2, #20
 1316 0148 07F51053 		add	r3, r7, #9216
 1317 014c 03F13C03 		add	r3, r3, #60
 1318 0150 1968     		ldr	r1, [r3]
 1319 0152 0B46     		mov	r3, r1
 1320 0154 DB00     		lsls	r3, r3, #3
 1321 0156 0B44     		add	r3, r3, r1
 1322 0158 5B00     		lsls	r3, r3, #1
 1323 015a 0B44     		add	r3, r3, r1
 1324 015c 07F51051 		add	r1, r7, #9216
 1325 0160 01F13801 		add	r1, r1, #56
 1326 0164 0968     		ldr	r1, [r1]
 1327 0166 0B44     		add	r3, r3, r1
 1328 0168 42F83300 		str	r0, [r2, r3, lsl #3]
 149:map_to_instructions.c ****                 closed[r][c] = false;
 1329              		.loc 1 149 0 discriminator 3
 1330 016c 07F11002 		add	r2, r7, #16
 1331 0170 083A     		subs	r2, r2, #8
 1332 0172 07F51053 		add	r3, r7, #9216
 1333 0176 03F13C03 		add	r3, r3, #60
 1334 017a 1968     		ldr	r1, [r3]
 1335 017c 0B46     		mov	r3, r1
 1336 017e DB00     		lsls	r3, r3, #3
 1337 0180 0B44     		add	r3, r3, r1
 1338 0182 5B00     		lsls	r3, r3, #1
 1339 0184 0B44     		add	r3, r3, r1
 1340 0186 1A44     		add	r2, r2, r3
 1341 0188 07F51053 		add	r3, r7, #9216
 1342 018c 03F13803 		add	r3, r3, #56
 1343 0190 1B68     		ldr	r3, [r3]
 1344 0192 1344     		add	r3, r3, r2
 1345 0194 0022     		movs	r2, #0
 1346 0196 1A70     		strb	r2, [r3]
 146:map_to_instructions.c ****                 g[r][c] = 9999;
 1347              		.loc 1 146 0 discriminator 3
 1348 0198 07F51053 		add	r3, r7, #9216
 1349 019c 03F13803 		add	r3, r3, #56
 1350 01a0 1B68     		ldr	r3, [r3]
 1351 01a2 0133     		adds	r3, r3, #1
 1352 01a4 07F51052 		add	r2, r7, #9216
 1353 01a8 02F13802 		add	r2, r2, #56
 1354 01ac 1360     		str	r3, [r2]
 1355              	.L55:
 146:map_to_instructions.c ****                 g[r][c] = 9999;
 1356              		.loc 1 146 0 is_stmt 0 discriminator 1
 1357 01ae 07F51053 		add	r3, r7, #9216
 1358 01b2 03F13803 		add	r3, r3, #56
 1359 01b6 1B68     		ldr	r3, [r3]
 1360 01b8 122B     		cmp	r3, #18
 1361 01ba 7FF77DAF 		ble	.L56
ARM GAS  C:\Users\Calvi\AppData\Local\Temp\ccRQiKUu.s 			page 28


 1362              	.LBE12:
 145:map_to_instructions.c ****             for (int c = 0; c < COLS; ++c) {
 1363              		.loc 1 145 0 is_stmt 1 discriminator 2
 1364 01be 07F51053 		add	r3, r7, #9216
 1365 01c2 03F13C03 		add	r3, r3, #60
 1366 01c6 1B68     		ldr	r3, [r3]
 1367 01c8 0133     		adds	r3, r3, #1
 1368 01ca 07F51052 		add	r2, r7, #9216
 1369 01ce 02F13C02 		add	r2, r2, #60
 1370 01d2 1360     		str	r3, [r2]
 1371              	.L54:
 145:map_to_instructions.c ****             for (int c = 0; c < COLS; ++c) {
 1372              		.loc 1 145 0 is_stmt 0 discriminator 1
 1373 01d4 07F51053 		add	r3, r7, #9216
 1374 01d8 03F13C03 		add	r3, r3, #60
 1375 01dc 1B68     		ldr	r3, [r3]
 1376 01de 0E2B     		cmp	r3, #14
 1377 01e0 7FF763AF 		ble	.L57
 1378              	.LBE11:
 150:map_to_instructions.c ****             }
 151:map_to_instructions.c **** 
 152:map_to_instructions.c ****         g[cur_r][cur_c] = 0;
 1379              		.loc 1 152 0 is_stmt 1
 1380 01e4 07F5A872 		add	r2, r7, #336
 1381 01e8 283A     		subs	r2, r2, #40
 1382 01ea 07F51153 		add	r3, r7, #9280
 1383 01ee 03F10C03 		add	r3, r3, #12
 1384 01f2 1968     		ldr	r1, [r3]
 1385 01f4 0B46     		mov	r3, r1
 1386 01f6 DB00     		lsls	r3, r3, #3
 1387 01f8 0B44     		add	r3, r3, r1
 1388 01fa 5B00     		lsls	r3, r3, #1
 1389 01fc 0B44     		add	r3, r3, r1
 1390 01fe 07F51151 		add	r1, r7, #9280
 1391 0202 01F10801 		add	r1, r1, #8
 1392 0206 0968     		ldr	r1, [r1]
 1393 0208 0B44     		add	r3, r3, r1
 1394 020a 0021     		movs	r1, #0
 1395 020c 42F82310 		str	r1, [r2, r3, lsl #2]
 153:map_to_instructions.c ****         open[osz++] = (Node){cur_r, cur_c, heuristic(cur_r, cur_c, goal_r, goal_c)};
 1396              		.loc 1 153 0
 1397 0210 07F51153 		add	r3, r7, #9280
 1398 0214 1C68     		ldr	r4, [r3]
 1399 0216 631C     		adds	r3, r4, #1
 1400 0218 07F51152 		add	r2, r7, #9280
 1401 021c 1360     		str	r3, [r2]
 1402 021e 07F51053 		add	r3, r7, #9216
 1403 0222 03F11003 		add	r3, r3, #16
 1404 0226 1B68     		ldr	r3, [r3]
 1405 0228 07F51052 		add	r2, r7, #9216
 1406 022c 02F11402 		add	r2, r2, #20
 1407 0230 1268     		ldr	r2, [r2]
 1408 0232 07F51151 		add	r1, r7, #9280
 1409 0236 01F10801 		add	r1, r1, #8
 1410 023a 0968     		ldr	r1, [r1]
 1411 023c 07F51150 		add	r0, r7, #9280
 1412 0240 00F10C00 		add	r0, r0, #12
ARM GAS  C:\Users\Calvi\AppData\Local\Temp\ccRQiKUu.s 			page 29


 1413 0244 0068     		ldr	r0, [r0]
 1414 0246 FFF7FEFF 		bl	heuristic
 1415 024a 0146     		mov	r1, r0
 1416 024c 07F5B452 		add	r2, r7, #5760
 1417 0250 02F10402 		add	r2, r2, #4
 1418 0254 2346     		mov	r3, r4
 1419 0256 5B00     		lsls	r3, r3, #1
 1420 0258 2344     		add	r3, r3, r4
 1421 025a 9B00     		lsls	r3, r3, #2
 1422 025c 1344     		add	r3, r3, r2
 1423 025e 07F51152 		add	r2, r7, #9280
 1424 0262 02F10C02 		add	r2, r2, #12
 1425 0266 1268     		ldr	r2, [r2]
 1426 0268 1A60     		str	r2, [r3]
 1427 026a 07F5B452 		add	r2, r7, #5760
 1428 026e 02F10402 		add	r2, r2, #4
 1429 0272 2346     		mov	r3, r4
 1430 0274 5B00     		lsls	r3, r3, #1
 1431 0276 2344     		add	r3, r3, r4
 1432 0278 9B00     		lsls	r3, r3, #2
 1433 027a 1344     		add	r3, r3, r2
 1434 027c 0433     		adds	r3, r3, #4
 1435 027e 07F51152 		add	r2, r7, #9280
 1436 0282 02F10802 		add	r2, r2, #8
 1437 0286 1268     		ldr	r2, [r2]
 1438 0288 1A60     		str	r2, [r3]
 1439 028a 07F5B452 		add	r2, r7, #5760
 1440 028e 02F10402 		add	r2, r2, #4
 1441 0292 2346     		mov	r3, r4
 1442 0294 5B00     		lsls	r3, r3, #1
 1443 0296 2344     		add	r3, r3, r4
 1444 0298 9B00     		lsls	r3, r3, #2
 1445 029a 1344     		add	r3, r3, r2
 1446 029c 0833     		adds	r3, r3, #8
 1447 029e 1960     		str	r1, [r3]
 154:map_to_instructions.c **** 
 155:map_to_instructions.c ****         // --- A* search loop ---
 156:map_to_instructions.c ****         while (osz > 0) {
 1448              		.loc 1 156 0
 1449 02a0 1AE2     		b	.L58
 1450              	.L70:
 1451              	.LBB13:
 157:map_to_instructions.c ****             int best = 0;
 1452              		.loc 1 157 0
 1453 02a2 0023     		movs	r3, #0
 1454 02a4 07F51052 		add	r2, r7, #9216
 1455 02a8 02F13402 		add	r2, r2, #52
 1456 02ac 1360     		str	r3, [r2]
 1457              	.LBB14:
 158:map_to_instructions.c ****             for (int i = 1; i < osz; ++i)
 1458              		.loc 1 158 0
 1459 02ae 0123     		movs	r3, #1
 1460 02b0 07F51052 		add	r2, r7, #9216
 1461 02b4 02F13002 		add	r2, r2, #48
 1462 02b8 1360     		str	r3, [r2]
 1463 02ba 3AE0     		b	.L59
 1464              	.L86:
ARM GAS  C:\Users\Calvi\AppData\Local\Temp\ccRQiKUu.s 			page 30


 1465              		.align	2
 1466              	.L85:
 1467 02bc 00000000 		.word	start_pos
 1468 02c0 00000000 		.word	food_list
 1469              	.L61:
 159:map_to_instructions.c ****                 if (open[i].f < open[best].f)
 1470              		.loc 1 159 0
 1471 02c4 07F5B451 		add	r1, r7, #5760
 1472 02c8 01F10401 		add	r1, r1, #4
 1473 02cc 07F51053 		add	r3, r7, #9216
 1474 02d0 03F13003 		add	r3, r3, #48
 1475 02d4 1A68     		ldr	r2, [r3]
 1476 02d6 1346     		mov	r3, r2
 1477 02d8 5B00     		lsls	r3, r3, #1
 1478 02da 1344     		add	r3, r3, r2
 1479 02dc 9B00     		lsls	r3, r3, #2
 1480 02de 0B44     		add	r3, r3, r1
 1481 02e0 0833     		adds	r3, r3, #8
 1482 02e2 1968     		ldr	r1, [r3]
 1483 02e4 07F5B450 		add	r0, r7, #5760
 1484 02e8 00F10400 		add	r0, r0, #4
 1485 02ec 07F51053 		add	r3, r7, #9216
 1486 02f0 03F13403 		add	r3, r3, #52
 1487 02f4 1A68     		ldr	r2, [r3]
 1488 02f6 1346     		mov	r3, r2
 1489 02f8 5B00     		lsls	r3, r3, #1
 1490 02fa 1344     		add	r3, r3, r2
 1491 02fc 9B00     		lsls	r3, r3, #2
 1492 02fe 0344     		add	r3, r3, r0
 1493 0300 0833     		adds	r3, r3, #8
 1494 0302 1B68     		ldr	r3, [r3]
 1495 0304 9942     		cmp	r1, r3
 1496 0306 09DA     		bge	.L60
 160:map_to_instructions.c ****                     best = i;
 1497              		.loc 1 160 0
 1498 0308 07F51053 		add	r3, r7, #9216
 1499 030c 03F13003 		add	r3, r3, #48
 1500 0310 1B68     		ldr	r3, [r3]
 1501 0312 07F51052 		add	r2, r7, #9216
 1502 0316 02F13402 		add	r2, r2, #52
 1503 031a 1360     		str	r3, [r2]
 1504              	.L60:
 158:map_to_instructions.c ****             for (int i = 1; i < osz; ++i)
 1505              		.loc 1 158 0 discriminator 2
 1506 031c 07F51053 		add	r3, r7, #9216
 1507 0320 03F13003 		add	r3, r3, #48
 1508 0324 1B68     		ldr	r3, [r3]
 1509 0326 0133     		adds	r3, r3, #1
 1510 0328 07F51052 		add	r2, r7, #9216
 1511 032c 02F13002 		add	r2, r2, #48
 1512 0330 1360     		str	r3, [r2]
 1513              	.L59:
 158:map_to_instructions.c ****             for (int i = 1; i < osz; ++i)
 1514              		.loc 1 158 0 is_stmt 0 discriminator 1
 1515 0332 07F51053 		add	r3, r7, #9216
 1516 0336 03F13003 		add	r3, r3, #48
 1517 033a 1A68     		ldr	r2, [r3]
ARM GAS  C:\Users\Calvi\AppData\Local\Temp\ccRQiKUu.s 			page 31


 1518 033c 07F51153 		add	r3, r7, #9280
 1519 0340 1B68     		ldr	r3, [r3]
 1520 0342 9A42     		cmp	r2, r3
 1521 0344 BEDB     		blt	.L61
 1522              	.LBE14:
 161:map_to_instructions.c ****             Node n = open[best];
 1523              		.loc 1 161 0 is_stmt 1
 1524 0346 07F5B451 		add	r1, r7, #5760
 1525 034a 01F10401 		add	r1, r1, #4
 1526 034e 07F51053 		add	r3, r7, #9216
 1527 0352 03F13403 		add	r3, r3, #52
 1528 0356 1A68     		ldr	r2, [r3]
 1529 0358 1346     		mov	r3, r2
 1530 035a 5B00     		lsls	r3, r3, #1
 1531 035c 1344     		add	r3, r3, r2
 1532 035e 9B00     		lsls	r3, r3, #2
 1533 0360 CA18     		adds	r2, r1, r3
 1534 0362 07F50F53 		add	r3, r7, #9152
 1535 0366 03F12003 		add	r3, r3, #32
 1536 036a 07CA     		ldmia	r2, {r0, r1, r2}
 1537 036c 83E80700 		stmia	r3, {r0, r1, r2}
 162:map_to_instructions.c ****             open[best] = open[--osz];
 1538              		.loc 1 162 0
 1539 0370 07F51153 		add	r3, r7, #9280
 1540 0374 1B68     		ldr	r3, [r3]
 1541 0376 013B     		subs	r3, r3, #1
 1542 0378 07F51152 		add	r2, r7, #9280
 1543 037c 1360     		str	r3, [r2]
 1544 037e 07F5B451 		add	r1, r7, #5760
 1545 0382 01F10401 		add	r1, r1, #4
 1546 0386 07F51053 		add	r3, r7, #9216
 1547 038a 03F13403 		add	r3, r3, #52
 1548 038e 1A68     		ldr	r2, [r3]
 1549 0390 1346     		mov	r3, r2
 1550 0392 5B00     		lsls	r3, r3, #1
 1551 0394 1344     		add	r3, r3, r2
 1552 0396 9B00     		lsls	r3, r3, #2
 1553 0398 C818     		adds	r0, r1, r3
 1554 039a 07F5B451 		add	r1, r7, #5760
 1555 039e 01F10401 		add	r1, r1, #4
 1556 03a2 07F51153 		add	r3, r7, #9280
 1557 03a6 1A68     		ldr	r2, [r3]
 1558 03a8 1346     		mov	r3, r2
 1559 03aa 5B00     		lsls	r3, r3, #1
 1560 03ac 1344     		add	r3, r3, r2
 1561 03ae 9B00     		lsls	r3, r3, #2
 1562 03b0 CA18     		adds	r2, r1, r3
 1563 03b2 0346     		mov	r3, r0
 1564 03b4 07CA     		ldmia	r2, {r0, r1, r2}
 1565 03b6 83E80700 		stmia	r3, {r0, r1, r2}
 163:map_to_instructions.c ****             if (closed[n.r][n.c]) continue;
 1566              		.loc 1 163 0
 1567 03ba 07F50F53 		add	r3, r7, #9152
 1568 03be 03F12003 		add	r3, r3, #32
 1569 03c2 1968     		ldr	r1, [r3]
 1570 03c4 07F50F53 		add	r3, r7, #9152
 1571 03c8 03F12403 		add	r3, r3, #36
ARM GAS  C:\Users\Calvi\AppData\Local\Temp\ccRQiKUu.s 			page 32


 1572 03cc 1868     		ldr	r0, [r3]
 1573 03ce 07F11002 		add	r2, r7, #16
 1574 03d2 083A     		subs	r2, r2, #8
 1575 03d4 0B46     		mov	r3, r1
 1576 03d6 DB00     		lsls	r3, r3, #3
 1577 03d8 0B44     		add	r3, r3, r1
 1578 03da 5B00     		lsls	r3, r3, #1
 1579 03dc 0B44     		add	r3, r3, r1
 1580 03de 1344     		add	r3, r3, r2
 1581 03e0 0344     		add	r3, r3, r0
 1582 03e2 1B78     		ldrb	r3, [r3]	@ zero_extendqisi2
 1583 03e4 002B     		cmp	r3, #0
 1584 03e6 00D0     		beq	.L62
 1585 03e8 76E1     		b	.L58
 1586              	.L62:
 164:map_to_instructions.c ****             closed[n.r][n.c] = true;
 1587              		.loc 1 164 0
 1588 03ea 07F50F53 		add	r3, r7, #9152
 1589 03ee 03F12003 		add	r3, r3, #32
 1590 03f2 1968     		ldr	r1, [r3]
 1591 03f4 07F50F53 		add	r3, r7, #9152
 1592 03f8 03F12403 		add	r3, r3, #36
 1593 03fc 1868     		ldr	r0, [r3]
 1594 03fe 07F11002 		add	r2, r7, #16
 1595 0402 083A     		subs	r2, r2, #8
 1596 0404 0B46     		mov	r3, r1
 1597 0406 DB00     		lsls	r3, r3, #3
 1598 0408 0B44     		add	r3, r3, r1
 1599 040a 5B00     		lsls	r3, r3, #1
 1600 040c 0B44     		add	r3, r3, r1
 1601 040e 1344     		add	r3, r3, r2
 1602 0410 0344     		add	r3, r3, r0
 1603 0412 0122     		movs	r2, #1
 1604 0414 1A70     		strb	r2, [r3]
 165:map_to_instructions.c ****             if (n.r == goal_r && n.c == goal_c)
 1605              		.loc 1 165 0
 1606 0416 07F50F53 		add	r3, r7, #9152
 1607 041a 03F12003 		add	r3, r3, #32
 1608 041e 1A68     		ldr	r2, [r3]
 1609 0420 07F51053 		add	r3, r7, #9216
 1610 0424 03F11403 		add	r3, r3, #20
 1611 0428 1B68     		ldr	r3, [r3]
 1612 042a 9A42     		cmp	r2, r3
 1613 042c 0CD1     		bne	.L63
 1614              		.loc 1 165 0 is_stmt 0 discriminator 1
 1615 042e 07F50F53 		add	r3, r7, #9152
 1616 0432 03F12403 		add	r3, r3, #36
 1617 0436 1A68     		ldr	r2, [r3]
 1618 0438 07F51053 		add	r3, r7, #9216
 1619 043c 03F11003 		add	r3, r3, #16
 1620 0440 1B68     		ldr	r3, [r3]
 1621 0442 9A42     		cmp	r2, r3
 1622 0444 00F04F81 		beq	.L82
 1623              	.L63:
 1624              	.LBB15:
 166:map_to_instructions.c ****                 break;
 167:map_to_instructions.c **** 
ARM GAS  C:\Users\Calvi\AppData\Local\Temp\ccRQiKUu.s 			page 33


 168:map_to_instructions.c ****             for (int d = 0; d < 4; ++d) {
 1625              		.loc 1 168 0 is_stmt 1
 1626 0448 0023     		movs	r3, #0
 1627 044a 07F51052 		add	r2, r7, #9216
 1628 044e 02F12C02 		add	r2, r2, #44
 1629 0452 1360     		str	r3, [r2]
 1630 0454 38E1     		b	.L65
 1631              	.L69:
 1632              	.LBB16:
 169:map_to_instructions.c ****                 int nr = n.r + drow[d], nc = n.c + dcol[d];
 1633              		.loc 1 169 0
 1634 0456 07F50F53 		add	r3, r7, #9152
 1635 045a 03F12003 		add	r3, r3, #32
 1636 045e 1A68     		ldr	r2, [r3]
 1637 0460 D049     		ldr	r1, .L87
 1638 0462 07F51053 		add	r3, r7, #9216
 1639 0466 03F12C03 		add	r3, r3, #44
 1640 046a 1B68     		ldr	r3, [r3]
 1641 046c 51F82330 		ldr	r3, [r1, r3, lsl #2]
 1642 0470 1344     		add	r3, r3, r2
 1643 0472 07F51052 		add	r2, r7, #9216
 1644 0476 02F10C02 		add	r2, r2, #12
 1645 047a 1360     		str	r3, [r2]
 1646 047c 07F50F53 		add	r3, r7, #9152
 1647 0480 03F12403 		add	r3, r3, #36
 1648 0484 1A68     		ldr	r2, [r3]
 1649 0486 C849     		ldr	r1, .L87+4
 1650 0488 07F51053 		add	r3, r7, #9216
 1651 048c 03F12C03 		add	r3, r3, #44
 1652 0490 1B68     		ldr	r3, [r3]
 1653 0492 51F82330 		ldr	r3, [r1, r3, lsl #2]
 1654 0496 1344     		add	r3, r3, r2
 1655 0498 07F51052 		add	r2, r7, #9216
 1656 049c 02F10802 		add	r2, r2, #8
 1657 04a0 1360     		str	r3, [r2]
 170:map_to_instructions.c ****                 if (!is_free(nr, nc) || closed[nr][nc]) continue;
 1658              		.loc 1 170 0
 1659 04a2 07F51053 		add	r3, r7, #9216
 1660 04a6 03F10803 		add	r3, r3, #8
 1661 04aa 1968     		ldr	r1, [r3]
 1662 04ac 07F51053 		add	r3, r7, #9216
 1663 04b0 03F10C03 		add	r3, r3, #12
 1664 04b4 1868     		ldr	r0, [r3]
 1665 04b6 FFF7FEFF 		bl	is_free
 1666 04ba 0346     		mov	r3, r0
 1667 04bc 83F00103 		eor	r3, r3, #1
 1668 04c0 DBB2     		uxtb	r3, r3
 1669 04c2 002B     		cmp	r3, #0
 1670 04c4 40F0F480 		bne	.L83
 1671              		.loc 1 170 0 is_stmt 0 discriminator 2
 1672 04c8 07F11002 		add	r2, r7, #16
 1673 04cc 083A     		subs	r2, r2, #8
 1674 04ce 07F51053 		add	r3, r7, #9216
 1675 04d2 03F10C03 		add	r3, r3, #12
 1676 04d6 1968     		ldr	r1, [r3]
 1677 04d8 0B46     		mov	r3, r1
 1678 04da DB00     		lsls	r3, r3, #3
ARM GAS  C:\Users\Calvi\AppData\Local\Temp\ccRQiKUu.s 			page 34


 1679 04dc 0B44     		add	r3, r3, r1
 1680 04de 5B00     		lsls	r3, r3, #1
 1681 04e0 0B44     		add	r3, r3, r1
 1682 04e2 1A44     		add	r2, r2, r3
 1683 04e4 07F51053 		add	r3, r7, #9216
 1684 04e8 03F10803 		add	r3, r3, #8
 1685 04ec 1B68     		ldr	r3, [r3]
 1686 04ee 1344     		add	r3, r3, r2
 1687 04f0 1B78     		ldrb	r3, [r3]	@ zero_extendqisi2
 1688 04f2 002B     		cmp	r3, #0
 1689 04f4 40F0DC80 		bne	.L83
 171:map_to_instructions.c ****                 int new_g = g[n.r][n.c] + 1;
 1690              		.loc 1 171 0 is_stmt 1
 1691 04f8 07F50F53 		add	r3, r7, #9152
 1692 04fc 03F12003 		add	r3, r3, #32
 1693 0500 1968     		ldr	r1, [r3]
 1694 0502 07F50F53 		add	r3, r7, #9152
 1695 0506 03F12403 		add	r3, r3, #36
 1696 050a 1868     		ldr	r0, [r3]
 1697 050c 07F5A872 		add	r2, r7, #336
 1698 0510 283A     		subs	r2, r2, #40
 1699 0512 0B46     		mov	r3, r1
 1700 0514 DB00     		lsls	r3, r3, #3
 1701 0516 0B44     		add	r3, r3, r1
 1702 0518 5B00     		lsls	r3, r3, #1
 1703 051a 0B44     		add	r3, r3, r1
 1704 051c 0344     		add	r3, r3, r0
 1705 051e 52F82330 		ldr	r3, [r2, r3, lsl #2]
 1706 0522 0133     		adds	r3, r3, #1
 1707 0524 07F51052 		add	r2, r7, #9216
 1708 0528 02F10402 		add	r2, r2, #4
 1709 052c 1360     		str	r3, [r2]
 172:map_to_instructions.c ****                 if (new_g < g[nr][nc]) {
 1710              		.loc 1 172 0
 1711 052e 07F5A872 		add	r2, r7, #336
 1712 0532 283A     		subs	r2, r2, #40
 1713 0534 07F51053 		add	r3, r7, #9216
 1714 0538 03F10C03 		add	r3, r3, #12
 1715 053c 1968     		ldr	r1, [r3]
 1716 053e 0B46     		mov	r3, r1
 1717 0540 DB00     		lsls	r3, r3, #3
 1718 0542 0B44     		add	r3, r3, r1
 1719 0544 5B00     		lsls	r3, r3, #1
 1720 0546 0B44     		add	r3, r3, r1
 1721 0548 07F51051 		add	r1, r7, #9216
 1722 054c 01F10801 		add	r1, r1, #8
 1723 0550 0968     		ldr	r1, [r1]
 1724 0552 0B44     		add	r3, r3, r1
 1725 0554 52F82320 		ldr	r2, [r2, r3, lsl #2]
 1726 0558 07F51053 		add	r3, r7, #9216
 1727 055c 03F10403 		add	r3, r3, #4
 1728 0560 1B68     		ldr	r3, [r3]
 1729 0562 9A42     		cmp	r2, r3
 1730 0564 40F3A580 		ble	.L68
 1731              	.LBB17:
 173:map_to_instructions.c ****                     g[nr][nc] = new_g;
 1732              		.loc 1 173 0
ARM GAS  C:\Users\Calvi\AppData\Local\Temp\ccRQiKUu.s 			page 35


 1733 0568 07F5A872 		add	r2, r7, #336
 1734 056c 283A     		subs	r2, r2, #40
 1735 056e 07F51053 		add	r3, r7, #9216
 1736 0572 03F10C03 		add	r3, r3, #12
 1737 0576 1968     		ldr	r1, [r3]
 1738 0578 0B46     		mov	r3, r1
 1739 057a DB00     		lsls	r3, r3, #3
 1740 057c 0B44     		add	r3, r3, r1
 1741 057e 5B00     		lsls	r3, r3, #1
 1742 0580 0B44     		add	r3, r3, r1
 1743 0582 07F51051 		add	r1, r7, #9216
 1744 0586 01F10801 		add	r1, r1, #8
 1745 058a 0968     		ldr	r1, [r1]
 1746 058c 0B44     		add	r3, r3, r1
 1747 058e 07F51051 		add	r1, r7, #9216
 1748 0592 01F10401 		add	r1, r1, #4
 1749 0596 0968     		ldr	r1, [r1]
 1750 0598 42F82310 		str	r1, [r2, r3, lsl #2]
 174:map_to_instructions.c ****                     prev[nr][nc][0] = n.r;
 1751              		.loc 1 174 0
 1752 059c 07F50F53 		add	r3, r7, #9152
 1753 05a0 03F12003 		add	r3, r3, #32
 1754 05a4 1868     		ldr	r0, [r3]
 1755 05a6 07F55B62 		add	r2, r7, #3504
 1756 05aa 143A     		subs	r2, r2, #20
 1757 05ac 07F51053 		add	r3, r7, #9216
 1758 05b0 03F10C03 		add	r3, r3, #12
 1759 05b4 1968     		ldr	r1, [r3]
 1760 05b6 0B46     		mov	r3, r1
 1761 05b8 DB00     		lsls	r3, r3, #3
 1762 05ba 0B44     		add	r3, r3, r1
 1763 05bc 5B00     		lsls	r3, r3, #1
 1764 05be 0B44     		add	r3, r3, r1
 1765 05c0 07F51051 		add	r1, r7, #9216
 1766 05c4 01F10801 		add	r1, r1, #8
 1767 05c8 0968     		ldr	r1, [r1]
 1768 05ca 0B44     		add	r3, r3, r1
 1769 05cc 42F83300 		str	r0, [r2, r3, lsl #3]
 175:map_to_instructions.c ****                     prev[nr][nc][1] = n.c;
 1770              		.loc 1 175 0
 1771 05d0 07F50F53 		add	r3, r7, #9152
 1772 05d4 03F12403 		add	r3, r3, #36
 1773 05d8 1868     		ldr	r0, [r3]
 1774 05da 07F55B62 		add	r2, r7, #3504
 1775 05de 143A     		subs	r2, r2, #20
 1776 05e0 07F51053 		add	r3, r7, #9216
 1777 05e4 03F10C03 		add	r3, r3, #12
 1778 05e8 1968     		ldr	r1, [r3]
 1779 05ea 0B46     		mov	r3, r1
 1780 05ec DB00     		lsls	r3, r3, #3
 1781 05ee 0B44     		add	r3, r3, r1
 1782 05f0 5B00     		lsls	r3, r3, #1
 1783 05f2 0B44     		add	r3, r3, r1
 1784 05f4 07F51051 		add	r1, r7, #9216
 1785 05f8 01F10801 		add	r1, r1, #8
 1786 05fc 0968     		ldr	r1, [r1]
 1787 05fe 0B44     		add	r3, r3, r1
ARM GAS  C:\Users\Calvi\AppData\Local\Temp\ccRQiKUu.s 			page 36


 1788 0600 DB00     		lsls	r3, r3, #3
 1789 0602 1344     		add	r3, r3, r2
 1790 0604 5860     		str	r0, [r3, #4]
 176:map_to_instructions.c ****                     int fcost = new_g + heuristic(nr, nc, goal_r, goal_c);
 1791              		.loc 1 176 0
 1792 0606 07F51053 		add	r3, r7, #9216
 1793 060a 03F11003 		add	r3, r3, #16
 1794 060e 1B68     		ldr	r3, [r3]
 1795 0610 07F51052 		add	r2, r7, #9216
 1796 0614 02F11402 		add	r2, r2, #20
 1797 0618 1268     		ldr	r2, [r2]
 1798 061a 07F51051 		add	r1, r7, #9216
 1799 061e 01F10801 		add	r1, r1, #8
 1800 0622 0968     		ldr	r1, [r1]
 1801 0624 07F51050 		add	r0, r7, #9216
 1802 0628 00F10C00 		add	r0, r0, #12
 1803 062c 0068     		ldr	r0, [r0]
 1804 062e FFF7FEFF 		bl	heuristic
 1805 0632 0246     		mov	r2, r0
 1806 0634 07F51053 		add	r3, r7, #9216
 1807 0638 03F10403 		add	r3, r3, #4
 1808 063c 1B68     		ldr	r3, [r3]
 1809 063e 1344     		add	r3, r3, r2
 1810 0640 07F51052 		add	r2, r7, #9216
 1811 0644 1360     		str	r3, [r2]
 177:map_to_instructions.c ****                     open[osz++] = (Node){nr, nc, fcost};
 1812              		.loc 1 177 0
 1813 0646 07F51153 		add	r3, r7, #9280
 1814 064a 1A68     		ldr	r2, [r3]
 1815 064c 531C     		adds	r3, r2, #1
 1816 064e 07F51151 		add	r1, r7, #9280
 1817 0652 0B60     		str	r3, [r1]
 1818 0654 07F5B451 		add	r1, r7, #5760
 1819 0658 01F10401 		add	r1, r1, #4
 1820 065c 1346     		mov	r3, r2
 1821 065e 5B00     		lsls	r3, r3, #1
 1822 0660 1344     		add	r3, r3, r2
 1823 0662 9B00     		lsls	r3, r3, #2
 1824 0664 0B44     		add	r3, r3, r1
 1825 0666 07F51051 		add	r1, r7, #9216
 1826 066a 01F10C01 		add	r1, r1, #12
 1827 066e 0968     		ldr	r1, [r1]
 1828 0670 1960     		str	r1, [r3]
 1829 0672 07F5B451 		add	r1, r7, #5760
 1830 0676 01F10401 		add	r1, r1, #4
 1831 067a 1346     		mov	r3, r2
 1832 067c 5B00     		lsls	r3, r3, #1
 1833 067e 1344     		add	r3, r3, r2
 1834 0680 9B00     		lsls	r3, r3, #2
 1835 0682 0B44     		add	r3, r3, r1
 1836 0684 0433     		adds	r3, r3, #4
 1837 0686 07F51051 		add	r1, r7, #9216
 1838 068a 01F10801 		add	r1, r1, #8
 1839 068e 0968     		ldr	r1, [r1]
 1840 0690 1960     		str	r1, [r3]
 1841 0692 07F5B451 		add	r1, r7, #5760
 1842 0696 01F10401 		add	r1, r1, #4
ARM GAS  C:\Users\Calvi\AppData\Local\Temp\ccRQiKUu.s 			page 37


 1843 069a 1346     		mov	r3, r2
 1844 069c 5B00     		lsls	r3, r3, #1
 1845 069e 1344     		add	r3, r3, r2
 1846 06a0 9B00     		lsls	r3, r3, #2
 1847 06a2 0B44     		add	r3, r3, r1
 1848 06a4 0833     		adds	r3, r3, #8
 1849 06a6 07F51052 		add	r2, r7, #9216
 1850 06aa 1268     		ldr	r2, [r2]
 1851 06ac 1A60     		str	r2, [r3]
 1852 06ae 00E0     		b	.L68
 1853              	.L83:
 1854              	.LBE17:
 170:map_to_instructions.c ****                 int new_g = g[n.r][n.c] + 1;
 1855              		.loc 1 170 0
 1856 06b0 00BF     		nop
 1857              	.L68:
 1858              	.LBE16:
 168:map_to_instructions.c ****                 int nr = n.r + drow[d], nc = n.c + dcol[d];
 1859              		.loc 1 168 0 discriminator 2
 1860 06b2 07F51053 		add	r3, r7, #9216
 1861 06b6 03F12C03 		add	r3, r3, #44
 1862 06ba 1B68     		ldr	r3, [r3]
 1863 06bc 0133     		adds	r3, r3, #1
 1864 06be 07F51052 		add	r2, r7, #9216
 1865 06c2 02F12C02 		add	r2, r2, #44
 1866 06c6 1360     		str	r3, [r2]
 1867              	.L65:
 168:map_to_instructions.c ****                 int nr = n.r + drow[d], nc = n.c + dcol[d];
 1868              		.loc 1 168 0 is_stmt 0 discriminator 1
 1869 06c8 07F51053 		add	r3, r7, #9216
 1870 06cc 03F12C03 		add	r3, r3, #44
 1871 06d0 1B68     		ldr	r3, [r3]
 1872 06d2 032B     		cmp	r3, #3
 1873 06d4 7FF7BFAE 		ble	.L69
 1874              	.L58:
 1875              	.LBE15:
 1876              	.LBE13:
 156:map_to_instructions.c ****             int best = 0;
 1877              		.loc 1 156 0 is_stmt 1
 1878 06d8 07F51153 		add	r3, r7, #9280
 1879 06dc 1B68     		ldr	r3, [r3]
 1880 06de 002B     		cmp	r3, #0
 1881 06e0 3FF7DFAD 		bgt	.L70
 1882 06e4 00E0     		b	.L64
 1883              	.L82:
 1884              	.LBB18:
 166:map_to_instructions.c **** 
 1885              		.loc 1 166 0
 1886 06e6 00BF     		nop
 1887              	.L64:
 1888              	.LBE18:
 178:map_to_instructions.c ****                 }
 179:map_to_instructions.c ****             }
 180:map_to_instructions.c ****         }
 181:map_to_instructions.c **** 
 182:map_to_instructions.c ****         // Reconstruct shortest path
 183:map_to_instructions.c ****         int path[256][2];
ARM GAS  C:\Users\Calvi\AppData\Local\Temp\ccRQiKUu.s 			page 38


 184:map_to_instructions.c ****         int len = 0;
 1889              		.loc 1 184 0
 1890 06e8 0023     		movs	r3, #0
 1891 06ea 07F51052 		add	r2, r7, #9216
 1892 06ee 02F12802 		add	r2, r2, #40
 1893 06f2 1360     		str	r3, [r2]
 185:map_to_instructions.c ****         int r = goal_r, c = goal_c;
 1894              		.loc 1 185 0
 1895 06f4 07F51053 		add	r3, r7, #9216
 1896 06f8 03F11403 		add	r3, r3, #20
 1897 06fc 1B68     		ldr	r3, [r3]
 1898 06fe 07F51052 		add	r2, r7, #9216
 1899 0702 02F12402 		add	r2, r2, #36
 1900 0706 1360     		str	r3, [r2]
 1901 0708 07F51053 		add	r3, r7, #9216
 1902 070c 03F11003 		add	r3, r3, #16
 1903 0710 1B68     		ldr	r3, [r3]
 1904 0712 07F51052 		add	r2, r7, #9216
 1905 0716 02F12002 		add	r2, r2, #32
 1906 071a 1360     		str	r3, [r2]
 186:map_to_instructions.c ****         while (r != -1 && c != -1 && len < 256) {
 1907              		.loc 1 186 0
 1908 071c 9AE0     		b	.L71
 1909              	.L74:
 1910              	.LBB19:
 187:map_to_instructions.c ****             path[len][0] = r;
 1911              		.loc 1 187 0
 1912 071e 07F5B663 		add	r3, r7, #1456
 1913 0722 143B     		subs	r3, r3, #20
 1914 0724 07F51052 		add	r2, r7, #9216
 1915 0728 02F12802 		add	r2, r2, #40
 1916 072c 1268     		ldr	r2, [r2]
 1917 072e 07F51051 		add	r1, r7, #9216
 1918 0732 01F12401 		add	r1, r1, #36
 1919 0736 0968     		ldr	r1, [r1]
 1920 0738 43F83210 		str	r1, [r3, r2, lsl #3]
 188:map_to_instructions.c ****             path[len][1] = c;
 1921              		.loc 1 188 0
 1922 073c 07F5B662 		add	r2, r7, #1456
 1923 0740 143A     		subs	r2, r2, #20
 1924 0742 07F51053 		add	r3, r7, #9216
 1925 0746 03F12803 		add	r3, r3, #40
 1926 074a 1B68     		ldr	r3, [r3]
 1927 074c DB00     		lsls	r3, r3, #3
 1928 074e 1344     		add	r3, r3, r2
 1929 0750 07F51052 		add	r2, r7, #9216
 1930 0754 02F12002 		add	r2, r2, #32
 1931 0758 1268     		ldr	r2, [r2]
 1932 075a 5A60     		str	r2, [r3, #4]
 189:map_to_instructions.c ****             if (r == cur_r && c == cur_c) {
 1933              		.loc 1 189 0
 1934 075c 07F51053 		add	r3, r7, #9216
 1935 0760 03F12403 		add	r3, r3, #36
 1936 0764 1A68     		ldr	r2, [r3]
 1937 0766 07F51153 		add	r3, r7, #9280
 1938 076a 03F10C03 		add	r3, r3, #12
 1939 076e 1B68     		ldr	r3, [r3]
ARM GAS  C:\Users\Calvi\AppData\Local\Temp\ccRQiKUu.s 			page 39


 1940 0770 9A42     		cmp	r2, r3
 1941 0772 1BD1     		bne	.L72
 1942              		.loc 1 189 0 is_stmt 0 discriminator 1
 1943 0774 07F51053 		add	r3, r7, #9216
 1944 0778 03F12003 		add	r3, r3, #32
 1945 077c 1A68     		ldr	r2, [r3]
 1946 077e 07F51153 		add	r3, r7, #9280
 1947 0782 03F10803 		add	r3, r3, #8
 1948 0786 1B68     		ldr	r3, [r3]
 1949 0788 9A42     		cmp	r2, r3
 1950 078a 0FD1     		bne	.L72
 190:map_to_instructions.c ****                 len++;
 1951              		.loc 1 190 0 is_stmt 1
 1952 078c 07F51053 		add	r3, r7, #9216
 1953 0790 03F12803 		add	r3, r3, #40
 1954 0794 1B68     		ldr	r3, [r3]
 1955 0796 0133     		adds	r3, r3, #1
 1956 0798 07F51052 		add	r2, r7, #9216
 1957 079c 02F12802 		add	r2, r2, #40
 1958 07a0 1360     		str	r3, [r2]
 191:map_to_instructions.c ****                 break;
 1959              		.loc 1 191 0
 1960 07a2 6FE0     		b	.L73
 1961              	.L88:
 1962              		.align	2
 1963              	.L87:
 1964 07a4 00000000 		.word	drow
 1965 07a8 10000000 		.word	dcol
 1966              	.L72:
 192:map_to_instructions.c ****             }
 193:map_to_instructions.c ****             int pr = prev[r][c][0];
 1967              		.loc 1 193 0
 1968 07ac 07F55B62 		add	r2, r7, #3504
 1969 07b0 143A     		subs	r2, r2, #20
 1970 07b2 07F51053 		add	r3, r7, #9216
 1971 07b6 03F12403 		add	r3, r3, #36
 1972 07ba 1968     		ldr	r1, [r3]
 1973 07bc 0B46     		mov	r3, r1
 1974 07be DB00     		lsls	r3, r3, #3
 1975 07c0 0B44     		add	r3, r3, r1
 1976 07c2 5B00     		lsls	r3, r3, #1
 1977 07c4 0B44     		add	r3, r3, r1
 1978 07c6 07F51051 		add	r1, r7, #9216
 1979 07ca 01F12001 		add	r1, r1, #32
 1980 07ce 0968     		ldr	r1, [r1]
 1981 07d0 0B44     		add	r3, r3, r1
 1982 07d2 52F83330 		ldr	r3, [r2, r3, lsl #3]
 1983 07d6 07F50F52 		add	r2, r7, #9152
 1984 07da 02F13C02 		add	r2, r2, #60
 1985 07de 1360     		str	r3, [r2]
 194:map_to_instructions.c ****             int pc = prev[r][c][1];
 1986              		.loc 1 194 0
 1987 07e0 07F55B62 		add	r2, r7, #3504
 1988 07e4 143A     		subs	r2, r2, #20
 1989 07e6 07F51053 		add	r3, r7, #9216
 1990 07ea 03F12403 		add	r3, r3, #36
 1991 07ee 1968     		ldr	r1, [r3]
ARM GAS  C:\Users\Calvi\AppData\Local\Temp\ccRQiKUu.s 			page 40


 1992 07f0 0B46     		mov	r3, r1
 1993 07f2 DB00     		lsls	r3, r3, #3
 1994 07f4 0B44     		add	r3, r3, r1
 1995 07f6 5B00     		lsls	r3, r3, #1
 1996 07f8 0B44     		add	r3, r3, r1
 1997 07fa 07F51051 		add	r1, r7, #9216
 1998 07fe 01F12001 		add	r1, r1, #32
 1999 0802 0968     		ldr	r1, [r1]
 2000 0804 0B44     		add	r3, r3, r1
 2001 0806 DB00     		lsls	r3, r3, #3
 2002 0808 1344     		add	r3, r3, r2
 2003 080a 5B68     		ldr	r3, [r3, #4]
 2004 080c 07F50F52 		add	r2, r7, #9152
 2005 0810 02F13802 		add	r2, r2, #56
 2006 0814 1360     		str	r3, [r2]
 195:map_to_instructions.c ****             r = pr; c = pc;
 2007              		.loc 1 195 0
 2008 0816 07F50F53 		add	r3, r7, #9152
 2009 081a 03F13C03 		add	r3, r3, #60
 2010 081e 1B68     		ldr	r3, [r3]
 2011 0820 07F51052 		add	r2, r7, #9216
 2012 0824 02F12402 		add	r2, r2, #36
 2013 0828 1360     		str	r3, [r2]
 2014 082a 07F50F53 		add	r3, r7, #9152
 2015 082e 03F13803 		add	r3, r3, #56
 2016 0832 1B68     		ldr	r3, [r3]
 2017 0834 07F51052 		add	r2, r7, #9216
 2018 0838 02F12002 		add	r2, r2, #32
 2019 083c 1360     		str	r3, [r2]
 196:map_to_instructions.c ****             len++;
 2020              		.loc 1 196 0
 2021 083e 07F51053 		add	r3, r7, #9216
 2022 0842 03F12803 		add	r3, r3, #40
 2023 0846 1B68     		ldr	r3, [r3]
 2024 0848 0133     		adds	r3, r3, #1
 2025 084a 07F51052 		add	r2, r7, #9216
 2026 084e 02F12802 		add	r2, r2, #40
 2027 0852 1360     		str	r3, [r2]
 2028              	.L71:
 2029              	.LBE19:
 186:map_to_instructions.c ****             path[len][0] = r;
 2030              		.loc 1 186 0
 2031 0854 07F51053 		add	r3, r7, #9216
 2032 0858 03F12403 		add	r3, r3, #36
 2033 085c 1B68     		ldr	r3, [r3]
 2034 085e B3F1FF3F 		cmp	r3, #-1
 2035 0862 0FD0     		beq	.L73
 186:map_to_instructions.c ****             path[len][0] = r;
 2036              		.loc 1 186 0 is_stmt 0 discriminator 1
 2037 0864 07F51053 		add	r3, r7, #9216
 2038 0868 03F12003 		add	r3, r3, #32
 2039 086c 1B68     		ldr	r3, [r3]
 2040 086e B3F1FF3F 		cmp	r3, #-1
 2041 0872 07D0     		beq	.L73
 186:map_to_instructions.c ****             path[len][0] = r;
 2042              		.loc 1 186 0 discriminator 2
 2043 0874 07F51053 		add	r3, r7, #9216
ARM GAS  C:\Users\Calvi\AppData\Local\Temp\ccRQiKUu.s 			page 41


 2044 0878 03F12803 		add	r3, r3, #40
 2045 087c 1B68     		ldr	r3, [r3]
 2046 087e FF2B     		cmp	r3, #255
 2047 0880 7FF74DAF 		ble	.L74
 2048              	.L73:
 197:map_to_instructions.c ****         }
 198:map_to_instructions.c ****         if (len < 2) break;
 2049              		.loc 1 198 0 is_stmt 1
 2050 0884 07F51053 		add	r3, r7, #9216
 2051 0888 03F12803 		add	r3, r3, #40
 2052 088c 1B68     		ldr	r3, [r3]
 2053 088e 012B     		cmp	r3, #1
 2054 0890 40F32581 		ble	.L84
 2055              	.LBB20:
 199:map_to_instructions.c **** 
 200:map_to_instructions.c ****         // Reverse path order
 201:map_to_instructions.c ****         for (int i = 0; i < len / 2; ++i) {
 2056              		.loc 1 201 0
 2057 0894 0023     		movs	r3, #0
 2058 0896 07F51052 		add	r2, r7, #9216
 2059 089a 02F11C02 		add	r2, r2, #28
 2060 089e 1360     		str	r3, [r2]
 2061 08a0 8EE0     		b	.L77
 2062              	.L78:
 2063              	.LBB21:
 202:map_to_instructions.c ****             int tr = path[i][0], tc = path[i][1];
 2064              		.loc 1 202 0 discriminator 3
 2065 08a2 07F5B663 		add	r3, r7, #1456
 2066 08a6 143B     		subs	r3, r3, #20
 2067 08a8 07F51052 		add	r2, r7, #9216
 2068 08ac 02F11C02 		add	r2, r2, #28
 2069 08b0 1268     		ldr	r2, [r2]
 2070 08b2 53F83230 		ldr	r3, [r3, r2, lsl #3]
 2071 08b6 07F50F52 		add	r2, r7, #9152
 2072 08ba 02F13402 		add	r2, r2, #52
 2073 08be 1360     		str	r3, [r2]
 2074 08c0 07F5B662 		add	r2, r7, #1456
 2075 08c4 143A     		subs	r2, r2, #20
 2076 08c6 07F51053 		add	r3, r7, #9216
 2077 08ca 03F11C03 		add	r3, r3, #28
 2078 08ce 1B68     		ldr	r3, [r3]
 2079 08d0 DB00     		lsls	r3, r3, #3
 2080 08d2 1344     		add	r3, r3, r2
 2081 08d4 5B68     		ldr	r3, [r3, #4]
 2082 08d6 07F50F52 		add	r2, r7, #9152
 2083 08da 02F13002 		add	r2, r2, #48
 2084 08de 1360     		str	r3, [r2]
 203:map_to_instructions.c ****             path[i][0] = path[len - 1 - i][0];
 2085              		.loc 1 203 0 discriminator 3
 2086 08e0 07F51053 		add	r3, r7, #9216
 2087 08e4 03F12803 		add	r3, r3, #40
 2088 08e8 1B68     		ldr	r3, [r3]
 2089 08ea 5A1E     		subs	r2, r3, #1
 2090 08ec 07F51053 		add	r3, r7, #9216
 2091 08f0 03F11C03 		add	r3, r3, #28
 2092 08f4 1B68     		ldr	r3, [r3]
 2093 08f6 D21A     		subs	r2, r2, r3
ARM GAS  C:\Users\Calvi\AppData\Local\Temp\ccRQiKUu.s 			page 42


 2094 08f8 07F5B663 		add	r3, r7, #1456
 2095 08fc 143B     		subs	r3, r3, #20
 2096 08fe 53F83210 		ldr	r1, [r3, r2, lsl #3]
 2097 0902 07F5B663 		add	r3, r7, #1456
 2098 0906 143B     		subs	r3, r3, #20
 2099 0908 07F51052 		add	r2, r7, #9216
 2100 090c 02F11C02 		add	r2, r2, #28
 2101 0910 1268     		ldr	r2, [r2]
 2102 0912 43F83210 		str	r1, [r3, r2, lsl #3]
 204:map_to_instructions.c ****             path[i][1] = path[len - 1 - i][1];
 2103              		.loc 1 204 0 discriminator 3
 2104 0916 07F51053 		add	r3, r7, #9216
 2105 091a 03F12803 		add	r3, r3, #40
 2106 091e 1B68     		ldr	r3, [r3]
 2107 0920 5A1E     		subs	r2, r3, #1
 2108 0922 07F51053 		add	r3, r7, #9216
 2109 0926 03F11C03 		add	r3, r3, #28
 2110 092a 1B68     		ldr	r3, [r3]
 2111 092c D31A     		subs	r3, r2, r3
 2112 092e 07F5B662 		add	r2, r7, #1456
 2113 0932 143A     		subs	r2, r2, #20
 2114 0934 DB00     		lsls	r3, r3, #3
 2115 0936 1344     		add	r3, r3, r2
 2116 0938 5968     		ldr	r1, [r3, #4]
 2117 093a 07F5B662 		add	r2, r7, #1456
 2118 093e 143A     		subs	r2, r2, #20
 2119 0940 07F51053 		add	r3, r7, #9216
 2120 0944 03F11C03 		add	r3, r3, #28
 2121 0948 1B68     		ldr	r3, [r3]
 2122 094a DB00     		lsls	r3, r3, #3
 2123 094c 1344     		add	r3, r3, r2
 2124 094e 5960     		str	r1, [r3, #4]
 205:map_to_instructions.c ****             path[len - 1 - i][0] = tr;
 2125              		.loc 1 205 0 discriminator 3
 2126 0950 07F51053 		add	r3, r7, #9216
 2127 0954 03F12803 		add	r3, r3, #40
 2128 0958 1B68     		ldr	r3, [r3]
 2129 095a 5A1E     		subs	r2, r3, #1
 2130 095c 07F51053 		add	r3, r7, #9216
 2131 0960 03F11C03 		add	r3, r3, #28
 2132 0964 1B68     		ldr	r3, [r3]
 2133 0966 D21A     		subs	r2, r2, r3
 2134 0968 07F5B663 		add	r3, r7, #1456
 2135 096c 143B     		subs	r3, r3, #20
 2136 096e 07F50F51 		add	r1, r7, #9152
 2137 0972 01F13401 		add	r1, r1, #52
 2138 0976 0968     		ldr	r1, [r1]
 2139 0978 43F83210 		str	r1, [r3, r2, lsl #3]
 206:map_to_instructions.c ****             path[len - 1 - i][1] = tc;
 2140              		.loc 1 206 0 discriminator 3
 2141 097c 07F51053 		add	r3, r7, #9216
 2142 0980 03F12803 		add	r3, r3, #40
 2143 0984 1B68     		ldr	r3, [r3]
 2144 0986 5A1E     		subs	r2, r3, #1
 2145 0988 07F51053 		add	r3, r7, #9216
 2146 098c 03F11C03 		add	r3, r3, #28
 2147 0990 1B68     		ldr	r3, [r3]
ARM GAS  C:\Users\Calvi\AppData\Local\Temp\ccRQiKUu.s 			page 43


 2148 0992 D31A     		subs	r3, r2, r3
 2149 0994 07F5B662 		add	r2, r7, #1456
 2150 0998 143A     		subs	r2, r2, #20
 2151 099a DB00     		lsls	r3, r3, #3
 2152 099c 1344     		add	r3, r3, r2
 2153 099e 07F50F52 		add	r2, r7, #9152
 2154 09a2 02F13002 		add	r2, r2, #48
 2155 09a6 1268     		ldr	r2, [r2]
 2156 09a8 5A60     		str	r2, [r3, #4]
 2157              	.LBE21:
 201:map_to_instructions.c ****             int tr = path[i][0], tc = path[i][1];
 2158              		.loc 1 201 0 discriminator 3
 2159 09aa 07F51053 		add	r3, r7, #9216
 2160 09ae 03F11C03 		add	r3, r3, #28
 2161 09b2 1B68     		ldr	r3, [r3]
 2162 09b4 0133     		adds	r3, r3, #1
 2163 09b6 07F51052 		add	r2, r7, #9216
 2164 09ba 02F11C02 		add	r2, r2, #28
 2165 09be 1360     		str	r3, [r2]
 2166              	.L77:
 201:map_to_instructions.c ****             int tr = path[i][0], tc = path[i][1];
 2167              		.loc 1 201 0 is_stmt 0 discriminator 1
 2168 09c0 07F51053 		add	r3, r7, #9216
 2169 09c4 03F12803 		add	r3, r3, #40
 2170 09c8 1B68     		ldr	r3, [r3]
 2171 09ca DA0F     		lsrs	r2, r3, #31
 2172 09cc 1344     		add	r3, r3, r2
 2173 09ce 5B10     		asrs	r3, r3, #1
 2174 09d0 1A46     		mov	r2, r3
 2175 09d2 07F51053 		add	r3, r7, #9216
 2176 09d6 03F11C03 		add	r3, r3, #28
 2177 09da 1B68     		ldr	r3, [r3]
 2178 09dc 9A42     		cmp	r2, r3
 2179 09de 3FF760AF 		bgt	.L78
 2180              	.LBE20:
 207:map_to_instructions.c ****         }
 208:map_to_instructions.c **** 
 209:map_to_instructions.c ****         // Print debug path
 210:map_to_instructions.c ****         debug_print_path(path, len, f);
 2181              		.loc 1 210 0 is_stmt 1
 2182 09e2 07F5B663 		add	r3, r7, #1456
 2183 09e6 143B     		subs	r3, r3, #20
 2184 09e8 07F51152 		add	r2, r7, #9280
 2185 09ec 02F10402 		add	r2, r2, #4
 2186 09f0 1268     		ldr	r2, [r2]
 2187 09f2 07F51051 		add	r1, r7, #9216
 2188 09f6 01F12801 		add	r1, r1, #40
 2189 09fa 0968     		ldr	r1, [r1]
 2190 09fc 1846     		mov	r0, r3
 2191 09fe FFF7FEFF 		bl	debug_print_path
 211:map_to_instructions.c **** 
 212:map_to_instructions.c ****         // Emit human-level movement plan
 213:map_to_instructions.c ****         emit_plan_for_path((const int (*)[2])path, len, instr, &total, max_instr);
 2192              		.loc 1 213 0
 2193 0a02 07F50F51 		add	r1, r7, #9152
 2194 0a06 01F12C01 		add	r1, r1, #44
 2195 0a0a 07F11002 		add	r2, r7, #16
ARM GAS  C:\Users\Calvi\AppData\Local\Temp\ccRQiKUu.s 			page 44


 2196 0a0e 0C3A     		subs	r2, r2, #12
 2197 0a10 07F5B660 		add	r0, r7, #1456
 2198 0a14 1438     		subs	r0, r0, #20
 2199 0a16 07F11003 		add	r3, r7, #16
 2200 0a1a 103B     		subs	r3, r3, #16
 2201 0a1c 1B68     		ldr	r3, [r3]
 2202 0a1e 0093     		str	r3, [sp]
 2203 0a20 0B46     		mov	r3, r1
 2204 0a22 1268     		ldr	r2, [r2]
 2205 0a24 07F51051 		add	r1, r7, #9216
 2206 0a28 01F12801 		add	r1, r1, #40
 2207 0a2c 0968     		ldr	r1, [r1]
 2208 0a2e FFF7FEFF 		bl	emit_plan_for_path
 214:map_to_instructions.c **** 
 215:map_to_instructions.c ****         // Stop at food
 216:map_to_instructions.c ****         if (total < max_instr)
 2209              		.loc 1 216 0
 2210 0a32 07F50F53 		add	r3, r7, #9152
 2211 0a36 03F12C03 		add	r3, r3, #44
 2212 0a3a 1A68     		ldr	r2, [r3]
 2213 0a3c 07F11003 		add	r3, r7, #16
 2214 0a40 103B     		subs	r3, r3, #16
 2215 0a42 1B68     		ldr	r3, [r3]
 2216 0a44 9A42     		cmp	r2, r3
 2217 0a46 12DA     		bge	.L79
 217:map_to_instructions.c ****             instr[total++].type = iSTOP;
 2218              		.loc 1 217 0
 2219 0a48 07F50F53 		add	r3, r7, #9152
 2220 0a4c 03F12C03 		add	r3, r3, #44
 2221 0a50 1B68     		ldr	r3, [r3]
 2222 0a52 5A1C     		adds	r2, r3, #1
 2223 0a54 07F50F51 		add	r1, r7, #9152
 2224 0a58 01F12C01 		add	r1, r1, #44
 2225 0a5c 0A60     		str	r2, [r1]
 2226 0a5e 1A46     		mov	r2, r3
 2227 0a60 07F11003 		add	r3, r7, #16
 2228 0a64 0C3B     		subs	r3, r3, #12
 2229 0a66 1B68     		ldr	r3, [r3]
 2230 0a68 1344     		add	r3, r3, r2
 2231 0a6a 0422     		movs	r2, #4
 2232 0a6c 1A70     		strb	r2, [r3]
 2233              	.L79:
 218:map_to_instructions.c **** 
 219:map_to_instructions.c ****         cur_r = goal_r;
 2234              		.loc 1 219 0
 2235 0a6e 07F51053 		add	r3, r7, #9216
 2236 0a72 03F11403 		add	r3, r3, #20
 2237 0a76 1B68     		ldr	r3, [r3]
 2238 0a78 07F51152 		add	r2, r7, #9280
 2239 0a7c 02F10C02 		add	r2, r2, #12
 2240 0a80 1360     		str	r3, [r2]
 220:map_to_instructions.c ****         cur_c = goal_c;
 2241              		.loc 1 220 0
 2242 0a82 07F51053 		add	r3, r7, #9216
 2243 0a86 03F11003 		add	r3, r3, #16
 2244 0a8a 1B68     		ldr	r3, [r3]
 2245 0a8c 07F51152 		add	r2, r7, #9280
ARM GAS  C:\Users\Calvi\AppData\Local\Temp\ccRQiKUu.s 			page 45


 2246 0a90 02F10802 		add	r2, r2, #8
 2247 0a94 1360     		str	r3, [r2]
 2248              	.LBE10:
 135:map_to_instructions.c ****         int goal_r = food_list[f][0];
 2249              		.loc 1 135 0
 2250 0a96 07F51153 		add	r3, r7, #9280
 2251 0a9a 03F10403 		add	r3, r3, #4
 2252 0a9e 1B68     		ldr	r3, [r3]
 2253 0aa0 0133     		adds	r3, r3, #1
 2254 0aa2 07F51152 		add	r2, r7, #9280
 2255 0aa6 02F10402 		add	r2, r2, #4
 2256 0aaa 1360     		str	r3, [r2]
 2257              	.L53:
 135:map_to_instructions.c ****         int goal_r = food_list[f][0];
 2258              		.loc 1 135 0 is_stmt 0 discriminator 1
 2259 0aac 07F51153 		add	r3, r7, #9280
 2260 0ab0 03F10403 		add	r3, r3, #4
 2261 0ab4 1A68     		ldr	r2, [r3]
 2262 0ab6 07F51053 		add	r3, r7, #9216
 2263 0aba 03F11803 		add	r3, r3, #24
 2264 0abe 1B68     		ldr	r3, [r3]
 2265 0ac0 9A42     		cmp	r2, r3
 2266 0ac2 0DDA     		bge	.L76
 135:map_to_instructions.c ****         int goal_r = food_list[f][0];
 2267              		.loc 1 135 0 discriminator 3
 2268 0ac4 07F50F53 		add	r3, r7, #9152
 2269 0ac8 03F12C03 		add	r3, r3, #44
 2270 0acc 1A68     		ldr	r2, [r3]
 2271 0ace 07F11003 		add	r3, r7, #16
 2272 0ad2 103B     		subs	r3, r3, #16
 2273 0ad4 1B68     		ldr	r3, [r3]
 2274 0ad6 9A42     		cmp	r2, r3
 2275 0ad8 FFF6C1AA 		blt	.L80
 2276 0adc 00E0     		b	.L76
 2277              	.L84:
 2278              	.LBB22:
 198:map_to_instructions.c **** 
 2279              		.loc 1 198 0 is_stmt 1
 2280 0ade 00BF     		nop
 2281              	.L76:
 2282              	.LBE22:
 2283              	.LBE9:
 221:map_to_instructions.c ****     }
 222:map_to_instructions.c **** 
 223:map_to_instructions.c ****     return total;
 2284              		.loc 1 223 0
 2285 0ae0 07F50F53 		add	r3, r7, #9152
 2286 0ae4 03F12C03 		add	r3, r3, #44
 2287 0ae8 1B68     		ldr	r3, [r3]
 224:map_to_instructions.c **** }
 2288              		.loc 1 224 0
 2289 0aea 1846     		mov	r0, r3
 2290 0aec 07F51157 		add	r7, r7, #9280
 2291 0af0 1437     		adds	r7, r7, #20
 2292              		.cfi_def_cfa_offset 12
 2293 0af2 BD46     		mov	sp, r7
 2294              		.cfi_def_cfa_register 13
ARM GAS  C:\Users\Calvi\AppData\Local\Temp\ccRQiKUu.s 			page 46


 2295              		@ sp needed
 2296 0af4 90BD     		pop	{r4, r7, pc}
 2297              		.cfi_endproc
 2298              	.LFE8:
 2299              		.size	generate_instructions_from_map, .-generate_instructions_from_map
 2300 0af6 00BF     		.text
 2301              	.Letext0:
 2302              		.file 2 "map_to_instructions.h"
 2303              		.file 3 "map.h"
 2304              		.section	.debug_info,"",%progbits
 2305              	.Ldebug_info0:
 2306 0000 C4070000 		.4byte	0x7c4
 2307 0004 0400     		.2byte	0x4
 2308 0006 00000000 		.4byte	.Ldebug_abbrev0
 2309 000a 04       		.byte	0x4
 2310 000b 01       		.uleb128 0x1
 2311 000c 26000000 		.4byte	.LASF56
 2312 0010 0C       		.byte	0xc
 2313 0011 06000000 		.4byte	.LASF57
 2314 0015 B4000000 		.4byte	.LASF58
 2315 0019 48000000 		.4byte	.Ldebug_ranges0+0x48
 2316 001d 00000000 		.4byte	0
 2317 0021 00000000 		.4byte	.Ldebug_line0
 2318 0025 02       		.uleb128 0x2
 2319 0026 01       		.byte	0x1
 2320 0027 06       		.byte	0x6
 2321 0028 1E010000 		.4byte	.LASF0
 2322 002c 02       		.uleb128 0x2
 2323 002d 01       		.byte	0x1
 2324 002e 08       		.byte	0x8
 2325 002f 43020000 		.4byte	.LASF1
 2326 0033 02       		.uleb128 0x2
 2327 0034 02       		.byte	0x2
 2328 0035 05       		.byte	0x5
 2329 0036 66020000 		.4byte	.LASF2
 2330 003a 02       		.uleb128 0x2
 2331 003b 02       		.byte	0x2
 2332 003c 07       		.byte	0x7
 2333 003d 95010000 		.4byte	.LASF3
 2334 0041 02       		.uleb128 0x2
 2335 0042 04       		.byte	0x4
 2336 0043 05       		.byte	0x5
 2337 0044 36010000 		.4byte	.LASF4
 2338 0048 02       		.uleb128 0x2
 2339 0049 04       		.byte	0x4
 2340 004a 07       		.byte	0x7
 2341 004b 79010000 		.4byte	.LASF5
 2342 004f 02       		.uleb128 0x2
 2343 0050 08       		.byte	0x8
 2344 0051 05       		.byte	0x5
 2345 0052 10010000 		.4byte	.LASF6
 2346 0056 02       		.uleb128 0x2
 2347 0057 08       		.byte	0x8
 2348 0058 07       		.byte	0x7
 2349 0059 F4000000 		.4byte	.LASF7
 2350 005d 03       		.uleb128 0x3
 2351 005e 04       		.byte	0x4
ARM GAS  C:\Users\Calvi\AppData\Local\Temp\ccRQiKUu.s 			page 47


 2352 005f 05       		.byte	0x5
 2353 0060 696E7400 		.ascii	"int\000"
 2354 0064 02       		.uleb128 0x2
 2355 0065 04       		.byte	0x4
 2356 0066 07       		.byte	0x7
 2357 0067 6C010000 		.4byte	.LASF8
 2358 006b 04       		.uleb128 0x4
 2359 006c 01       		.byte	0x1
 2360 006d 2C000000 		.4byte	0x2c
 2361 0071 02       		.byte	0x2
 2362 0072 06       		.byte	0x6
 2363 0073 96000000 		.4byte	0x96
 2364 0077 05       		.uleb128 0x5
 2365 0078 7B020000 		.4byte	.LASF9
 2366 007c 00       		.byte	0
 2367 007d 05       		.uleb128 0x5
 2368 007e E9020000 		.4byte	.LASF10
 2369 0082 01       		.byte	0x1
 2370 0083 05       		.uleb128 0x5
 2371 0084 2A010000 		.4byte	.LASF11
 2372 0088 02       		.byte	0x2
 2373 0089 05       		.uleb128 0x5
 2374 008a 04020000 		.4byte	.LASF12
 2375 008e 03       		.byte	0x3
 2376 008f 05       		.uleb128 0x5
 2377 0090 70020000 		.4byte	.LASF13
 2378 0094 04       		.byte	0x4
 2379 0095 00       		.byte	0
 2380 0096 06       		.uleb128 0x6
 2381 0097 AF020000 		.4byte	.LASF14
 2382 009b 02       		.byte	0x2
 2383 009c 0C       		.byte	0xc
 2384 009d 6B000000 		.4byte	0x6b
 2385 00a1 07       		.uleb128 0x7
 2386 00a2 01       		.byte	0x1
 2387 00a3 02       		.byte	0x2
 2388 00a4 0E       		.byte	0xe
 2389 00a5 B6000000 		.4byte	0xb6
 2390 00a9 08       		.uleb128 0x8
 2391 00aa 21000000 		.4byte	.LASF19
 2392 00ae 02       		.byte	0x2
 2393 00af 0F       		.byte	0xf
 2394 00b0 96000000 		.4byte	0x96
 2395 00b4 00       		.byte	0
 2396 00b5 00       		.byte	0
 2397 00b6 06       		.uleb128 0x6
 2398 00b7 4D010000 		.4byte	.LASF15
 2399 00bb 02       		.byte	0x2
 2400 00bc 10       		.byte	0x10
 2401 00bd A1000000 		.4byte	0xa1
 2402 00c1 02       		.uleb128 0x2
 2403 00c2 08       		.byte	0x8
 2404 00c3 04       		.byte	0x4
 2405 00c4 CA010000 		.4byte	.LASF16
 2406 00c8 02       		.uleb128 0x2
 2407 00c9 04       		.byte	0x4
 2408 00ca 07       		.byte	0x7
ARM GAS  C:\Users\Calvi\AppData\Local\Temp\ccRQiKUu.s 			page 48


 2409 00cb AE010000 		.4byte	.LASF17
 2410 00cf 02       		.uleb128 0x2
 2411 00d0 01       		.byte	0x1
 2412 00d1 08       		.byte	0x8
 2413 00d2 8B020000 		.4byte	.LASF18
 2414 00d6 09       		.uleb128 0x9
 2415 00d7 04       		.byte	0x4
 2416 00d8 DC000000 		.4byte	0xdc
 2417 00dc 0A       		.uleb128 0xa
 2418 00dd CF000000 		.4byte	0xcf
 2419 00e1 07       		.uleb128 0x7
 2420 00e2 0C       		.byte	0xc
 2421 00e3 01       		.byte	0x1
 2422 00e4 37       		.byte	0x37
 2423 00e5 08010000 		.4byte	0x108
 2424 00e9 0B       		.uleb128 0xb
 2425 00ea 7200     		.ascii	"r\000"
 2426 00ec 01       		.byte	0x1
 2427 00ed 38       		.byte	0x38
 2428 00ee 5D000000 		.4byte	0x5d
 2429 00f2 00       		.byte	0
 2430 00f3 0B       		.uleb128 0xb
 2431 00f4 6300     		.ascii	"c\000"
 2432 00f6 01       		.byte	0x1
 2433 00f7 38       		.byte	0x38
 2434 00f8 5D000000 		.4byte	0x5d
 2435 00fc 04       		.byte	0x4
 2436 00fd 0B       		.uleb128 0xb
 2437 00fe 6600     		.ascii	"f\000"
 2438 0100 01       		.byte	0x1
 2439 0101 38       		.byte	0x38
 2440 0102 5D000000 		.4byte	0x5d
 2441 0106 08       		.byte	0x8
 2442 0107 00       		.byte	0
 2443 0108 06       		.uleb128 0x6
 2444 0109 31010000 		.4byte	.LASF20
 2445 010d 01       		.byte	0x1
 2446 010e 39       		.byte	0x39
 2447 010f E1000000 		.4byte	0xe1
 2448 0113 0C       		.uleb128 0xc
 2449 0114 51020000 		.4byte	.LASF25
 2450 0118 01       		.byte	0x1
 2451 0119 12       		.byte	0x12
 2452 011a 00000000 		.4byte	.LFB1
 2453 011e 16000000 		.4byte	.LFE1-.LFB1
 2454 0122 01       		.uleb128 0x1
 2455 0123 9C       		.byte	0x9c
 2456 0124 35010000 		.4byte	0x135
 2457 0128 0D       		.uleb128 0xd
 2458 0129 7300     		.ascii	"s\000"
 2459 012b 01       		.byte	0x1
 2460 012c 12       		.byte	0x12
 2461 012d D6000000 		.4byte	0xd6
 2462 0131 02       		.uleb128 0x2
 2463 0132 91       		.byte	0x91
 2464 0133 74       		.sleb128 -12
 2465 0134 00       		.byte	0
ARM GAS  C:\Users\Calvi\AppData\Local\Temp\ccRQiKUu.s 			page 49


 2466 0135 0E       		.uleb128 0xe
 2467 0136 39020000 		.4byte	.LASF22
 2468 013a 01       		.byte	0x1
 2469 013b 1B       		.byte	0x1b
 2470 013c 67010000 		.4byte	0x167
 2471 0140 00000000 		.4byte	.LFB2
 2472 0144 38000000 		.4byte	.LFE2-.LFB2
 2473 0148 01       		.uleb128 0x1
 2474 0149 9C       		.byte	0x9c
 2475 014a 67010000 		.4byte	0x167
 2476 014e 0D       		.uleb128 0xd
 2477 014f 7200     		.ascii	"r\000"
 2478 0151 01       		.byte	0x1
 2479 0152 1B       		.byte	0x1b
 2480 0153 5D000000 		.4byte	0x5d
 2481 0157 02       		.uleb128 0x2
 2482 0158 91       		.byte	0x91
 2483 0159 74       		.sleb128 -12
 2484 015a 0D       		.uleb128 0xd
 2485 015b 6300     		.ascii	"c\000"
 2486 015d 01       		.byte	0x1
 2487 015e 1B       		.byte	0x1b
 2488 015f 5D000000 		.4byte	0x5d
 2489 0163 02       		.uleb128 0x2
 2490 0164 91       		.byte	0x91
 2491 0165 70       		.sleb128 -16
 2492 0166 00       		.byte	0
 2493 0167 02       		.uleb128 0x2
 2494 0168 01       		.byte	0x1
 2495 0169 02       		.byte	0x2
 2496 016a 85020000 		.4byte	.LASF21
 2497 016e 0F       		.uleb128 0xf
 2498 016f 3F010000 		.4byte	.LASF23
 2499 0173 01       		.byte	0x1
 2500 0174 1F       		.byte	0x1f
 2501 0175 67010000 		.4byte	0x167
 2502 0179 00000000 		.4byte	.LFB3
 2503 017d 4C000000 		.4byte	.LFE3-.LFB3
 2504 0181 01       		.uleb128 0x1
 2505 0182 9C       		.byte	0x9c
 2506 0183 A0010000 		.4byte	0x1a0
 2507 0187 0D       		.uleb128 0xd
 2508 0188 7200     		.ascii	"r\000"
 2509 018a 01       		.byte	0x1
 2510 018b 1F       		.byte	0x1f
 2511 018c 5D000000 		.4byte	0x5d
 2512 0190 02       		.uleb128 0x2
 2513 0191 91       		.byte	0x91
 2514 0192 74       		.sleb128 -12
 2515 0193 0D       		.uleb128 0xd
 2516 0194 6300     		.ascii	"c\000"
 2517 0196 01       		.byte	0x1
 2518 0197 1F       		.byte	0x1f
 2519 0198 5D000000 		.4byte	0x5d
 2520 019c 02       		.uleb128 0x2
 2521 019d 91       		.byte	0x91
 2522 019e 70       		.sleb128 -16
ARM GAS  C:\Users\Calvi\AppData\Local\Temp\ccRQiKUu.s 			page 50


 2523 019f 00       		.byte	0
 2524 01a0 0E       		.uleb128 0xe
 2525 01a1 5D010000 		.4byte	.LASF24
 2526 01a5 01       		.byte	0x1
 2527 01a6 23       		.byte	0x23
 2528 01a7 5D000000 		.4byte	0x5d
 2529 01ab 00000000 		.4byte	.LFB4
 2530 01af 34000000 		.4byte	.LFE4-.LFB4
 2531 01b3 01       		.uleb128 0x1
 2532 01b4 9C       		.byte	0x9c
 2533 01b5 EC010000 		.4byte	0x1ec
 2534 01b9 0D       		.uleb128 0xd
 2535 01ba 7200     		.ascii	"r\000"
 2536 01bc 01       		.byte	0x1
 2537 01bd 23       		.byte	0x23
 2538 01be 5D000000 		.4byte	0x5d
 2539 01c2 02       		.uleb128 0x2
 2540 01c3 91       		.byte	0x91
 2541 01c4 74       		.sleb128 -12
 2542 01c5 0D       		.uleb128 0xd
 2543 01c6 6300     		.ascii	"c\000"
 2544 01c8 01       		.byte	0x1
 2545 01c9 23       		.byte	0x23
 2546 01ca 5D000000 		.4byte	0x5d
 2547 01ce 02       		.uleb128 0x2
 2548 01cf 91       		.byte	0x91
 2549 01d0 70       		.sleb128 -16
 2550 01d1 0D       		.uleb128 0xd
 2551 01d2 677200   		.ascii	"gr\000"
 2552 01d5 01       		.byte	0x1
 2553 01d6 23       		.byte	0x23
 2554 01d7 5D000000 		.4byte	0x5d
 2555 01db 02       		.uleb128 0x2
 2556 01dc 91       		.byte	0x91
 2557 01dd 6C       		.sleb128 -20
 2558 01de 0D       		.uleb128 0xd
 2559 01df 676300   		.ascii	"gc\000"
 2560 01e2 01       		.byte	0x1
 2561 01e3 23       		.byte	0x23
 2562 01e4 5D000000 		.4byte	0x5d
 2563 01e8 02       		.uleb128 0x2
 2564 01e9 91       		.byte	0x91
 2565 01ea 68       		.sleb128 -24
 2566 01eb 00       		.byte	0
 2567 01ec 0C       		.uleb128 0xc
 2568 01ed 18020000 		.4byte	.LASF26
 2569 01f1 01       		.byte	0x1
 2570 01f2 28       		.byte	0x28
 2571 01f3 00000000 		.4byte	.LFB5
 2572 01f7 A0000000 		.4byte	.LFE5-.LFB5
 2573 01fb 01       		.uleb128 0x1
 2574 01fc 9C       		.byte	0x9c
 2575 01fd 54020000 		.4byte	0x254
 2576 0201 10       		.uleb128 0x10
 2577 0202 EF000000 		.4byte	.LASF27
 2578 0206 01       		.byte	0x1
 2579 0207 28       		.byte	0x28
ARM GAS  C:\Users\Calvi\AppData\Local\Temp\ccRQiKUu.s 			page 51


 2580 0208 69020000 		.4byte	0x269
 2581 020c 03       		.uleb128 0x3
 2582 020d 91       		.byte	0x91
 2583 020e 847F     		.sleb128 -124
 2584 0210 0D       		.uleb128 0xd
 2585 0211 6C656E00 		.ascii	"len\000"
 2586 0215 01       		.byte	0x1
 2587 0216 28       		.byte	0x28
 2588 0217 5D000000 		.4byte	0x5d
 2589 021b 03       		.uleb128 0x3
 2590 021c 91       		.byte	0x91
 2591 021d 807F     		.sleb128 -128
 2592 021f 10       		.uleb128 0x10
 2593 0220 CB020000 		.4byte	.LASF28
 2594 0224 01       		.byte	0x1
 2595 0225 28       		.byte	0x28
 2596 0226 5D000000 		.4byte	0x5d
 2597 022a 03       		.uleb128 0x3
 2598 022b 91       		.byte	0x91
 2599 022c FC7E     		.sleb128 -132
 2600 022e 11       		.uleb128 0x11
 2601 022f 58010000 		.4byte	.LASF29
 2602 0233 01       		.byte	0x1
 2603 0234 29       		.byte	0x29
 2604 0235 6F020000 		.4byte	0x26f
 2605 0239 03       		.uleb128 0x3
 2606 023a 91       		.byte	0x91
 2607 023b 8C7F     		.sleb128 -116
 2608 023d 12       		.uleb128 0x12
 2609 023e 28000000 		.4byte	.LBB2
 2610 0242 54000000 		.4byte	.LBE2-.LBB2
 2611 0246 13       		.uleb128 0x13
 2612 0247 6900     		.ascii	"i\000"
 2613 0249 01       		.byte	0x1
 2614 024a 2D       		.byte	0x2d
 2615 024b 5D000000 		.4byte	0x5d
 2616 024f 02       		.uleb128 0x2
 2617 0250 91       		.byte	0x91
 2618 0251 6C       		.sleb128 -20
 2619 0252 00       		.byte	0
 2620 0253 00       		.byte	0
 2621 0254 14       		.uleb128 0x14
 2622 0255 64020000 		.4byte	0x264
 2623 0259 64020000 		.4byte	0x264
 2624 025d 15       		.uleb128 0x15
 2625 025e C8000000 		.4byte	0xc8
 2626 0262 01       		.byte	0x1
 2627 0263 00       		.byte	0
 2628 0264 0A       		.uleb128 0xa
 2629 0265 5D000000 		.4byte	0x5d
 2630 0269 09       		.uleb128 0x9
 2631 026a 04       		.byte	0x4
 2632 026b 54020000 		.4byte	0x254
 2633 026f 14       		.uleb128 0x14
 2634 0270 CF000000 		.4byte	0xcf
 2635 0274 7F020000 		.4byte	0x27f
 2636 0278 15       		.uleb128 0x15
ARM GAS  C:\Users\Calvi\AppData\Local\Temp\ccRQiKUu.s 			page 52


 2637 0279 C8000000 		.4byte	0xc8
 2638 027d 5F       		.byte	0x5f
 2639 027e 00       		.byte	0
 2640 027f 0E       		.uleb128 0xe
 2641 0280 30020000 		.4byte	.LASF30
 2642 0284 01       		.byte	0x1
 2643 0285 3C       		.byte	0x3c
 2644 0286 5D000000 		.4byte	0x5d
 2645 028a 00000000 		.4byte	.LFB6
 2646 028e D0000000 		.4byte	.LFE6-.LFB6
 2647 0292 01       		.uleb128 0x1
 2648 0293 9C       		.byte	0x9c
 2649 0294 E7020000 		.4byte	0x2e7
 2650 0298 0D       		.uleb128 0xd
 2651 0299 61727200 		.ascii	"arr\000"
 2652 029d 01       		.byte	0x1
 2653 029e 3C       		.byte	0x3c
 2654 029f E7020000 		.4byte	0x2e7
 2655 02a3 02       		.uleb128 0x2
 2656 02a4 91       		.byte	0x91
 2657 02a5 5C       		.sleb128 -36
 2658 02a6 10       		.uleb128 0x10
 2659 02a7 90010000 		.4byte	.LASF31
 2660 02ab 01       		.byte	0x1
 2661 02ac 3C       		.byte	0x3c
 2662 02ad ED020000 		.4byte	0x2ed
 2663 02b1 02       		.uleb128 0x2
 2664 02b2 91       		.byte	0x91
 2665 02b3 58       		.sleb128 -40
 2666 02b4 11       		.uleb128 0x11
 2667 02b5 9A020000 		.4byte	.LASF32
 2668 02b9 01       		.byte	0x1
 2669 02ba 3D       		.byte	0x3d
 2670 02bb 5D000000 		.4byte	0x5d
 2671 02bf 02       		.uleb128 0x2
 2672 02c0 91       		.byte	0x91
 2673 02c1 74       		.sleb128 -12
 2674 02c2 11       		.uleb128 0x11
 2675 02c3 67010000 		.4byte	.LASF33
 2676 02c7 01       		.byte	0x1
 2677 02c8 40       		.byte	0x40
 2678 02c9 08010000 		.4byte	0x108
 2679 02cd 02       		.uleb128 0x2
 2680 02ce 91       		.byte	0x91
 2681 02cf 64       		.sleb128 -28
 2682 02d0 12       		.uleb128 0x12
 2683 02d1 0E000000 		.4byte	.LBB3
 2684 02d5 42000000 		.4byte	.LBE3-.LBB3
 2685 02d9 13       		.uleb128 0x13
 2686 02da 6900     		.ascii	"i\000"
 2687 02dc 01       		.byte	0x1
 2688 02dd 3E       		.byte	0x3e
 2689 02de 5D000000 		.4byte	0x5d
 2690 02e2 02       		.uleb128 0x2
 2691 02e3 91       		.byte	0x91
 2692 02e4 70       		.sleb128 -16
 2693 02e5 00       		.byte	0
ARM GAS  C:\Users\Calvi\AppData\Local\Temp\ccRQiKUu.s 			page 53


 2694 02e6 00       		.byte	0
 2695 02e7 09       		.uleb128 0x9
 2696 02e8 04       		.byte	0x4
 2697 02e9 08010000 		.4byte	0x108
 2698 02ed 09       		.uleb128 0x9
 2699 02ee 04       		.byte	0x4
 2700 02ef 5D000000 		.4byte	0x5d
 2701 02f3 16       		.uleb128 0x16
 2702 02f4 B7010000 		.4byte	.LASF34
 2703 02f8 01       		.byte	0x1
 2704 02f9 47       		.byte	0x47
 2705 02fa 00000000 		.4byte	.LFB7
 2706 02fe E8010000 		.4byte	.LFE7-.LFB7
 2707 0302 01       		.uleb128 0x1
 2708 0303 9C       		.byte	0x9c
 2709 0304 40040000 		.4byte	0x440
 2710 0308 10       		.uleb128 0x10
 2711 0309 EF000000 		.4byte	.LASF27
 2712 030d 01       		.byte	0x1
 2713 030e 47       		.byte	0x47
 2714 030f 69020000 		.4byte	0x269
 2715 0313 03       		.uleb128 0x3
 2716 0314 91       		.byte	0x91
 2717 0315 B47F     		.sleb128 -76
 2718 0317 0D       		.uleb128 0xd
 2719 0318 6C656E00 		.ascii	"len\000"
 2720 031c 01       		.byte	0x1
 2721 031d 47       		.byte	0x47
 2722 031e 5D000000 		.4byte	0x5d
 2723 0322 03       		.uleb128 0x3
 2724 0323 91       		.byte	0x91
 2725 0324 B07F     		.sleb128 -80
 2726 0326 10       		.uleb128 0x10
 2727 0327 00000000 		.4byte	.LASF35
 2728 032b 01       		.byte	0x1
 2729 032c 48       		.byte	0x48
 2730 032d 40040000 		.4byte	0x440
 2731 0331 03       		.uleb128 0x3
 2732 0332 91       		.byte	0x91
 2733 0333 AC7F     		.sleb128 -84
 2734 0335 10       		.uleb128 0x10
 2735 0336 47010000 		.4byte	.LASF36
 2736 033a 01       		.byte	0x1
 2737 033b 48       		.byte	0x48
 2738 033c ED020000 		.4byte	0x2ed
 2739 0340 03       		.uleb128 0x3
 2740 0341 91       		.byte	0x91
 2741 0342 A87F     		.sleb128 -88
 2742 0344 10       		.uleb128 0x10
 2743 0345 FA010000 		.4byte	.LASF37
 2744 0349 01       		.byte	0x1
 2745 034a 48       		.byte	0x48
 2746 034b 5D000000 		.4byte	0x5d
 2747 034f 02       		.uleb128 0x2
 2748 0350 91       		.byte	0x91
 2749 0351 00       		.sleb128 0
 2750 0352 13       		.uleb128 0x13
ARM GAS  C:\Users\Calvi\AppData\Local\Temp\ccRQiKUu.s 			page 54


 2751 0353 69647800 		.ascii	"idx\000"
 2752 0357 01       		.byte	0x1
 2753 0358 4B       		.byte	0x4b
 2754 0359 5D000000 		.4byte	0x5d
 2755 035d 02       		.uleb128 0x2
 2756 035e 91       		.byte	0x91
 2757 035f 74       		.sleb128 -12
 2758 0360 13       		.uleb128 0x13
 2759 0361 723000   		.ascii	"r0\000"
 2760 0364 01       		.byte	0x1
 2761 0365 4E       		.byte	0x4e
 2762 0366 5D000000 		.4byte	0x5d
 2763 036a 02       		.uleb128 0x2
 2764 036b 91       		.byte	0x91
 2765 036c 5C       		.sleb128 -36
 2766 036d 13       		.uleb128 0x13
 2767 036e 633000   		.ascii	"c0\000"
 2768 0371 01       		.byte	0x1
 2769 0372 4E       		.byte	0x4e
 2770 0373 5D000000 		.4byte	0x5d
 2771 0377 02       		.uleb128 0x2
 2772 0378 91       		.byte	0x91
 2773 0379 58       		.sleb128 -40
 2774 037a 13       		.uleb128 0x13
 2775 037b 723100   		.ascii	"r1\000"
 2776 037e 01       		.byte	0x1
 2777 037f 4F       		.byte	0x4f
 2778 0380 5D000000 		.4byte	0x5d
 2779 0384 02       		.uleb128 0x2
 2780 0385 91       		.byte	0x91
 2781 0386 54       		.sleb128 -44
 2782 0387 13       		.uleb128 0x13
 2783 0388 633100   		.ascii	"c1\000"
 2784 038b 01       		.byte	0x1
 2785 038c 4F       		.byte	0x4f
 2786 038d 5D000000 		.4byte	0x5d
 2787 0391 02       		.uleb128 0x2
 2788 0392 91       		.byte	0x91
 2789 0393 50       		.sleb128 -48
 2790 0394 11       		.uleb128 0x11
 2791 0395 9F020000 		.4byte	.LASF38
 2792 0399 01       		.byte	0x1
 2793 039a 50       		.byte	0x50
 2794 039b 5D000000 		.4byte	0x5d
 2795 039f 02       		.uleb128 0x2
 2796 03a0 91       		.byte	0x91
 2797 03a1 70       		.sleb128 -16
 2798 03a2 17       		.uleb128 0x17
 2799 03a3 3E000000 		.4byte	.LBB4
 2800 03a7 3A000000 		.4byte	.LBE4-.LBB4
 2801 03ab BC030000 		.4byte	0x3bc
 2802 03af 13       		.uleb128 0x13
 2803 03b0 6400     		.ascii	"d\000"
 2804 03b2 01       		.byte	0x1
 2805 03b3 51       		.byte	0x51
 2806 03b4 5D000000 		.4byte	0x5d
 2807 03b8 02       		.uleb128 0x2
ARM GAS  C:\Users\Calvi\AppData\Local\Temp\ccRQiKUu.s 			page 55


 2808 03b9 91       		.byte	0x91
 2809 03ba 6C       		.sleb128 -20
 2810 03bb 00       		.byte	0
 2811 03bc 12       		.uleb128 0x12
 2812 03bd 90000000 		.4byte	.LBB5
 2813 03c1 3C010000 		.4byte	.LBE5-.LBB5
 2814 03c5 13       		.uleb128 0x13
 2815 03c6 6900     		.ascii	"i\000"
 2816 03c8 01       		.byte	0x1
 2817 03c9 58       		.byte	0x58
 2818 03ca 5D000000 		.4byte	0x5d
 2819 03ce 02       		.uleb128 0x2
 2820 03cf 91       		.byte	0x91
 2821 03d0 68       		.sleb128 -24
 2822 03d1 18       		.uleb128 0x18
 2823 03d2 00000000 		.4byte	.Ldebug_ranges0+0
 2824 03d6 13       		.uleb128 0x13
 2825 03d7 727000   		.ascii	"rp\000"
 2826 03da 01       		.byte	0x1
 2827 03db 59       		.byte	0x59
 2828 03dc 5D000000 		.4byte	0x5d
 2829 03e0 02       		.uleb128 0x2
 2830 03e1 91       		.byte	0x91
 2831 03e2 4C       		.sleb128 -52
 2832 03e3 13       		.uleb128 0x13
 2833 03e4 637000   		.ascii	"cp\000"
 2834 03e7 01       		.byte	0x1
 2835 03e8 59       		.byte	0x59
 2836 03e9 5D000000 		.4byte	0x5d
 2837 03ed 02       		.uleb128 0x2
 2838 03ee 91       		.byte	0x91
 2839 03ef 48       		.sleb128 -56
 2840 03f0 13       		.uleb128 0x13
 2841 03f1 726E00   		.ascii	"rn\000"
 2842 03f4 01       		.byte	0x1
 2843 03f5 5A       		.byte	0x5a
 2844 03f6 5D000000 		.4byte	0x5d
 2845 03fa 02       		.uleb128 0x2
 2846 03fb 91       		.byte	0x91
 2847 03fc 44       		.sleb128 -60
 2848 03fd 13       		.uleb128 0x13
 2849 03fe 636E00   		.ascii	"cn\000"
 2850 0401 01       		.byte	0x1
 2851 0402 5A       		.byte	0x5a
 2852 0403 5D000000 		.4byte	0x5d
 2853 0407 02       		.uleb128 0x2
 2854 0408 91       		.byte	0x91
 2855 0409 40       		.sleb128 -64
 2856 040a 11       		.uleb128 0x11
 2857 040b A7020000 		.4byte	.LASF39
 2858 040f 01       		.byte	0x1
 2859 0410 5C       		.byte	0x5c
 2860 0411 5D000000 		.4byte	0x5d
 2861 0415 02       		.uleb128 0x2
 2862 0416 91       		.byte	0x91
 2863 0417 64       		.sleb128 -28
 2864 0418 11       		.uleb128 0x11
ARM GAS  C:\Users\Calvi\AppData\Local\Temp\ccRQiKUu.s 			page 56


 2865 0419 0B010000 		.4byte	.LASF40
 2866 041d 01       		.byte	0x1
 2867 041e 63       		.byte	0x63
 2868 041f 5D000000 		.4byte	0x5d
 2869 0423 03       		.uleb128 0x3
 2870 0424 91       		.byte	0x91
 2871 0425 BC7F     		.sleb128 -68
 2872 0427 12       		.uleb128 0x12
 2873 0428 D8000000 		.4byte	.LBB7
 2874 042c 3A000000 		.4byte	.LBE7-.LBB7
 2875 0430 13       		.uleb128 0x13
 2876 0431 6400     		.ascii	"d\000"
 2877 0433 01       		.byte	0x1
 2878 0434 5D       		.byte	0x5d
 2879 0435 5D000000 		.4byte	0x5d
 2880 0439 02       		.uleb128 0x2
 2881 043a 91       		.byte	0x91
 2882 043b 60       		.sleb128 -32
 2883 043c 00       		.byte	0
 2884 043d 00       		.byte	0
 2885 043e 00       		.byte	0
 2886 043f 00       		.byte	0
 2887 0440 09       		.uleb128 0x9
 2888 0441 04       		.byte	0x4
 2889 0442 B6000000 		.4byte	0xb6
 2890 0446 19       		.uleb128 0x19
 2891 0447 DB010000 		.4byte	.LASF59
 2892 044b 01       		.byte	0x1
 2893 044c 80       		.byte	0x80
 2894 044d 5D000000 		.4byte	0x5d
 2895 0451 00000000 		.4byte	.LFB8
 2896 0455 F60A0000 		.4byte	.LFE8-.LFB8
 2897 0459 01       		.uleb128 0x1
 2898 045a 9C       		.byte	0x9c
 2899 045b AD060000 		.4byte	0x6ad
 2900 045f 10       		.uleb128 0x10
 2901 0460 00000000 		.4byte	.LASF35
 2902 0464 01       		.byte	0x1
 2903 0465 80       		.byte	0x80
 2904 0466 40040000 		.4byte	0x440
 2905 046a 04       		.uleb128 0x4
 2906 046b 91       		.byte	0x91
 2907 046c A4B77F   		.sleb128 -9308
 2908 046f 10       		.uleb128 0x10
 2909 0470 FA010000 		.4byte	.LASF37
 2910 0474 01       		.byte	0x1
 2911 0475 80       		.byte	0x80
 2912 0476 5D000000 		.4byte	0x5d
 2913 047a 04       		.uleb128 0x4
 2914 047b 91       		.byte	0x91
 2915 047c A0B77F   		.sleb128 -9312
 2916 047f 11       		.uleb128 0x11
 2917 0480 A8010000 		.4byte	.LASF41
 2918 0484 01       		.byte	0x1
 2919 0485 82       		.byte	0x82
 2920 0486 5D000000 		.4byte	0x5d
 2921 048a 03       		.uleb128 0x3
ARM GAS  C:\Users\Calvi\AppData\Local\Temp\ccRQiKUu.s 			page 57


 2922 048b 91       		.byte	0x91
 2923 048c 8C7F     		.sleb128 -116
 2924 048e 11       		.uleb128 0x11
 2925 048f DD020000 		.4byte	.LASF42
 2926 0493 01       		.byte	0x1
 2927 0494 83       		.byte	0x83
 2928 0495 5D000000 		.4byte	0x5d
 2929 0499 02       		.uleb128 0x2
 2930 049a 91       		.byte	0x91
 2931 049b 6C       		.sleb128 -20
 2932 049c 11       		.uleb128 0x11
 2933 049d BE020000 		.4byte	.LASF43
 2934 04a1 01       		.byte	0x1
 2935 04a2 84       		.byte	0x84
 2936 04a3 5D000000 		.4byte	0x5d
 2937 04a7 02       		.uleb128 0x2
 2938 04a8 91       		.byte	0x91
 2939 04a9 68       		.sleb128 -24
 2940 04aa 11       		.uleb128 0x11
 2941 04ab 5A020000 		.4byte	.LASF44
 2942 04af 01       		.byte	0x1
 2943 04b0 85       		.byte	0x85
 2944 04b1 64020000 		.4byte	0x264
 2945 04b5 03       		.uleb128 0x3
 2946 04b6 91       		.byte	0x91
 2947 04b7 B87F     		.sleb128 -72
 2948 04b9 12       		.uleb128 0x12
 2949 04ba 4E000000 		.4byte	.LBB9
 2950 04be 920A0000 		.4byte	.LBE9-.LBB9
 2951 04c2 13       		.uleb128 0x13
 2952 04c3 6600     		.ascii	"f\000"
 2953 04c5 01       		.byte	0x1
 2954 04c6 87       		.byte	0x87
 2955 04c7 5D000000 		.4byte	0x5d
 2956 04cb 02       		.uleb128 0x2
 2957 04cc 91       		.byte	0x91
 2958 04cd 64       		.sleb128 -28
 2959 04ce 18       		.uleb128 0x18
 2960 04cf 18000000 		.4byte	.Ldebug_ranges0+0x18
 2961 04d3 11       		.uleb128 0x11
 2962 04d4 29020000 		.4byte	.LASF45
 2963 04d8 01       		.byte	0x1
 2964 04d9 88       		.byte	0x88
 2965 04da 5D000000 		.4byte	0x5d
 2966 04de 03       		.uleb128 0x3
 2967 04df 91       		.byte	0x91
 2968 04e0 B47F     		.sleb128 -76
 2969 04e2 11       		.uleb128 0x11
 2970 04e3 11020000 		.4byte	.LASF46
 2971 04e7 01       		.byte	0x1
 2972 04e8 89       		.byte	0x89
 2973 04e9 5D000000 		.4byte	0x5d
 2974 04ed 03       		.uleb128 0x3
 2975 04ee 91       		.byte	0x91
 2976 04ef B07F     		.sleb128 -80
 2977 04f1 13       		.uleb128 0x13
 2978 04f2 6700     		.ascii	"g\000"
ARM GAS  C:\Users\Calvi\AppData\Local\Temp\ccRQiKUu.s 			page 58


 2979 04f4 01       		.byte	0x1
 2980 04f5 8B       		.byte	0x8b
 2981 04f6 AD060000 		.4byte	0x6ad
 2982 04fa 04       		.uleb128 0x4
 2983 04fb 91       		.byte	0x91
 2984 04fc C8B97F   		.sleb128 -9016
 2985 04ff 11       		.uleb128 0x11
 2986 0500 1C000000 		.4byte	.LASF47
 2987 0504 01       		.byte	0x1
 2988 0505 8C       		.byte	0x8c
 2989 0506 C3060000 		.4byte	0x6c3
 2990 050a 03       		.uleb128 0x3
 2991 050b 91       		.byte	0x91
 2992 050c BC52     		.sleb128 -5828
 2993 050e 11       		.uleb128 0x11
 2994 050f C4020000 		.4byte	.LASF48
 2995 0513 01       		.byte	0x1
 2996 0514 8D       		.byte	0x8d
 2997 0515 DF060000 		.4byte	0x6df
 2998 0519 04       		.uleb128 0x4
 2999 051a 91       		.byte	0x91
 3000 051b A8B77F   		.sleb128 -9304
 3001 051e 11       		.uleb128 0x11
 3002 051f D6010000 		.4byte	.LASF49
 3003 0523 01       		.byte	0x1
 3004 0524 8E       		.byte	0x8e
 3005 0525 F5060000 		.4byte	0x6f5
 3006 0529 03       		.uleb128 0x3
 3007 052a 91       		.byte	0x91
 3008 052b A464     		.sleb128 -3548
 3009 052d 13       		.uleb128 0x13
 3010 052e 6F737A00 		.ascii	"osz\000"
 3011 0532 01       		.byte	0x1
 3012 0533 8F       		.byte	0x8f
 3013 0534 5D000000 		.4byte	0x5d
 3014 0538 02       		.uleb128 0x2
 3015 0539 91       		.byte	0x91
 3016 053a 60       		.sleb128 -32
 3017 053b 11       		.uleb128 0x11
 3018 053c EF000000 		.4byte	.LASF27
 3019 0540 01       		.byte	0x1
 3020 0541 B7       		.byte	0xb7
 3021 0542 06070000 		.4byte	0x706
 3022 0546 03       		.uleb128 0x3
 3023 0547 91       		.byte	0x91
 3024 0548 BC42     		.sleb128 -7876
 3025 054a 13       		.uleb128 0x13
 3026 054b 6C656E00 		.ascii	"len\000"
 3027 054f 01       		.byte	0x1
 3028 0550 B8       		.byte	0xb8
 3029 0551 5D000000 		.4byte	0x5d
 3030 0555 02       		.uleb128 0x2
 3031 0556 91       		.byte	0x91
 3032 0557 48       		.sleb128 -56
 3033 0558 13       		.uleb128 0x13
 3034 0559 7200     		.ascii	"r\000"
 3035 055b 01       		.byte	0x1
ARM GAS  C:\Users\Calvi\AppData\Local\Temp\ccRQiKUu.s 			page 59


 3036 055c B9       		.byte	0xb9
 3037 055d 5D000000 		.4byte	0x5d
 3038 0561 02       		.uleb128 0x2
 3039 0562 91       		.byte	0x91
 3040 0563 44       		.sleb128 -60
 3041 0564 13       		.uleb128 0x13
 3042 0565 6300     		.ascii	"c\000"
 3043 0567 01       		.byte	0x1
 3044 0568 B9       		.byte	0xb9
 3045 0569 5D000000 		.4byte	0x5d
 3046 056d 02       		.uleb128 0x2
 3047 056e 91       		.byte	0x91
 3048 056f 40       		.sleb128 -64
 3049 0570 17       		.uleb128 0x17
 3050 0571 9C000000 		.4byte	.LBB11
 3051 0575 48010000 		.4byte	.LBE11-.LBB11
 3052 0579 A0050000 		.4byte	0x5a0
 3053 057d 13       		.uleb128 0x13
 3054 057e 7200     		.ascii	"r\000"
 3055 0580 01       		.byte	0x1
 3056 0581 91       		.byte	0x91
 3057 0582 5D000000 		.4byte	0x5d
 3058 0586 02       		.uleb128 0x2
 3059 0587 91       		.byte	0x91
 3060 0588 5C       		.sleb128 -36
 3061 0589 12       		.uleb128 0x12
 3062 058a AA000000 		.4byte	.LBB12
 3063 058e 14010000 		.4byte	.LBE12-.LBB12
 3064 0592 13       		.uleb128 0x13
 3065 0593 6300     		.ascii	"c\000"
 3066 0595 01       		.byte	0x1
 3067 0596 92       		.byte	0x92
 3068 0597 5D000000 		.4byte	0x5d
 3069 059b 02       		.uleb128 0x2
 3070 059c 91       		.byte	0x91
 3071 059d 58       		.sleb128 -40
 3072 059e 00       		.byte	0
 3073 059f 00       		.byte	0
 3074 05a0 1A       		.uleb128 0x1a
 3075 05a1 30000000 		.4byte	.Ldebug_ranges0+0x30
 3076 05a5 43060000 		.4byte	0x643
 3077 05a9 11       		.uleb128 0x11
 3078 05aa 9A020000 		.4byte	.LASF32
 3079 05ae 01       		.byte	0x1
 3080 05af 9D       		.byte	0x9d
 3081 05b0 5D000000 		.4byte	0x5d
 3082 05b4 02       		.uleb128 0x2
 3083 05b5 91       		.byte	0x91
 3084 05b6 54       		.sleb128 -44
 3085 05b7 13       		.uleb128 0x13
 3086 05b8 6E00     		.ascii	"n\000"
 3087 05ba 01       		.byte	0x1
 3088 05bb A1       		.byte	0xa1
 3089 05bc 08010000 		.4byte	0x108
 3090 05c0 03       		.uleb128 0x3
 3091 05c1 91       		.byte	0x91
 3092 05c2 807F     		.sleb128 -128
ARM GAS  C:\Users\Calvi\AppData\Local\Temp\ccRQiKUu.s 			page 60


 3093 05c4 17       		.uleb128 0x17
 3094 05c5 AE020000 		.4byte	.LBB14
 3095 05c9 98000000 		.4byte	.LBE14-.LBB14
 3096 05cd DE050000 		.4byte	0x5de
 3097 05d1 13       		.uleb128 0x13
 3098 05d2 6900     		.ascii	"i\000"
 3099 05d4 01       		.byte	0x1
 3100 05d5 9E       		.byte	0x9e
 3101 05d6 5D000000 		.4byte	0x5d
 3102 05da 02       		.uleb128 0x2
 3103 05db 91       		.byte	0x91
 3104 05dc 50       		.sleb128 -48
 3105 05dd 00       		.byte	0
 3106 05de 12       		.uleb128 0x12
 3107 05df 48040000 		.4byte	.LBB15
 3108 05e3 90020000 		.4byte	.LBE15-.LBB15
 3109 05e7 13       		.uleb128 0x13
 3110 05e8 6400     		.ascii	"d\000"
 3111 05ea 01       		.byte	0x1
 3112 05eb A8       		.byte	0xa8
 3113 05ec 5D000000 		.4byte	0x5d
 3114 05f0 02       		.uleb128 0x2
 3115 05f1 91       		.byte	0x91
 3116 05f2 4C       		.sleb128 -52
 3117 05f3 12       		.uleb128 0x12
 3118 05f4 56040000 		.4byte	.LBB16
 3119 05f8 5C020000 		.4byte	.LBE16-.LBB16
 3120 05fc 13       		.uleb128 0x13
 3121 05fd 6E7200   		.ascii	"nr\000"
 3122 0600 01       		.byte	0x1
 3123 0601 A9       		.byte	0xa9
 3124 0602 5D000000 		.4byte	0x5d
 3125 0606 03       		.uleb128 0x3
 3126 0607 91       		.byte	0x91
 3127 0608 AC7F     		.sleb128 -84
 3128 060a 13       		.uleb128 0x13
 3129 060b 6E6300   		.ascii	"nc\000"
 3130 060e 01       		.byte	0x1
 3131 060f A9       		.byte	0xa9
 3132 0610 5D000000 		.4byte	0x5d
 3133 0614 03       		.uleb128 0x3
 3134 0615 91       		.byte	0x91
 3135 0616 A87F     		.sleb128 -88
 3136 0618 11       		.uleb128 0x11
 3137 0619 60020000 		.4byte	.LASF50
 3138 061d 01       		.byte	0x1
 3139 061e AB       		.byte	0xab
 3140 061f 5D000000 		.4byte	0x5d
 3141 0623 03       		.uleb128 0x3
 3142 0624 91       		.byte	0x91
 3143 0625 A47F     		.sleb128 -92
 3144 0627 12       		.uleb128 0x12
 3145 0628 68050000 		.4byte	.LBB17
 3146 062c 48010000 		.4byte	.LBE17-.LBB17
 3147 0630 11       		.uleb128 0x11
 3148 0631 E3020000 		.4byte	.LASF51
 3149 0635 01       		.byte	0x1
ARM GAS  C:\Users\Calvi\AppData\Local\Temp\ccRQiKUu.s 			page 61


 3150 0636 B0       		.byte	0xb0
 3151 0637 5D000000 		.4byte	0x5d
 3152 063b 03       		.uleb128 0x3
 3153 063c 91       		.byte	0x91
 3154 063d A07F     		.sleb128 -96
 3155 063f 00       		.byte	0
 3156 0640 00       		.byte	0
 3157 0641 00       		.byte	0
 3158 0642 00       		.byte	0
 3159 0643 17       		.uleb128 0x17
 3160 0644 1E070000 		.4byte	.LBB19
 3161 0648 36010000 		.4byte	.LBE19-.LBB19
 3162 064c 6D060000 		.4byte	0x66d
 3163 0650 13       		.uleb128 0x13
 3164 0651 707200   		.ascii	"pr\000"
 3165 0654 01       		.byte	0x1
 3166 0655 C1       		.byte	0xc1
 3167 0656 5D000000 		.4byte	0x5d
 3168 065a 03       		.uleb128 0x3
 3169 065b 91       		.byte	0x91
 3170 065c 9C7F     		.sleb128 -100
 3171 065e 13       		.uleb128 0x13
 3172 065f 706300   		.ascii	"pc\000"
 3173 0662 01       		.byte	0x1
 3174 0663 C2       		.byte	0xc2
 3175 0664 5D000000 		.4byte	0x5d
 3176 0668 03       		.uleb128 0x3
 3177 0669 91       		.byte	0x91
 3178 066a 987F     		.sleb128 -104
 3179 066c 00       		.byte	0
 3180 066d 12       		.uleb128 0x12
 3181 066e 94080000 		.4byte	.LBB20
 3182 0672 4E010000 		.4byte	.LBE20-.LBB20
 3183 0676 13       		.uleb128 0x13
 3184 0677 6900     		.ascii	"i\000"
 3185 0679 01       		.byte	0x1
 3186 067a C9       		.byte	0xc9
 3187 067b 5D000000 		.4byte	0x5d
 3188 067f 03       		.uleb128 0x3
 3189 0680 91       		.byte	0x91
 3190 0681 BC7F     		.sleb128 -68
 3191 0683 12       		.uleb128 0x12
 3192 0684 A2080000 		.4byte	.LBB21
 3193 0688 08010000 		.4byte	.LBE21-.LBB21
 3194 068c 13       		.uleb128 0x13
 3195 068d 747200   		.ascii	"tr\000"
 3196 0690 01       		.byte	0x1
 3197 0691 CA       		.byte	0xca
 3198 0692 5D000000 		.4byte	0x5d
 3199 0696 03       		.uleb128 0x3
 3200 0697 91       		.byte	0x91
 3201 0698 947F     		.sleb128 -108
 3202 069a 13       		.uleb128 0x13
 3203 069b 746300   		.ascii	"tc\000"
 3204 069e 01       		.byte	0x1
 3205 069f CA       		.byte	0xca
 3206 06a0 5D000000 		.4byte	0x5d
ARM GAS  C:\Users\Calvi\AppData\Local\Temp\ccRQiKUu.s 			page 62


 3207 06a4 03       		.uleb128 0x3
 3208 06a5 91       		.byte	0x91
 3209 06a6 907F     		.sleb128 -112
 3210 06a8 00       		.byte	0
 3211 06a9 00       		.byte	0
 3212 06aa 00       		.byte	0
 3213 06ab 00       		.byte	0
 3214 06ac 00       		.byte	0
 3215 06ad 14       		.uleb128 0x14
 3216 06ae 5D000000 		.4byte	0x5d
 3217 06b2 C3060000 		.4byte	0x6c3
 3218 06b6 15       		.uleb128 0x15
 3219 06b7 C8000000 		.4byte	0xc8
 3220 06bb 0E       		.byte	0xe
 3221 06bc 15       		.uleb128 0x15
 3222 06bd C8000000 		.4byte	0xc8
 3223 06c1 12       		.byte	0x12
 3224 06c2 00       		.byte	0
 3225 06c3 14       		.uleb128 0x14
 3226 06c4 5D000000 		.4byte	0x5d
 3227 06c8 DF060000 		.4byte	0x6df
 3228 06cc 15       		.uleb128 0x15
 3229 06cd C8000000 		.4byte	0xc8
 3230 06d1 0E       		.byte	0xe
 3231 06d2 15       		.uleb128 0x15
 3232 06d3 C8000000 		.4byte	0xc8
 3233 06d7 12       		.byte	0x12
 3234 06d8 15       		.uleb128 0x15
 3235 06d9 C8000000 		.4byte	0xc8
 3236 06dd 01       		.byte	0x1
 3237 06de 00       		.byte	0
 3238 06df 14       		.uleb128 0x14
 3239 06e0 67010000 		.4byte	0x167
 3240 06e4 F5060000 		.4byte	0x6f5
 3241 06e8 15       		.uleb128 0x15
 3242 06e9 C8000000 		.4byte	0xc8
 3243 06ed 0E       		.byte	0xe
 3244 06ee 15       		.uleb128 0x15
 3245 06ef C8000000 		.4byte	0xc8
 3246 06f3 12       		.byte	0x12
 3247 06f4 00       		.byte	0
 3248 06f5 14       		.uleb128 0x14
 3249 06f6 08010000 		.4byte	0x108
 3250 06fa 06070000 		.4byte	0x706
 3251 06fe 1B       		.uleb128 0x1b
 3252 06ff C8000000 		.4byte	0xc8
 3253 0703 1C01     		.2byte	0x11c
 3254 0705 00       		.byte	0
 3255 0706 14       		.uleb128 0x14
 3256 0707 5D000000 		.4byte	0x5d
 3257 070b 1C070000 		.4byte	0x71c
 3258 070f 15       		.uleb128 0x15
 3259 0710 C8000000 		.4byte	0xc8
 3260 0714 FF       		.byte	0xff
 3261 0715 15       		.uleb128 0x15
 3262 0716 C8000000 		.4byte	0xc8
 3263 071a 01       		.byte	0x1
ARM GAS  C:\Users\Calvi\AppData\Local\Temp\ccRQiKUu.s 			page 63


 3264 071b 00       		.byte	0
 3265 071c 14       		.uleb128 0x14
 3266 071d 64020000 		.4byte	0x264
 3267 0721 2C070000 		.4byte	0x72c
 3268 0725 15       		.uleb128 0x15
 3269 0726 C8000000 		.4byte	0xc8
 3270 072a 03       		.byte	0x3
 3271 072b 00       		.byte	0
 3272 072c 11       		.uleb128 0x11
 3273 072d 76020000 		.4byte	.LASF52
 3274 0731 01       		.byte	0x1
 3275 0732 18       		.byte	0x18
 3276 0733 3D070000 		.4byte	0x73d
 3277 0737 05       		.uleb128 0x5
 3278 0738 03       		.byte	0x3
 3279 0739 00000000 		.4byte	drow
 3280 073d 0A       		.uleb128 0xa
 3281 073e 1C070000 		.4byte	0x71c
 3282 0742 11       		.uleb128 0x11
 3283 0743 8B010000 		.4byte	.LASF53
 3284 0747 01       		.byte	0x1
 3285 0748 19       		.byte	0x19
 3286 0749 53070000 		.4byte	0x753
 3287 074d 05       		.uleb128 0x5
 3288 074e 03       		.byte	0x3
 3289 074f 10000000 		.4byte	dcol
 3290 0753 0A       		.uleb128 0xa
 3291 0754 1C070000 		.4byte	0x71c
 3292 0758 14       		.uleb128 0x14
 3293 0759 2C000000 		.4byte	0x2c
 3294 075d 6E070000 		.4byte	0x76e
 3295 0761 15       		.uleb128 0x15
 3296 0762 C8000000 		.4byte	0xc8
 3297 0766 0E       		.byte	0xe
 3298 0767 15       		.uleb128 0x15
 3299 0768 C8000000 		.4byte	0xc8
 3300 076c 12       		.byte	0x12
 3301 076d 00       		.byte	0
 3302 076e 1C       		.uleb128 0x1c
 3303 076f 6D617000 		.ascii	"map\000"
 3304 0773 03       		.byte	0x3
 3305 0774 01       		.byte	0x1
 3306 0775 58070000 		.4byte	0x758
 3307 0779 05       		.uleb128 0x5
 3308 077a 03       		.byte	0x3
 3309 077b 00000000 		.4byte	map
 3310 077f 14       		.uleb128 0x14
 3311 0780 2C000000 		.4byte	0x2c
 3312 0784 8F070000 		.4byte	0x78f
 3313 0788 15       		.uleb128 0x15
 3314 0789 C8000000 		.4byte	0xc8
 3315 078d 01       		.byte	0x1
 3316 078e 00       		.byte	0
 3317 078f 1D       		.uleb128 0x1d
 3318 0790 90020000 		.4byte	.LASF54
 3319 0794 03       		.byte	0x3
 3320 0795 13       		.byte	0x13
ARM GAS  C:\Users\Calvi\AppData\Local\Temp\ccRQiKUu.s 			page 64


 3321 0796 7F070000 		.4byte	0x77f
 3322 079a 05       		.uleb128 0x5
 3323 079b 03       		.byte	0x3
 3324 079c 00000000 		.4byte	start_pos
 3325 07a0 14       		.uleb128 0x14
 3326 07a1 2C000000 		.4byte	0x2c
 3327 07a5 B6070000 		.4byte	0x7b6
 3328 07a9 15       		.uleb128 0x15
 3329 07aa C8000000 		.4byte	0xc8
 3330 07ae 04       		.byte	0x4
 3331 07af 15       		.uleb128 0x15
 3332 07b0 C8000000 		.4byte	0xc8
 3333 07b4 01       		.byte	0x1
 3334 07b5 00       		.byte	0
 3335 07b6 1D       		.uleb128 0x1d
 3336 07b7 D3020000 		.4byte	.LASF55
 3337 07bb 03       		.byte	0x3
 3338 07bc 14       		.byte	0x14
 3339 07bd A0070000 		.4byte	0x7a0
 3340 07c1 05       		.uleb128 0x5
 3341 07c2 03       		.byte	0x3
 3342 07c3 00000000 		.4byte	food_list
 3343 07c7 00       		.byte	0
 3344              		.section	.debug_abbrev,"",%progbits
 3345              	.Ldebug_abbrev0:
 3346 0000 01       		.uleb128 0x1
 3347 0001 11       		.uleb128 0x11
 3348 0002 01       		.byte	0x1
 3349 0003 25       		.uleb128 0x25
 3350 0004 0E       		.uleb128 0xe
 3351 0005 13       		.uleb128 0x13
 3352 0006 0B       		.uleb128 0xb
 3353 0007 03       		.uleb128 0x3
 3354 0008 0E       		.uleb128 0xe
 3355 0009 1B       		.uleb128 0x1b
 3356 000a 0E       		.uleb128 0xe
 3357 000b 55       		.uleb128 0x55
 3358 000c 17       		.uleb128 0x17
 3359 000d 11       		.uleb128 0x11
 3360 000e 01       		.uleb128 0x1
 3361 000f 10       		.uleb128 0x10
 3362 0010 17       		.uleb128 0x17
 3363 0011 00       		.byte	0
 3364 0012 00       		.byte	0
 3365 0013 02       		.uleb128 0x2
 3366 0014 24       		.uleb128 0x24
 3367 0015 00       		.byte	0
 3368 0016 0B       		.uleb128 0xb
 3369 0017 0B       		.uleb128 0xb
 3370 0018 3E       		.uleb128 0x3e
 3371 0019 0B       		.uleb128 0xb
 3372 001a 03       		.uleb128 0x3
 3373 001b 0E       		.uleb128 0xe
 3374 001c 00       		.byte	0
 3375 001d 00       		.byte	0
 3376 001e 03       		.uleb128 0x3
 3377 001f 24       		.uleb128 0x24
ARM GAS  C:\Users\Calvi\AppData\Local\Temp\ccRQiKUu.s 			page 65


 3378 0020 00       		.byte	0
 3379 0021 0B       		.uleb128 0xb
 3380 0022 0B       		.uleb128 0xb
 3381 0023 3E       		.uleb128 0x3e
 3382 0024 0B       		.uleb128 0xb
 3383 0025 03       		.uleb128 0x3
 3384 0026 08       		.uleb128 0x8
 3385 0027 00       		.byte	0
 3386 0028 00       		.byte	0
 3387 0029 04       		.uleb128 0x4
 3388 002a 04       		.uleb128 0x4
 3389 002b 01       		.byte	0x1
 3390 002c 0B       		.uleb128 0xb
 3391 002d 0B       		.uleb128 0xb
 3392 002e 49       		.uleb128 0x49
 3393 002f 13       		.uleb128 0x13
 3394 0030 3A       		.uleb128 0x3a
 3395 0031 0B       		.uleb128 0xb
 3396 0032 3B       		.uleb128 0x3b
 3397 0033 0B       		.uleb128 0xb
 3398 0034 01       		.uleb128 0x1
 3399 0035 13       		.uleb128 0x13
 3400 0036 00       		.byte	0
 3401 0037 00       		.byte	0
 3402 0038 05       		.uleb128 0x5
 3403 0039 28       		.uleb128 0x28
 3404 003a 00       		.byte	0
 3405 003b 03       		.uleb128 0x3
 3406 003c 0E       		.uleb128 0xe
 3407 003d 1C       		.uleb128 0x1c
 3408 003e 0B       		.uleb128 0xb
 3409 003f 00       		.byte	0
 3410 0040 00       		.byte	0
 3411 0041 06       		.uleb128 0x6
 3412 0042 16       		.uleb128 0x16
 3413 0043 00       		.byte	0
 3414 0044 03       		.uleb128 0x3
 3415 0045 0E       		.uleb128 0xe
 3416 0046 3A       		.uleb128 0x3a
 3417 0047 0B       		.uleb128 0xb
 3418 0048 3B       		.uleb128 0x3b
 3419 0049 0B       		.uleb128 0xb
 3420 004a 49       		.uleb128 0x49
 3421 004b 13       		.uleb128 0x13
 3422 004c 00       		.byte	0
 3423 004d 00       		.byte	0
 3424 004e 07       		.uleb128 0x7
 3425 004f 13       		.uleb128 0x13
 3426 0050 01       		.byte	0x1
 3427 0051 0B       		.uleb128 0xb
 3428 0052 0B       		.uleb128 0xb
 3429 0053 3A       		.uleb128 0x3a
 3430 0054 0B       		.uleb128 0xb
 3431 0055 3B       		.uleb128 0x3b
 3432 0056 0B       		.uleb128 0xb
 3433 0057 01       		.uleb128 0x1
 3434 0058 13       		.uleb128 0x13
ARM GAS  C:\Users\Calvi\AppData\Local\Temp\ccRQiKUu.s 			page 66


 3435 0059 00       		.byte	0
 3436 005a 00       		.byte	0
 3437 005b 08       		.uleb128 0x8
 3438 005c 0D       		.uleb128 0xd
 3439 005d 00       		.byte	0
 3440 005e 03       		.uleb128 0x3
 3441 005f 0E       		.uleb128 0xe
 3442 0060 3A       		.uleb128 0x3a
 3443 0061 0B       		.uleb128 0xb
 3444 0062 3B       		.uleb128 0x3b
 3445 0063 0B       		.uleb128 0xb
 3446 0064 49       		.uleb128 0x49
 3447 0065 13       		.uleb128 0x13
 3448 0066 38       		.uleb128 0x38
 3449 0067 0B       		.uleb128 0xb
 3450 0068 00       		.byte	0
 3451 0069 00       		.byte	0
 3452 006a 09       		.uleb128 0x9
 3453 006b 0F       		.uleb128 0xf
 3454 006c 00       		.byte	0
 3455 006d 0B       		.uleb128 0xb
 3456 006e 0B       		.uleb128 0xb
 3457 006f 49       		.uleb128 0x49
 3458 0070 13       		.uleb128 0x13
 3459 0071 00       		.byte	0
 3460 0072 00       		.byte	0
 3461 0073 0A       		.uleb128 0xa
 3462 0074 26       		.uleb128 0x26
 3463 0075 00       		.byte	0
 3464 0076 49       		.uleb128 0x49
 3465 0077 13       		.uleb128 0x13
 3466 0078 00       		.byte	0
 3467 0079 00       		.byte	0
 3468 007a 0B       		.uleb128 0xb
 3469 007b 0D       		.uleb128 0xd
 3470 007c 00       		.byte	0
 3471 007d 03       		.uleb128 0x3
 3472 007e 08       		.uleb128 0x8
 3473 007f 3A       		.uleb128 0x3a
 3474 0080 0B       		.uleb128 0xb
 3475 0081 3B       		.uleb128 0x3b
 3476 0082 0B       		.uleb128 0xb
 3477 0083 49       		.uleb128 0x49
 3478 0084 13       		.uleb128 0x13
 3479 0085 38       		.uleb128 0x38
 3480 0086 0B       		.uleb128 0xb
 3481 0087 00       		.byte	0
 3482 0088 00       		.byte	0
 3483 0089 0C       		.uleb128 0xc
 3484 008a 2E       		.uleb128 0x2e
 3485 008b 01       		.byte	0x1
 3486 008c 03       		.uleb128 0x3
 3487 008d 0E       		.uleb128 0xe
 3488 008e 3A       		.uleb128 0x3a
 3489 008f 0B       		.uleb128 0xb
 3490 0090 3B       		.uleb128 0x3b
 3491 0091 0B       		.uleb128 0xb
ARM GAS  C:\Users\Calvi\AppData\Local\Temp\ccRQiKUu.s 			page 67


 3492 0092 27       		.uleb128 0x27
 3493 0093 19       		.uleb128 0x19
 3494 0094 11       		.uleb128 0x11
 3495 0095 01       		.uleb128 0x1
 3496 0096 12       		.uleb128 0x12
 3497 0097 06       		.uleb128 0x6
 3498 0098 40       		.uleb128 0x40
 3499 0099 18       		.uleb128 0x18
 3500 009a 9642     		.uleb128 0x2116
 3501 009c 19       		.uleb128 0x19
 3502 009d 01       		.uleb128 0x1
 3503 009e 13       		.uleb128 0x13
 3504 009f 00       		.byte	0
 3505 00a0 00       		.byte	0
 3506 00a1 0D       		.uleb128 0xd
 3507 00a2 05       		.uleb128 0x5
 3508 00a3 00       		.byte	0
 3509 00a4 03       		.uleb128 0x3
 3510 00a5 08       		.uleb128 0x8
 3511 00a6 3A       		.uleb128 0x3a
 3512 00a7 0B       		.uleb128 0xb
 3513 00a8 3B       		.uleb128 0x3b
 3514 00a9 0B       		.uleb128 0xb
 3515 00aa 49       		.uleb128 0x49
 3516 00ab 13       		.uleb128 0x13
 3517 00ac 02       		.uleb128 0x2
 3518 00ad 18       		.uleb128 0x18
 3519 00ae 00       		.byte	0
 3520 00af 00       		.byte	0
 3521 00b0 0E       		.uleb128 0xe
 3522 00b1 2E       		.uleb128 0x2e
 3523 00b2 01       		.byte	0x1
 3524 00b3 03       		.uleb128 0x3
 3525 00b4 0E       		.uleb128 0xe
 3526 00b5 3A       		.uleb128 0x3a
 3527 00b6 0B       		.uleb128 0xb
 3528 00b7 3B       		.uleb128 0x3b
 3529 00b8 0B       		.uleb128 0xb
 3530 00b9 27       		.uleb128 0x27
 3531 00ba 19       		.uleb128 0x19
 3532 00bb 49       		.uleb128 0x49
 3533 00bc 13       		.uleb128 0x13
 3534 00bd 11       		.uleb128 0x11
 3535 00be 01       		.uleb128 0x1
 3536 00bf 12       		.uleb128 0x12
 3537 00c0 06       		.uleb128 0x6
 3538 00c1 40       		.uleb128 0x40
 3539 00c2 18       		.uleb128 0x18
 3540 00c3 9742     		.uleb128 0x2117
 3541 00c5 19       		.uleb128 0x19
 3542 00c6 01       		.uleb128 0x1
 3543 00c7 13       		.uleb128 0x13
 3544 00c8 00       		.byte	0
 3545 00c9 00       		.byte	0
 3546 00ca 0F       		.uleb128 0xf
 3547 00cb 2E       		.uleb128 0x2e
 3548 00cc 01       		.byte	0x1
ARM GAS  C:\Users\Calvi\AppData\Local\Temp\ccRQiKUu.s 			page 68


 3549 00cd 03       		.uleb128 0x3
 3550 00ce 0E       		.uleb128 0xe
 3551 00cf 3A       		.uleb128 0x3a
 3552 00d0 0B       		.uleb128 0xb
 3553 00d1 3B       		.uleb128 0x3b
 3554 00d2 0B       		.uleb128 0xb
 3555 00d3 27       		.uleb128 0x27
 3556 00d4 19       		.uleb128 0x19
 3557 00d5 49       		.uleb128 0x49
 3558 00d6 13       		.uleb128 0x13
 3559 00d7 11       		.uleb128 0x11
 3560 00d8 01       		.uleb128 0x1
 3561 00d9 12       		.uleb128 0x12
 3562 00da 06       		.uleb128 0x6
 3563 00db 40       		.uleb128 0x40
 3564 00dc 18       		.uleb128 0x18
 3565 00dd 9642     		.uleb128 0x2116
 3566 00df 19       		.uleb128 0x19
 3567 00e0 01       		.uleb128 0x1
 3568 00e1 13       		.uleb128 0x13
 3569 00e2 00       		.byte	0
 3570 00e3 00       		.byte	0
 3571 00e4 10       		.uleb128 0x10
 3572 00e5 05       		.uleb128 0x5
 3573 00e6 00       		.byte	0
 3574 00e7 03       		.uleb128 0x3
 3575 00e8 0E       		.uleb128 0xe
 3576 00e9 3A       		.uleb128 0x3a
 3577 00ea 0B       		.uleb128 0xb
 3578 00eb 3B       		.uleb128 0x3b
 3579 00ec 0B       		.uleb128 0xb
 3580 00ed 49       		.uleb128 0x49
 3581 00ee 13       		.uleb128 0x13
 3582 00ef 02       		.uleb128 0x2
 3583 00f0 18       		.uleb128 0x18
 3584 00f1 00       		.byte	0
 3585 00f2 00       		.byte	0
 3586 00f3 11       		.uleb128 0x11
 3587 00f4 34       		.uleb128 0x34
 3588 00f5 00       		.byte	0
 3589 00f6 03       		.uleb128 0x3
 3590 00f7 0E       		.uleb128 0xe
 3591 00f8 3A       		.uleb128 0x3a
 3592 00f9 0B       		.uleb128 0xb
 3593 00fa 3B       		.uleb128 0x3b
 3594 00fb 0B       		.uleb128 0xb
 3595 00fc 49       		.uleb128 0x49
 3596 00fd 13       		.uleb128 0x13
 3597 00fe 02       		.uleb128 0x2
 3598 00ff 18       		.uleb128 0x18
 3599 0100 00       		.byte	0
 3600 0101 00       		.byte	0
 3601 0102 12       		.uleb128 0x12
 3602 0103 0B       		.uleb128 0xb
 3603 0104 01       		.byte	0x1
 3604 0105 11       		.uleb128 0x11
 3605 0106 01       		.uleb128 0x1
ARM GAS  C:\Users\Calvi\AppData\Local\Temp\ccRQiKUu.s 			page 69


 3606 0107 12       		.uleb128 0x12
 3607 0108 06       		.uleb128 0x6
 3608 0109 00       		.byte	0
 3609 010a 00       		.byte	0
 3610 010b 13       		.uleb128 0x13
 3611 010c 34       		.uleb128 0x34
 3612 010d 00       		.byte	0
 3613 010e 03       		.uleb128 0x3
 3614 010f 08       		.uleb128 0x8
 3615 0110 3A       		.uleb128 0x3a
 3616 0111 0B       		.uleb128 0xb
 3617 0112 3B       		.uleb128 0x3b
 3618 0113 0B       		.uleb128 0xb
 3619 0114 49       		.uleb128 0x49
 3620 0115 13       		.uleb128 0x13
 3621 0116 02       		.uleb128 0x2
 3622 0117 18       		.uleb128 0x18
 3623 0118 00       		.byte	0
 3624 0119 00       		.byte	0
 3625 011a 14       		.uleb128 0x14
 3626 011b 01       		.uleb128 0x1
 3627 011c 01       		.byte	0x1
 3628 011d 49       		.uleb128 0x49
 3629 011e 13       		.uleb128 0x13
 3630 011f 01       		.uleb128 0x1
 3631 0120 13       		.uleb128 0x13
 3632 0121 00       		.byte	0
 3633 0122 00       		.byte	0
 3634 0123 15       		.uleb128 0x15
 3635 0124 21       		.uleb128 0x21
 3636 0125 00       		.byte	0
 3637 0126 49       		.uleb128 0x49
 3638 0127 13       		.uleb128 0x13
 3639 0128 2F       		.uleb128 0x2f
 3640 0129 0B       		.uleb128 0xb
 3641 012a 00       		.byte	0
 3642 012b 00       		.byte	0
 3643 012c 16       		.uleb128 0x16
 3644 012d 2E       		.uleb128 0x2e
 3645 012e 01       		.byte	0x1
 3646 012f 03       		.uleb128 0x3
 3647 0130 0E       		.uleb128 0xe
 3648 0131 3A       		.uleb128 0x3a
 3649 0132 0B       		.uleb128 0xb
 3650 0133 3B       		.uleb128 0x3b
 3651 0134 0B       		.uleb128 0xb
 3652 0135 27       		.uleb128 0x27
 3653 0136 19       		.uleb128 0x19
 3654 0137 11       		.uleb128 0x11
 3655 0138 01       		.uleb128 0x1
 3656 0139 12       		.uleb128 0x12
 3657 013a 06       		.uleb128 0x6
 3658 013b 40       		.uleb128 0x40
 3659 013c 18       		.uleb128 0x18
 3660 013d 9742     		.uleb128 0x2117
 3661 013f 19       		.uleb128 0x19
 3662 0140 01       		.uleb128 0x1
ARM GAS  C:\Users\Calvi\AppData\Local\Temp\ccRQiKUu.s 			page 70


 3663 0141 13       		.uleb128 0x13
 3664 0142 00       		.byte	0
 3665 0143 00       		.byte	0
 3666 0144 17       		.uleb128 0x17
 3667 0145 0B       		.uleb128 0xb
 3668 0146 01       		.byte	0x1
 3669 0147 11       		.uleb128 0x11
 3670 0148 01       		.uleb128 0x1
 3671 0149 12       		.uleb128 0x12
 3672 014a 06       		.uleb128 0x6
 3673 014b 01       		.uleb128 0x1
 3674 014c 13       		.uleb128 0x13
 3675 014d 00       		.byte	0
 3676 014e 00       		.byte	0
 3677 014f 18       		.uleb128 0x18
 3678 0150 0B       		.uleb128 0xb
 3679 0151 01       		.byte	0x1
 3680 0152 55       		.uleb128 0x55
 3681 0153 17       		.uleb128 0x17
 3682 0154 00       		.byte	0
 3683 0155 00       		.byte	0
 3684 0156 19       		.uleb128 0x19
 3685 0157 2E       		.uleb128 0x2e
 3686 0158 01       		.byte	0x1
 3687 0159 3F       		.uleb128 0x3f
 3688 015a 19       		.uleb128 0x19
 3689 015b 03       		.uleb128 0x3
 3690 015c 0E       		.uleb128 0xe
 3691 015d 3A       		.uleb128 0x3a
 3692 015e 0B       		.uleb128 0xb
 3693 015f 3B       		.uleb128 0x3b
 3694 0160 0B       		.uleb128 0xb
 3695 0161 27       		.uleb128 0x27
 3696 0162 19       		.uleb128 0x19
 3697 0163 49       		.uleb128 0x49
 3698 0164 13       		.uleb128 0x13
 3699 0165 11       		.uleb128 0x11
 3700 0166 01       		.uleb128 0x1
 3701 0167 12       		.uleb128 0x12
 3702 0168 06       		.uleb128 0x6
 3703 0169 40       		.uleb128 0x40
 3704 016a 18       		.uleb128 0x18
 3705 016b 9642     		.uleb128 0x2116
 3706 016d 19       		.uleb128 0x19
 3707 016e 01       		.uleb128 0x1
 3708 016f 13       		.uleb128 0x13
 3709 0170 00       		.byte	0
 3710 0171 00       		.byte	0
 3711 0172 1A       		.uleb128 0x1a
 3712 0173 0B       		.uleb128 0xb
 3713 0174 01       		.byte	0x1
 3714 0175 55       		.uleb128 0x55
 3715 0176 17       		.uleb128 0x17
 3716 0177 01       		.uleb128 0x1
 3717 0178 13       		.uleb128 0x13
 3718 0179 00       		.byte	0
 3719 017a 00       		.byte	0
ARM GAS  C:\Users\Calvi\AppData\Local\Temp\ccRQiKUu.s 			page 71


 3720 017b 1B       		.uleb128 0x1b
 3721 017c 21       		.uleb128 0x21
 3722 017d 00       		.byte	0
 3723 017e 49       		.uleb128 0x49
 3724 017f 13       		.uleb128 0x13
 3725 0180 2F       		.uleb128 0x2f
 3726 0181 05       		.uleb128 0x5
 3727 0182 00       		.byte	0
 3728 0183 00       		.byte	0
 3729 0184 1C       		.uleb128 0x1c
 3730 0185 34       		.uleb128 0x34
 3731 0186 00       		.byte	0
 3732 0187 03       		.uleb128 0x3
 3733 0188 08       		.uleb128 0x8
 3734 0189 3A       		.uleb128 0x3a
 3735 018a 0B       		.uleb128 0xb
 3736 018b 3B       		.uleb128 0x3b
 3737 018c 0B       		.uleb128 0xb
 3738 018d 49       		.uleb128 0x49
 3739 018e 13       		.uleb128 0x13
 3740 018f 3F       		.uleb128 0x3f
 3741 0190 19       		.uleb128 0x19
 3742 0191 02       		.uleb128 0x2
 3743 0192 18       		.uleb128 0x18
 3744 0193 00       		.byte	0
 3745 0194 00       		.byte	0
 3746 0195 1D       		.uleb128 0x1d
 3747 0196 34       		.uleb128 0x34
 3748 0197 00       		.byte	0
 3749 0198 03       		.uleb128 0x3
 3750 0199 0E       		.uleb128 0xe
 3751 019a 3A       		.uleb128 0x3a
 3752 019b 0B       		.uleb128 0xb
 3753 019c 3B       		.uleb128 0x3b
 3754 019d 0B       		.uleb128 0xb
 3755 019e 49       		.uleb128 0x49
 3756 019f 13       		.uleb128 0x13
 3757 01a0 3F       		.uleb128 0x3f
 3758 01a1 19       		.uleb128 0x19
 3759 01a2 02       		.uleb128 0x2
 3760 01a3 18       		.uleb128 0x18
 3761 01a4 00       		.byte	0
 3762 01a5 00       		.byte	0
 3763 01a6 00       		.byte	0
 3764              		.section	.debug_aranges,"",%progbits
 3765 0000 54000000 		.4byte	0x54
 3766 0004 0200     		.2byte	0x2
 3767 0006 00000000 		.4byte	.Ldebug_info0
 3768 000a 04       		.byte	0x4
 3769 000b 00       		.byte	0
 3770 000c 0000     		.2byte	0
 3771 000e 0000     		.2byte	0
 3772 0010 00000000 		.4byte	.LFB1
 3773 0014 16000000 		.4byte	.LFE1-.LFB1
 3774 0018 00000000 		.4byte	.LFB2
 3775 001c 38000000 		.4byte	.LFE2-.LFB2
 3776 0020 00000000 		.4byte	.LFB3
ARM GAS  C:\Users\Calvi\AppData\Local\Temp\ccRQiKUu.s 			page 72


 3777 0024 4C000000 		.4byte	.LFE3-.LFB3
 3778 0028 00000000 		.4byte	.LFB4
 3779 002c 34000000 		.4byte	.LFE4-.LFB4
 3780 0030 00000000 		.4byte	.LFB5
 3781 0034 A0000000 		.4byte	.LFE5-.LFB5
 3782 0038 00000000 		.4byte	.LFB6
 3783 003c D0000000 		.4byte	.LFE6-.LFB6
 3784 0040 00000000 		.4byte	.LFB7
 3785 0044 E8010000 		.4byte	.LFE7-.LFB7
 3786 0048 00000000 		.4byte	.LFB8
 3787 004c F60A0000 		.4byte	.LFE8-.LFB8
 3788 0050 00000000 		.4byte	0
 3789 0054 00000000 		.4byte	0
 3790              		.section	.debug_ranges,"",%progbits
 3791              	.Ldebug_ranges0:
 3792 0000 96000000 		.4byte	.LBB6
 3793 0004 B8010000 		.4byte	.LBE6
 3794 0008 CA010000 		.4byte	.LBB8
 3795 000c CC010000 		.4byte	.LBE8
 3796 0010 00000000 		.4byte	0
 3797 0014 00000000 		.4byte	0
 3798 0018 5E000000 		.4byte	.LBB10
 3799 001c 960A0000 		.4byte	.LBE10
 3800 0020 DE0A0000 		.4byte	.LBB22
 3801 0024 E00A0000 		.4byte	.LBE22
 3802 0028 00000000 		.4byte	0
 3803 002c 00000000 		.4byte	0
 3804 0030 A2020000 		.4byte	.LBB13
 3805 0034 D8060000 		.4byte	.LBE13
 3806 0038 E6060000 		.4byte	.LBB18
 3807 003c E8060000 		.4byte	.LBE18
 3808 0040 00000000 		.4byte	0
 3809 0044 00000000 		.4byte	0
 3810 0048 00000000 		.4byte	.LFB1
 3811 004c 16000000 		.4byte	.LFE1
 3812 0050 00000000 		.4byte	.LFB2
 3813 0054 38000000 		.4byte	.LFE2
 3814 0058 00000000 		.4byte	.LFB3
 3815 005c 4C000000 		.4byte	.LFE3
 3816 0060 00000000 		.4byte	.LFB4
 3817 0064 34000000 		.4byte	.LFE4
 3818 0068 00000000 		.4byte	.LFB5
 3819 006c A0000000 		.4byte	.LFE5
 3820 0070 00000000 		.4byte	.LFB6
 3821 0074 D0000000 		.4byte	.LFE6
 3822 0078 00000000 		.4byte	.LFB7
 3823 007c E8010000 		.4byte	.LFE7
 3824 0080 00000000 		.4byte	.LFB8
 3825 0084 F60A0000 		.4byte	.LFE8
 3826 0088 00000000 		.4byte	0
 3827 008c 00000000 		.4byte	0
 3828              		.section	.debug_line,"",%progbits
 3829              	.Ldebug_line0:
 3830 0000 DF020000 		.section	.debug_str,"MS",%progbits,1
 3830      02004E00 
 3830      00000201 
 3830      FB0E0D00 
ARM GAS  C:\Users\Calvi\AppData\Local\Temp\ccRQiKUu.s 			page 73


 3830      01010101 
 3831              	.LASF35:
 3832 0000 696E7374 		.ascii	"instr\000"
 3832      7200
 3833              	.LASF57:
 3834 0006 6D61705F 		.ascii	"map_to_instructions.c\000"
 3834      746F5F69 
 3834      6E737472 
 3834      75637469 
 3834      6F6E732E 
 3835              	.LASF47:
 3836 001c 70726576 		.ascii	"prev\000"
 3836      00
 3837              	.LASF19:
 3838 0021 74797065 		.ascii	"type\000"
 3838      00
 3839              	.LASF56:
 3840 0026 474E5520 		.ascii	"GNU C11 5.4.1 20160609 (release) [ARM/embedded-5-br"
 3840      43313120 
 3840      352E342E 
 3840      31203230 
 3840      31363036 
 3841 0059 616E6368 		.ascii	"anch revision 237715] -mcpu=cortex-m3 -mthumb -g -O"
 3841      20726576 
 3841      6973696F 
 3841      6E203233 
 3841      37373135 
 3842 008c 30202D66 		.ascii	"0 -ffunction-sections -ffat-lto-objects\000"
 3842      66756E63 
 3842      74696F6E 
 3842      2D736563 
 3842      74696F6E 
 3843              	.LASF58:
 3844 00b4 433A5C55 		.ascii	"C:\\Users\\Calvi\\Desktop\\301\\psoc firmware\\CS30"
 3844      73657273 
 3844      5C43616C 
 3844      76695C44 
 3844      65736B74 
 3845 00e1 315F436C 		.ascii	"1_Class.cydsn\000"
 3845      6173732E 
 3845      63796473 
 3845      6E00
 3846              	.LASF27:
 3847 00ef 70617468 		.ascii	"path\000"
 3847      00
 3848              	.LASF7:
 3849 00f4 6C6F6E67 		.ascii	"long long unsigned int\000"
 3849      206C6F6E 
 3849      6720756E 
 3849      7369676E 
 3849      65642069 
 3850              	.LASF40:
 3851 010b 64696666 		.ascii	"diff\000"
 3851      00
 3852              	.LASF6:
 3853 0110 6C6F6E67 		.ascii	"long long int\000"
 3853      206C6F6E 
ARM GAS  C:\Users\Calvi\AppData\Local\Temp\ccRQiKUu.s 			page 74


 3853      6720696E 
 3853      7400
 3854              	.LASF0:
 3855 011e 7369676E 		.ascii	"signed char\000"
 3855      65642063 
 3855      68617200 
 3856              	.LASF11:
 3857 012a 69524947 		.ascii	"iRIGHT\000"
 3857      485400
 3858              	.LASF20:
 3859 0131 4E6F6465 		.ascii	"Node\000"
 3859      00
 3860              	.LASF4:
 3861 0136 6C6F6E67 		.ascii	"long int\000"
 3861      20696E74 
 3861      00
 3862              	.LASF23:
 3863 013f 69735F66 		.ascii	"is_free\000"
 3863      72656500 
 3864              	.LASF36:
 3865 0147 636F756E 		.ascii	"count\000"
 3865      7400
 3866              	.LASF15:
 3867 014d 526F626F 		.ascii	"RobotInstr\000"
 3867      74496E73 
 3867      747200
 3868              	.LASF29:
 3869 0158 6C696E65 		.ascii	"line\000"
 3869      00
 3870              	.LASF24:
 3871 015d 68657572 		.ascii	"heuristic\000"
 3871      69737469 
 3871      6300
 3872              	.LASF33:
 3873 0167 74656D70 		.ascii	"temp\000"
 3873      00
 3874              	.LASF8:
 3875 016c 756E7369 		.ascii	"unsigned int\000"
 3875      676E6564 
 3875      20696E74 
 3875      00
 3876              	.LASF5:
 3877 0179 6C6F6E67 		.ascii	"long unsigned int\000"
 3877      20756E73 
 3877      69676E65 
 3877      6420696E 
 3877      7400
 3878              	.LASF53:
 3879 018b 64636F6C 		.ascii	"dcol\000"
 3879      00
 3880              	.LASF31:
 3881 0190 73697A65 		.ascii	"size\000"
 3881      00
 3882              	.LASF3:
 3883 0195 73686F72 		.ascii	"short unsigned int\000"
 3883      7420756E 
 3883      7369676E 
ARM GAS  C:\Users\Calvi\AppData\Local\Temp\ccRQiKUu.s 			page 75


 3883      65642069 
 3883      6E7400
 3884              	.LASF41:
 3885 01a8 746F7461 		.ascii	"total\000"
 3885      6C00
 3886              	.LASF17:
 3887 01ae 73697A65 		.ascii	"sizetype\000"
 3887      74797065 
 3887      00
 3888              	.LASF34:
 3889 01b7 656D6974 		.ascii	"emit_plan_for_path\000"
 3889      5F706C61 
 3889      6E5F666F 
 3889      725F7061 
 3889      746800
 3890              	.LASF16:
 3891 01ca 6C6F6E67 		.ascii	"long double\000"
 3891      20646F75 
 3891      626C6500 
 3892              	.LASF49:
 3893 01d6 6F70656E 		.ascii	"open\000"
 3893      00
 3894              	.LASF59:
 3895 01db 67656E65 		.ascii	"generate_instructions_from_map\000"
 3895      72617465 
 3895      5F696E73 
 3895      74727563 
 3895      74696F6E 
 3896              	.LASF37:
 3897 01fa 6D61785F 		.ascii	"max_instr\000"
 3897      696E7374 
 3897      7200
 3898              	.LASF12:
 3899 0204 69545552 		.ascii	"iTURN_AROUND\000"
 3899      4E5F4152 
 3899      4F554E44 
 3899      00
 3900              	.LASF46:
 3901 0211 676F616C 		.ascii	"goal_c\000"
 3901      5F6300
 3902              	.LASF26:
 3903 0218 64656275 		.ascii	"debug_print_path\000"
 3903      675F7072 
 3903      696E745F 
 3903      70617468 
 3903      00
 3904              	.LASF45:
 3905 0229 676F616C 		.ascii	"goal_r\000"
 3905      5F7200
 3906              	.LASF30:
 3907 0230 706F705F 		.ascii	"pop_best\000"
 3907      62657374 
 3907      00
 3908              	.LASF22:
 3909 0239 696E5F62 		.ascii	"in_bounds\000"
 3909      6F756E64 
 3909      7300
ARM GAS  C:\Users\Calvi\AppData\Local\Temp\ccRQiKUu.s 			page 76


 3910              	.LASF1:
 3911 0243 756E7369 		.ascii	"unsigned char\000"
 3911      676E6564 
 3911      20636861 
 3911      7200
 3912              	.LASF25:
 3913 0251 6462675F 		.ascii	"dbg_puts\000"
 3913      70757473 
 3913      00
 3914              	.LASF44:
 3915 025a 666F6F64 		.ascii	"foods\000"
 3915      7300
 3916              	.LASF50:
 3917 0260 6E65775F 		.ascii	"new_g\000"
 3917      6700
 3918              	.LASF2:
 3919 0266 73686F72 		.ascii	"short int\000"
 3919      7420696E 
 3919      7400
 3920              	.LASF13:
 3921 0270 6953544F 		.ascii	"iSTOP\000"
 3921      5000
 3922              	.LASF52:
 3923 0276 64726F77 		.ascii	"drow\000"
 3923      00
 3924              	.LASF9:
 3925 027b 69535452 		.ascii	"iSTRAIGHT\000"
 3925      41494748 
 3925      5400
 3926              	.LASF21:
 3927 0285 5F426F6F 		.ascii	"_Bool\000"
 3927      6C00
 3928              	.LASF18:
 3929 028b 63686172 		.ascii	"char\000"
 3929      00
 3930              	.LASF54:
 3931 0290 73746172 		.ascii	"start_pos\000"
 3931      745F706F 
 3931      7300
 3932              	.LASF32:
 3933 029a 62657374 		.ascii	"best\000"
 3933      00
 3934              	.LASF38:
 3935 029f 68656164 		.ascii	"heading\000"
 3935      696E6700 
 3936              	.LASF39:
 3937 02a7 6E65775F 		.ascii	"new_dir\000"
 3937      64697200 
 3938              	.LASF14:
 3939 02af 526F626F 		.ascii	"RobotInstrType\000"
 3939      74496E73 
 3939      74725479 
 3939      706500
 3940              	.LASF43:
 3941 02be 6375725F 		.ascii	"cur_c\000"
 3941      6300
 3942              	.LASF48:
ARM GAS  C:\Users\Calvi\AppData\Local\Temp\ccRQiKUu.s 			page 77


 3943 02c4 636C6F73 		.ascii	"closed\000"
 3943      656400
 3944              	.LASF28:
 3945 02cb 6C65675F 		.ascii	"leg_idx\000"
 3945      69647800 
 3946              	.LASF55:
 3947 02d3 666F6F64 		.ascii	"food_list\000"
 3947      5F6C6973 
 3947      7400
 3948              	.LASF42:
 3949 02dd 6375725F 		.ascii	"cur_r\000"
 3949      7200
 3950              	.LASF51:
 3951 02e3 66636F73 		.ascii	"fcost\000"
 3951      7400
 3952              	.LASF10:
 3953 02e9 694C4546 		.ascii	"iLEFT\000"
 3953      5400
 3954              		.ident	"GCC: (GNU Tools for ARM Embedded Processors) 5.4.1 20160609 (release) [ARM/embedded-5-bran
