ARM GAS  C:\Users\cta10\AppData\Local\Temp\ccDzvORH.s 			page 1


   1              		.syntax unified
   2              		.cpu cortex-m3
   3              		.fpu softvfp
   4              		.eabi_attribute 20, 1
   5              		.eabi_attribute 21, 1
   6              		.eabi_attribute 23, 3
   7              		.eabi_attribute 24, 1
   8              		.eabi_attribute 25, 1
   9              		.eabi_attribute 26, 1
  10              		.eabi_attribute 30, 6
  11              		.eabi_attribute 34, 1
  12              		.eabi_attribute 18, 4
  13              		.thumb
  14              		.syntax unified
  15              		.file	"MOVEMENT.c"
  16              		.text
  17              	.Ltext0:
  18              		.cfi_sections	.debug_frame
  19              		.section	.text.motor_left,"ax",%progbits
  20              		.align	2
  21              		.global	motor_left
  22              		.thumb
  23              		.thumb_func
  24              		.type	motor_left, %function
  25              	motor_left:
  26              	.LFB64:
  27              		.file 1 "MOVEMENT.c"
   1:MOVEMENT.c    **** #include "project.h"
   2:MOVEMENT.c    **** #include <stdbool.h>
   3:MOVEMENT.c    **** #include <stdlib.h>
   4:MOVEMENT.c    **** #include "MOVEMENT.h"
   5:MOVEMENT.c    **** #include "SENSORS_READ.h"
   6:MOVEMENT.c    **** #include "main.h"
   7:MOVEMENT.c    **** 
   8:MOVEMENT.c    **** // ---------- Motor control ----------
   9:MOVEMENT.c    **** void motor_left(uint16 val)  { PWM_1_WriteCompare(val); }
  28              		.loc 1 9 0
  29              		.cfi_startproc
  30              		@ args = 0, pretend = 0, frame = 8
  31              		@ frame_needed = 1, uses_anonymous_args = 0
  32 0000 80B5     		push	{r7, lr}
  33              		.cfi_def_cfa_offset 8
  34              		.cfi_offset 7, -8
  35              		.cfi_offset 14, -4
  36 0002 82B0     		sub	sp, sp, #8
  37              		.cfi_def_cfa_offset 16
  38 0004 00AF     		add	r7, sp, #0
  39              		.cfi_def_cfa_register 7
  40 0006 0346     		mov	r3, r0
  41 0008 FB80     		strh	r3, [r7, #6]	@ movhi
  42              		.loc 1 9 0
  43 000a FB88     		ldrh	r3, [r7, #6]	@ movhi
  44 000c DBB2     		uxtb	r3, r3
  45 000e 1846     		mov	r0, r3
  46 0010 FFF7FEFF 		bl	PWM_1_WriteCompare
  47 0014 00BF     		nop
  48 0016 0837     		adds	r7, r7, #8
ARM GAS  C:\Users\cta10\AppData\Local\Temp\ccDzvORH.s 			page 2


  49              		.cfi_def_cfa_offset 8
  50 0018 BD46     		mov	sp, r7
  51              		.cfi_def_cfa_register 13
  52              		@ sp needed
  53 001a 80BD     		pop	{r7, pc}
  54              		.cfi_endproc
  55              	.LFE64:
  56              		.size	motor_left, .-motor_left
  57              		.section	.text.motor_right,"ax",%progbits
  58              		.align	2
  59              		.global	motor_right
  60              		.thumb
  61              		.thumb_func
  62              		.type	motor_right, %function
  63              	motor_right:
  64              	.LFB65:
  10:MOVEMENT.c    **** void motor_right(uint16 val) { PWM_2_WriteCompare(val); }
  65              		.loc 1 10 0
  66              		.cfi_startproc
  67              		@ args = 0, pretend = 0, frame = 8
  68              		@ frame_needed = 1, uses_anonymous_args = 0
  69 0000 80B5     		push	{r7, lr}
  70              		.cfi_def_cfa_offset 8
  71              		.cfi_offset 7, -8
  72              		.cfi_offset 14, -4
  73 0002 82B0     		sub	sp, sp, #8
  74              		.cfi_def_cfa_offset 16
  75 0004 00AF     		add	r7, sp, #0
  76              		.cfi_def_cfa_register 7
  77 0006 0346     		mov	r3, r0
  78 0008 FB80     		strh	r3, [r7, #6]	@ movhi
  79              		.loc 1 10 0
  80 000a FB88     		ldrh	r3, [r7, #6]	@ movhi
  81 000c DBB2     		uxtb	r3, r3
  82 000e 1846     		mov	r0, r3
  83 0010 FFF7FEFF 		bl	PWM_2_WriteCompare
  84 0014 00BF     		nop
  85 0016 0837     		adds	r7, r7, #8
  86              		.cfi_def_cfa_offset 8
  87 0018 BD46     		mov	sp, r7
  88              		.cfi_def_cfa_register 13
  89              		@ sp needed
  90 001a 80BD     		pop	{r7, pc}
  91              		.cfi_endproc
  92              	.LFE65:
  93              		.size	motor_right, .-motor_right
  94              		.global	left_pwm
  95              		.data
  96              		.type	left_pwm, %object
  97              		.size	left_pwm, 1
  98              	left_pwm:
  99 0000 9A       		.byte	-102
 100              		.global	right_pwm
 101              		.type	right_pwm, %object
 102              		.size	right_pwm, 1
 103              	right_pwm:
 104 0001 9D       		.byte	-99
ARM GAS  C:\Users\cta10\AppData\Local\Temp\ccDzvORH.s 			page 3


 105              		.global	drift_left_pwm
 106              		.type	drift_left_pwm, %object
 107              		.size	drift_left_pwm, 1
 108              	drift_left_pwm:
 109 0002 A2       		.byte	-94
 110              		.global	drift_right_pwm
 111              		.type	drift_right_pwm, %object
 112              		.size	drift_right_pwm, 1
 113              	drift_right_pwm:
 114 0003 9E       		.byte	-98
 115              		.bss
 116              	food_index:
 117 0000 00       		.space	1
 118 0001 00       		.align	1
 119              	count_down:
 120 0002 0000     		.space	2
 121              		.global	last_drift
 122              		.type	last_drift, %object
 123              		.size	last_drift, 1
 124              	last_drift:
 125 0004 00       		.space	1
 126              		.section	.text.stop,"ax",%progbits
 127              		.align	2
 128              		.global	stop
 129              		.thumb
 130              		.thumb_func
 131              		.type	stop, %function
 132              	stop:
 133              	.LFB66:
  11:MOVEMENT.c    **** 
  12:MOVEMENT.c    **** #define STOP_PWM   127
  13:MOVEMENT.c    **** #define L_FWD_PWM  150
  14:MOVEMENT.c    **** #define L_REV_PWM  96
  15:MOVEMENT.c    **** #define R_FWD_PWM  154
  16:MOVEMENT.c    **** #define R_REV_PWM  94
  17:MOVEMENT.c    **** 
  18:MOVEMENT.c    **** // ---------- Encoder calibration ----------
  19:MOVEMENT.c    **** //left turn
  20:MOVEMENT.c    **** #define LEFT_TICKS_90_L   (-90) //left motor during left
  21:MOVEMENT.c    **** #define RIGHT_TICKS_90_L  (-100) //right motor during left turn
  22:MOVEMENT.c    **** 
  23:MOVEMENT.c    **** //right turn
  24:MOVEMENT.c    **** #define LEFT_TICKS_90_R   (100) //left motor during right turn
  25:MOVEMENT.c    **** #define RIGHT_TICKS_90_R  (90) //right motor during right 90
  26:MOVEMENT.c    **** 
  27:MOVEMENT.c    **** #define LEFT_TICKS_180_L  (195)
  28:MOVEMENT.c    **** #define RIGHT_TICKS_180_L (210)
  29:MOVEMENT.c    **** 
  30:MOVEMENT.c    **** #define ENCODER_LEFT_SIGN  (+1)
  31:MOVEMENT.c    **** #define ENCODER_RIGHT_SIGN (+1)
  32:MOVEMENT.c    **** 
  33:MOVEMENT.c    **** #define COUNTDOWN_LEFT 0
  34:MOVEMENT.c    **** #define COUNTDOWN_RIGHT 0
  35:MOVEMENT.c    **** // ---------- Line-follow PWM ----------
  36:MOVEMENT.c    **** uint8_t left_pwm = 154;
  37:MOVEMENT.c    **** uint8_t right_pwm = 157;
  38:MOVEMENT.c    **** uint8_t drift_left_pwm = 162;
ARM GAS  C:\Users\cta10\AppData\Local\Temp\ccDzvORH.s 			page 4


  39:MOVEMENT.c    **** uint8_t drift_right_pwm = 158;
  40:MOVEMENT.c    **** //food number tracking
  41:MOVEMENT.c    **** static uint8_t food_index = 0;
  42:MOVEMENT.c    **** static uint16_t count_down = 0;
  43:MOVEMENT.c    **** uint8_t last_drift = 0;
  44:MOVEMENT.c    **** 
  45:MOVEMENT.c    **** // ============================================================================
  46:MOVEMENT.c    **** // Basic motor control
  47:MOVEMENT.c    **** // ============================================================================
  48:MOVEMENT.c    **** void stop(void)
  49:MOVEMENT.c    **** {
 134              		.loc 1 49 0
 135              		.cfi_startproc
 136              		@ args = 0, pretend = 0, frame = 0
 137              		@ frame_needed = 1, uses_anonymous_args = 0
 138 0000 80B5     		push	{r7, lr}
 139              		.cfi_def_cfa_offset 8
 140              		.cfi_offset 7, -8
 141              		.cfi_offset 14, -4
 142 0002 00AF     		add	r7, sp, #0
 143              		.cfi_def_cfa_register 7
  50:MOVEMENT.c    ****     motor_left(STOP_PWM);
 144              		.loc 1 50 0
 145 0004 7F20     		movs	r0, #127
 146 0006 FFF7FEFF 		bl	motor_left
  51:MOVEMENT.c    ****     motor_right(STOP_PWM);
 147              		.loc 1 51 0
 148 000a 7F20     		movs	r0, #127
 149 000c FFF7FEFF 		bl	motor_right
  52:MOVEMENT.c    **** }
 150              		.loc 1 52 0
 151 0010 00BF     		nop
 152 0012 80BD     		pop	{r7, pc}
 153              		.cfi_endproc
 154              	.LFE66:
 155              		.size	stop, .-stop
 156              		.section	.text.go_straight,"ax",%progbits
 157              		.align	2
 158              		.global	go_straight
 159              		.thumb
 160              		.thumb_func
 161              		.type	go_straight, %function
 162              	go_straight:
 163              	.LFB67:
  53:MOVEMENT.c    **** 
  54:MOVEMENT.c    **** void go_straight(void)
  55:MOVEMENT.c    **** {
 164              		.loc 1 55 0
 165              		.cfi_startproc
 166              		@ args = 0, pretend = 0, frame = 0
 167              		@ frame_needed = 1, uses_anonymous_args = 0
 168 0000 80B5     		push	{r7, lr}
 169              		.cfi_def_cfa_offset 8
 170              		.cfi_offset 7, -8
 171              		.cfi_offset 14, -4
 172 0002 00AF     		add	r7, sp, #0
 173              		.cfi_def_cfa_register 7
ARM GAS  C:\Users\cta10\AppData\Local\Temp\ccDzvORH.s 			page 5


  56:MOVEMENT.c    ****     // drift right (left sensor white)
  57:MOVEMENT.c    ****     if ((Output_5_Read()) && !(Output_4_Read())) {
 174              		.loc 1 57 0
 175 0004 FFF7FEFF 		bl	Output_5_Read
 176 0008 0346     		mov	r3, r0
 177 000a 002B     		cmp	r3, #0
 178 000c 14D0     		beq	.L5
 179              		.loc 1 57 0 is_stmt 0 discriminator 1
 180 000e FFF7FEFF 		bl	Output_4_Read
 181 0012 0346     		mov	r3, r0
 182 0014 002B     		cmp	r3, #0
 183 0016 0FD1     		bne	.L5
  58:MOVEMENT.c    ****         motor_left(drift_right_pwm);
 184              		.loc 1 58 0 is_stmt 1
 185 0018 2F4B     		ldr	r3, .L11
 186 001a 1B78     		ldrb	r3, [r3]	@ zero_extendqisi2
 187 001c 9BB2     		uxth	r3, r3
 188 001e 1846     		mov	r0, r3
 189 0020 FFF7FEFF 		bl	motor_left
  59:MOVEMENT.c    ****         motor_right(right_pwm);
 190              		.loc 1 59 0
 191 0024 2D4B     		ldr	r3, .L11+4
 192 0026 1B78     		ldrb	r3, [r3]	@ zero_extendqisi2
 193 0028 9BB2     		uxth	r3, r3
 194 002a 1846     		mov	r0, r3
 195 002c FFF7FEFF 		bl	motor_right
  60:MOVEMENT.c    ****         last_drift = 0;
 196              		.loc 1 60 0
 197 0030 2B4B     		ldr	r3, .L11+8
 198 0032 0022     		movs	r2, #0
 199 0034 1A70     		strb	r2, [r3]
 200 0036 4DE0     		b	.L6
 201              	.L5:
  61:MOVEMENT.c    ****     }
  62:MOVEMENT.c    ****     // drift left (right sensor white)
  63:MOVEMENT.c    ****     else if (!(Output_5_Read()) && (Output_4_Read())) {
 202              		.loc 1 63 0
 203 0038 FFF7FEFF 		bl	Output_5_Read
 204 003c 0346     		mov	r3, r0
 205 003e 002B     		cmp	r3, #0
 206 0040 14D1     		bne	.L7
 207              		.loc 1 63 0 is_stmt 0 discriminator 1
 208 0042 FFF7FEFF 		bl	Output_4_Read
 209 0046 0346     		mov	r3, r0
 210 0048 002B     		cmp	r3, #0
 211 004a 0FD0     		beq	.L7
  64:MOVEMENT.c    ****         motor_left(left_pwm);
 212              		.loc 1 64 0 is_stmt 1
 213 004c 254B     		ldr	r3, .L11+12
 214 004e 1B78     		ldrb	r3, [r3]	@ zero_extendqisi2
 215 0050 9BB2     		uxth	r3, r3
 216 0052 1846     		mov	r0, r3
 217 0054 FFF7FEFF 		bl	motor_left
  65:MOVEMENT.c    ****         motor_right(drift_left_pwm);
 218              		.loc 1 65 0
 219 0058 234B     		ldr	r3, .L11+16
 220 005a 1B78     		ldrb	r3, [r3]	@ zero_extendqisi2
ARM GAS  C:\Users\cta10\AppData\Local\Temp\ccDzvORH.s 			page 6


 221 005c 9BB2     		uxth	r3, r3
 222 005e 1846     		mov	r0, r3
 223 0060 FFF7FEFF 		bl	motor_right
  66:MOVEMENT.c    ****         last_drift = 1;
 224              		.loc 1 66 0
 225 0064 1E4B     		ldr	r3, .L11+8
 226 0066 0122     		movs	r2, #1
 227 0068 1A70     		strb	r2, [r3]
 228 006a 33E0     		b	.L6
 229              	.L7:
  67:MOVEMENT.c    ****     }
  68:MOVEMENT.c    ****     else if ((Output_5_Read()) && (Output_4_Read())) {
 230              		.loc 1 68 0
 231 006c FFF7FEFF 		bl	Output_5_Read
 232 0070 0346     		mov	r3, r0
 233 0072 002B     		cmp	r3, #0
 234 0074 22D0     		beq	.L8
 235              		.loc 1 68 0 is_stmt 0 discriminator 1
 236 0076 FFF7FEFF 		bl	Output_4_Read
 237 007a 0346     		mov	r3, r0
 238 007c 002B     		cmp	r3, #0
 239 007e 1DD0     		beq	.L8
  69:MOVEMENT.c    ****         if (last_drift) {
 240              		.loc 1 69 0 is_stmt 1
 241 0080 174B     		ldr	r3, .L11+8
 242 0082 1B78     		ldrb	r3, [r3]	@ zero_extendqisi2
 243 0084 002B     		cmp	r3, #0
 244 0086 0CD0     		beq	.L9
  70:MOVEMENT.c    ****             motor_left(left_pwm);
 245              		.loc 1 70 0
 246 0088 164B     		ldr	r3, .L11+12
 247 008a 1B78     		ldrb	r3, [r3]	@ zero_extendqisi2
 248 008c 9BB2     		uxth	r3, r3
 249 008e 1846     		mov	r0, r3
 250 0090 FFF7FEFF 		bl	motor_left
  71:MOVEMENT.c    ****             motor_right(drift_left_pwm);
 251              		.loc 1 71 0
 252 0094 144B     		ldr	r3, .L11+16
 253 0096 1B78     		ldrb	r3, [r3]	@ zero_extendqisi2
 254 0098 9BB2     		uxth	r3, r3
 255 009a 1846     		mov	r0, r3
 256 009c FFF7FEFF 		bl	motor_right
  69:MOVEMENT.c    ****         if (last_drift) {
 257              		.loc 1 69 0
 258 00a0 18E0     		b	.L6
 259              	.L9:
  72:MOVEMENT.c    ****         }
  73:MOVEMENT.c    ****         else {
  74:MOVEMENT.c    ****         motor_left(drift_right_pwm);
 260              		.loc 1 74 0
 261 00a2 0D4B     		ldr	r3, .L11
 262 00a4 1B78     		ldrb	r3, [r3]	@ zero_extendqisi2
 263 00a6 9BB2     		uxth	r3, r3
 264 00a8 1846     		mov	r0, r3
 265 00aa FFF7FEFF 		bl	motor_left
  75:MOVEMENT.c    ****         motor_right(right_pwm);}
 266              		.loc 1 75 0
ARM GAS  C:\Users\cta10\AppData\Local\Temp\ccDzvORH.s 			page 7


 267 00ae 0B4B     		ldr	r3, .L11+4
 268 00b0 1B78     		ldrb	r3, [r3]	@ zero_extendqisi2
 269 00b2 9BB2     		uxth	r3, r3
 270 00b4 1846     		mov	r0, r3
 271 00b6 FFF7FEFF 		bl	motor_right
  69:MOVEMENT.c    ****             motor_left(left_pwm);
 272              		.loc 1 69 0
 273 00ba 0BE0     		b	.L6
 274              	.L8:
  76:MOVEMENT.c    ****     }
  77:MOVEMENT.c    ****     else
  78:MOVEMENT.c    ****         {
  79:MOVEMENT.c    ****         motor_left(left_pwm);
 275              		.loc 1 79 0
 276 00bc 094B     		ldr	r3, .L11+12
 277 00be 1B78     		ldrb	r3, [r3]	@ zero_extendqisi2
 278 00c0 9BB2     		uxth	r3, r3
 279 00c2 1846     		mov	r0, r3
 280 00c4 FFF7FEFF 		bl	motor_left
  80:MOVEMENT.c    ****         motor_right(right_pwm);
 281              		.loc 1 80 0
 282 00c8 044B     		ldr	r3, .L11+4
 283 00ca 1B78     		ldrb	r3, [r3]	@ zero_extendqisi2
 284 00cc 9BB2     		uxth	r3, r3
 285 00ce 1846     		mov	r0, r3
 286 00d0 FFF7FEFF 		bl	motor_right
 287              	.L6:
  81:MOVEMENT.c    ****         }
  82:MOVEMENT.c    **** 
  83:MOVEMENT.c    ****     }
 288              		.loc 1 83 0
 289 00d4 00BF     		nop
 290 00d6 80BD     		pop	{r7, pc}
 291              	.L12:
 292              		.align	2
 293              	.L11:
 294 00d8 00000000 		.word	drift_right_pwm
 295 00dc 00000000 		.word	right_pwm
 296 00e0 00000000 		.word	last_drift
 297 00e4 00000000 		.word	left_pwm
 298 00e8 00000000 		.word	drift_left_pwm
 299              		.cfi_endproc
 300              	.LFE67:
 301              		.size	go_straight, .-go_straight
 302              		.section	.text.move_forward_ticks,"ax",%progbits
 303              		.align	2
 304              		.global	move_forward_ticks
 305              		.thumb
 306              		.thumb_func
 307              		.type	move_forward_ticks, %function
 308              	move_forward_ticks:
 309              	.LFB68:
  84:MOVEMENT.c    **** 
  85:MOVEMENT.c    **** 
  86:MOVEMENT.c    **** // ============================================================================
  87:MOVEMENT.c    **** // Encoder-based turns
  88:MOVEMENT.c    **** // ============================================================================
ARM GAS  C:\Users\cta10\AppData\Local\Temp\ccDzvORH.s 			page 8


  89:MOVEMENT.c    **** void move_forward_ticks(int32 steps)
  90:MOVEMENT.c    **** {
 310              		.loc 1 90 0
 311              		.cfi_startproc
 312              		@ args = 0, pretend = 0, frame = 16
 313              		@ frame_needed = 1, uses_anonymous_args = 0
 314 0000 80B5     		push	{r7, lr}
 315              		.cfi_def_cfa_offset 8
 316              		.cfi_offset 7, -8
 317              		.cfi_offset 14, -4
 318 0002 84B0     		sub	sp, sp, #16
 319              		.cfi_def_cfa_offset 24
 320 0004 00AF     		add	r7, sp, #0
 321              		.cfi_def_cfa_register 7
 322 0006 7860     		str	r0, [r7, #4]
  91:MOVEMENT.c    ****     QuadDec_M1_SetCounter(0);
 323              		.loc 1 91 0
 324 0008 0020     		movs	r0, #0
 325 000a FFF7FEFF 		bl	QuadDec_M1_SetCounter
  92:MOVEMENT.c    ****     QuadDec_M2_SetCounter(0);
 326              		.loc 1 92 0
 327 000e 0020     		movs	r0, #0
 328 0010 FFF7FEFF 		bl	QuadDec_M2_SetCounter
  93:MOVEMENT.c    **** 
  94:MOVEMENT.c    ****     motor_left(L_FWD_PWM);
 329              		.loc 1 94 0
 330 0014 9620     		movs	r0, #150
 331 0016 FFF7FEFF 		bl	motor_left
  95:MOVEMENT.c    ****     motor_right(R_FWD_PWM);
 332              		.loc 1 95 0
 333 001a 9A20     		movs	r0, #154
 334 001c FFF7FEFF 		bl	motor_right
 335              	.L16:
 336              	.LBB2:
  96:MOVEMENT.c    **** 
  97:MOVEMENT.c    ****     while (1)
  98:MOVEMENT.c    ****     {
  99:MOVEMENT.c    ****         int32 L = ENCODER_LEFT_SIGN  * QuadDec_M1_GetCounter();
 337              		.loc 1 99 0
 338 0020 FFF7FEFF 		bl	QuadDec_M1_GetCounter
 339 0024 0346     		mov	r3, r0
 340 0026 FB60     		str	r3, [r7, #12]
 100:MOVEMENT.c    ****         int32 R = ENCODER_RIGHT_SIGN * QuadDec_M2_GetCounter();
 341              		.loc 1 100 0
 342 0028 FFF7FEFF 		bl	QuadDec_M2_GetCounter
 343 002c 0346     		mov	r3, r0
 344 002e BB60     		str	r3, [r7, #8]
 101:MOVEMENT.c    **** 
 102:MOVEMENT.c    ****         if (abs(L) >= steps && abs(R) >= steps)
 345              		.loc 1 102 0
 346 0030 FB68     		ldr	r3, [r7, #12]
 347 0032 83EAE372 		eor	r2, r3, r3, asr #31
 348 0036 A2EBE372 		sub	r2, r2, r3, asr #31
 349 003a 7B68     		ldr	r3, [r7, #4]
 350 003c 9A42     		cmp	r2, r3
 351 003e EFDB     		blt	.L16
 352              		.loc 1 102 0 is_stmt 0 discriminator 1
ARM GAS  C:\Users\cta10\AppData\Local\Temp\ccDzvORH.s 			page 9


 353 0040 BB68     		ldr	r3, [r7, #8]
 354 0042 83EAE372 		eor	r2, r3, r3, asr #31
 355 0046 A2EBE372 		sub	r2, r2, r3, asr #31
 356 004a 7B68     		ldr	r3, [r7, #4]
 357 004c 9A42     		cmp	r2, r3
 358 004e 00DA     		bge	.L18
 359              	.LBE2:
 103:MOVEMENT.c    ****             break;
 104:MOVEMENT.c    ****     }
 360              		.loc 1 104 0 is_stmt 1
 361 0050 E6E7     		b	.L16
 362              	.L18:
 363              	.LBB3:
 103:MOVEMENT.c    ****             break;
 364              		.loc 1 103 0
 365 0052 00BF     		nop
 366              	.LBE3:
 105:MOVEMENT.c    **** 
 106:MOVEMENT.c    ****     stop();
 367              		.loc 1 106 0
 368 0054 FFF7FEFF 		bl	stop
 107:MOVEMENT.c    ****     CyDelay(50);
 369              		.loc 1 107 0
 370 0058 3220     		movs	r0, #50
 371 005a FFF7FEFF 		bl	CyDelay
 108:MOVEMENT.c    **** }
 372              		.loc 1 108 0
 373 005e 00BF     		nop
 374 0060 1037     		adds	r7, r7, #16
 375              		.cfi_def_cfa_offset 8
 376 0062 BD46     		mov	sp, r7
 377              		.cfi_def_cfa_register 13
 378              		@ sp needed
 379 0064 80BD     		pop	{r7, pc}
 380              		.cfi_endproc
 381              	.LFE68:
 382              		.size	move_forward_ticks, .-move_forward_ticks
 383 0066 00BF     		.section	.text.go_straigh_with_tick,"ax",%progbits
 384              		.align	2
 385              		.global	go_straigh_with_tick
 386              		.thumb
 387              		.thumb_func
 388              		.type	go_straigh_with_tick, %function
 389              	go_straigh_with_tick:
 390              	.LFB69:
 109:MOVEMENT.c    **** // ============================================================================
 110:MOVEMENT.c    **** // Encoder-based turns + Basic motor control
 111:MOVEMENT.c    **** // ============================================================================
 112:MOVEMENT.c    **** void go_straigh_with_tick(int32 steps)
 113:MOVEMENT.c    **** {
 391              		.loc 1 113 0
 392              		.cfi_startproc
 393              		@ args = 0, pretend = 0, frame = 16
 394              		@ frame_needed = 1, uses_anonymous_args = 0
 395 0000 80B5     		push	{r7, lr}
 396              		.cfi_def_cfa_offset 8
 397              		.cfi_offset 7, -8
ARM GAS  C:\Users\cta10\AppData\Local\Temp\ccDzvORH.s 			page 10


 398              		.cfi_offset 14, -4
 399 0002 84B0     		sub	sp, sp, #16
 400              		.cfi_def_cfa_offset 24
 401 0004 00AF     		add	r7, sp, #0
 402              		.cfi_def_cfa_register 7
 403 0006 7860     		str	r0, [r7, #4]
 114:MOVEMENT.c    ****     QuadDec_M1_SetCounter(0);
 404              		.loc 1 114 0
 405 0008 0020     		movs	r0, #0
 406 000a FFF7FEFF 		bl	QuadDec_M1_SetCounter
 115:MOVEMENT.c    ****     QuadDec_M2_SetCounter(0);
 407              		.loc 1 115 0
 408 000e 0020     		movs	r0, #0
 409 0010 FFF7FEFF 		bl	QuadDec_M2_SetCounter
 410              	.L25:
 411              	.LBB4:
 116:MOVEMENT.c    ****     
 117:MOVEMENT.c    ****     while (1)
 118:MOVEMENT.c    ****     {
 119:MOVEMENT.c    ****         if ((Output_5_Read()) && !(Output_4_Read())) {
 412              		.loc 1 119 0
 413 0014 FFF7FEFF 		bl	Output_5_Read
 414 0018 0346     		mov	r3, r0
 415 001a 002B     		cmp	r3, #0
 416 001c 11D0     		beq	.L20
 417              		.loc 1 119 0 is_stmt 0 discriminator 1
 418 001e FFF7FEFF 		bl	Output_4_Read
 419 0022 0346     		mov	r3, r0
 420 0024 002B     		cmp	r3, #0
 421 0026 0CD1     		bne	.L20
 120:MOVEMENT.c    ****             motor_left(drift_right_pwm);
 422              		.loc 1 120 0 is_stmt 1
 423 0028 264B     		ldr	r3, .L28
 424 002a 1B78     		ldrb	r3, [r3]	@ zero_extendqisi2
 425 002c 9BB2     		uxth	r3, r3
 426 002e 1846     		mov	r0, r3
 427 0030 FFF7FEFF 		bl	motor_left
 121:MOVEMENT.c    ****             motor_right(right_pwm);
 428              		.loc 1 121 0
 429 0034 244B     		ldr	r3, .L28+4
 430 0036 1B78     		ldrb	r3, [r3]	@ zero_extendqisi2
 431 0038 9BB2     		uxth	r3, r3
 432 003a 1846     		mov	r0, r3
 433 003c FFF7FEFF 		bl	motor_right
 434 0040 22E0     		b	.L21
 435              	.L20:
 122:MOVEMENT.c    ****         }
 123:MOVEMENT.c    ****         // drift left (right sensor white)
 124:MOVEMENT.c    ****         else if (!(Output_5_Read()) && (Output_4_Read())) {
 436              		.loc 1 124 0
 437 0042 FFF7FEFF 		bl	Output_5_Read
 438 0046 0346     		mov	r3, r0
 439 0048 002B     		cmp	r3, #0
 440 004a 11D1     		bne	.L22
 441              		.loc 1 124 0 is_stmt 0 discriminator 1
 442 004c FFF7FEFF 		bl	Output_4_Read
 443 0050 0346     		mov	r3, r0
ARM GAS  C:\Users\cta10\AppData\Local\Temp\ccDzvORH.s 			page 11


 444 0052 002B     		cmp	r3, #0
 445 0054 0CD0     		beq	.L22
 125:MOVEMENT.c    ****             motor_left(left_pwm);
 446              		.loc 1 125 0 is_stmt 1
 447 0056 1D4B     		ldr	r3, .L28+8
 448 0058 1B78     		ldrb	r3, [r3]	@ zero_extendqisi2
 449 005a 9BB2     		uxth	r3, r3
 450 005c 1846     		mov	r0, r3
 451 005e FFF7FEFF 		bl	motor_left
 126:MOVEMENT.c    ****             motor_right(drift_left_pwm);
 452              		.loc 1 126 0
 453 0062 1B4B     		ldr	r3, .L28+12
 454 0064 1B78     		ldrb	r3, [r3]	@ zero_extendqisi2
 455 0066 9BB2     		uxth	r3, r3
 456 0068 1846     		mov	r0, r3
 457 006a FFF7FEFF 		bl	motor_right
 458 006e 0BE0     		b	.L21
 459              	.L22:
 127:MOVEMENT.c    ****         }
 128:MOVEMENT.c    ****         else {
 129:MOVEMENT.c    ****             motor_left(left_pwm);
 460              		.loc 1 129 0
 461 0070 164B     		ldr	r3, .L28+8
 462 0072 1B78     		ldrb	r3, [r3]	@ zero_extendqisi2
 463 0074 9BB2     		uxth	r3, r3
 464 0076 1846     		mov	r0, r3
 465 0078 FFF7FEFF 		bl	motor_left
 130:MOVEMENT.c    ****             motor_right(right_pwm);
 466              		.loc 1 130 0
 467 007c 124B     		ldr	r3, .L28+4
 468 007e 1B78     		ldrb	r3, [r3]	@ zero_extendqisi2
 469 0080 9BB2     		uxth	r3, r3
 470 0082 1846     		mov	r0, r3
 471 0084 FFF7FEFF 		bl	motor_right
 472              	.L21:
 131:MOVEMENT.c    ****         }
 132:MOVEMENT.c    ****         int32 L = ENCODER_LEFT_SIGN  * QuadDec_M1_GetCounter();
 473              		.loc 1 132 0
 474 0088 FFF7FEFF 		bl	QuadDec_M1_GetCounter
 475 008c 0346     		mov	r3, r0
 476 008e FB60     		str	r3, [r7, #12]
 133:MOVEMENT.c    ****         int32 R = ENCODER_RIGHT_SIGN * QuadDec_M2_GetCounter();
 477              		.loc 1 133 0
 478 0090 FFF7FEFF 		bl	QuadDec_M2_GetCounter
 479 0094 0346     		mov	r3, r0
 480 0096 BB60     		str	r3, [r7, #8]
 134:MOVEMENT.c    **** 
 135:MOVEMENT.c    ****         if (abs(L) >= steps && abs(R) >= steps)
 481              		.loc 1 135 0
 482 0098 FB68     		ldr	r3, [r7, #12]
 483 009a 83EAE372 		eor	r2, r3, r3, asr #31
 484 009e A2EBE372 		sub	r2, r2, r3, asr #31
 485 00a2 7B68     		ldr	r3, [r7, #4]
 486 00a4 9A42     		cmp	r2, r3
 487 00a6 B5DB     		blt	.L25
 488              		.loc 1 135 0 is_stmt 0 discriminator 1
 489 00a8 BB68     		ldr	r3, [r7, #8]
ARM GAS  C:\Users\cta10\AppData\Local\Temp\ccDzvORH.s 			page 12


 490 00aa 83EAE372 		eor	r2, r3, r3, asr #31
 491 00ae A2EBE372 		sub	r2, r2, r3, asr #31
 492 00b2 7B68     		ldr	r3, [r7, #4]
 493 00b4 9A42     		cmp	r2, r3
 494 00b6 00DA     		bge	.L27
 495              	.LBE4:
 136:MOVEMENT.c    ****             break;
 137:MOVEMENT.c    ****     }
 496              		.loc 1 137 0 is_stmt 1
 497 00b8 ACE7     		b	.L25
 498              	.L27:
 499              	.LBB5:
 136:MOVEMENT.c    ****             break;
 500              		.loc 1 136 0
 501 00ba 00BF     		nop
 502              	.LBE5:
 138:MOVEMENT.c    **** }
 503              		.loc 1 138 0
 504 00bc 00BF     		nop
 505 00be 1037     		adds	r7, r7, #16
 506              		.cfi_def_cfa_offset 8
 507 00c0 BD46     		mov	sp, r7
 508              		.cfi_def_cfa_register 13
 509              		@ sp needed
 510 00c2 80BD     		pop	{r7, pc}
 511              	.L29:
 512              		.align	2
 513              	.L28:
 514 00c4 00000000 		.word	drift_right_pwm
 515 00c8 00000000 		.word	right_pwm
 516 00cc 00000000 		.word	left_pwm
 517 00d0 00000000 		.word	drift_left_pwm
 518              		.cfi_endproc
 519              	.LFE69:
 520              		.size	go_straigh_with_tick, .-go_straigh_with_tick
 521              		.section	.text.turn_left_enc,"ax",%progbits
 522              		.align	2
 523              		.global	turn_left_enc
 524              		.thumb
 525              		.thumb_func
 526              		.type	turn_left_enc, %function
 527              	turn_left_enc:
 528              	.LFB70:
 139:MOVEMENT.c    **** 
 140:MOVEMENT.c    **** /* -------------------- LEFT TURN -------------------- */
 141:MOVEMENT.c    **** void turn_left_enc(void)
 142:MOVEMENT.c    **** {
 529              		.loc 1 142 0
 530              		.cfi_startproc
 531              		@ args = 0, pretend = 0, frame = 16
 532              		@ frame_needed = 1, uses_anonymous_args = 0
 533 0000 80B5     		push	{r7, lr}
 534              		.cfi_def_cfa_offset 8
 535              		.cfi_offset 7, -8
 536              		.cfi_offset 14, -4
 537 0002 84B0     		sub	sp, sp, #16
 538              		.cfi_def_cfa_offset 24
ARM GAS  C:\Users\cta10\AppData\Local\Temp\ccDzvORH.s 			page 13


 539 0004 00AF     		add	r7, sp, #0
 540              		.cfi_def_cfa_register 7
 143:MOVEMENT.c    ****     // Small forward movement before turning
 144:MOVEMENT.c    ****     move_forward_ticks(10);
 541              		.loc 1 144 0
 542 0006 0A20     		movs	r0, #10
 543 0008 FFF7FEFF 		bl	move_forward_ticks
 145:MOVEMENT.c    **** 
 146:MOVEMENT.c    ****     // Reset encoders for the actual turn
 147:MOVEMENT.c    ****     QuadDec_M1_SetCounter(0);
 544              		.loc 1 147 0
 545 000c 0020     		movs	r0, #0
 546 000e FFF7FEFF 		bl	QuadDec_M1_SetCounter
 148:MOVEMENT.c    ****     QuadDec_M2_SetCounter(0);
 547              		.loc 1 148 0
 548 0012 0020     		movs	r0, #0
 549 0014 FFF7FEFF 		bl	QuadDec_M2_SetCounter
 149:MOVEMENT.c    **** 
 150:MOVEMENT.c    ****     motor_left(L_REV_PWM);
 550              		.loc 1 150 0
 551 0018 6020     		movs	r0, #96
 552 001a FFF7FEFF 		bl	motor_left
 151:MOVEMENT.c    ****     motor_right(R_FWD_PWM);
 553              		.loc 1 151 0
 554 001e 9A20     		movs	r0, #154
 555 0020 FFF7FEFF 		bl	motor_right
 152:MOVEMENT.c    **** 
 153:MOVEMENT.c    ****     bool left_done = false;
 556              		.loc 1 153 0
 557 0024 0023     		movs	r3, #0
 558 0026 FB73     		strb	r3, [r7, #15]
 154:MOVEMENT.c    ****     bool right_done = false;
 559              		.loc 1 154 0
 560 0028 0023     		movs	r3, #0
 561 002a BB73     		strb	r3, [r7, #14]
 155:MOVEMENT.c    **** 
 156:MOVEMENT.c    ****     while (!(left_done && right_done))
 562              		.loc 1 156 0
 563 002c 29E0     		b	.L31
 564              	.L33:
 565              	.LBB6:
 157:MOVEMENT.c    ****     {
 158:MOVEMENT.c    ****         int32 L = ENCODER_LEFT_SIGN  * QuadDec_M1_GetCounter();
 566              		.loc 1 158 0
 567 002e FFF7FEFF 		bl	QuadDec_M1_GetCounter
 568 0032 0346     		mov	r3, r0
 569 0034 BB60     		str	r3, [r7, #8]
 159:MOVEMENT.c    ****         int32 R = ENCODER_RIGHT_SIGN * QuadDec_M2_GetCounter();
 570              		.loc 1 159 0
 571 0036 FFF7FEFF 		bl	QuadDec_M2_GetCounter
 572 003a 0346     		mov	r3, r0
 573 003c 7B60     		str	r3, [r7, #4]
 160:MOVEMENT.c    **** 
 161:MOVEMENT.c    ****         if (!left_done && abs(L) >= abs(LEFT_TICKS_90_L)) {
 574              		.loc 1 161 0
 575 003e FB7B     		ldrb	r3, [r7, #15]
 576 0040 83F00103 		eor	r3, r3, #1
ARM GAS  C:\Users\cta10\AppData\Local\Temp\ccDzvORH.s 			page 14


 577 0044 DBB2     		uxtb	r3, r3
 578 0046 002B     		cmp	r3, #0
 579 0048 0AD0     		beq	.L32
 580              		.loc 1 161 0 is_stmt 0 discriminator 1
 581 004a BB68     		ldr	r3, [r7, #8]
 582 004c 002B     		cmp	r3, #0
 583 004e B8BF     		it	lt
 584 0050 5B42     		rsblt	r3, r3, #0
 585 0052 592B     		cmp	r3, #89
 586 0054 04DD     		ble	.L32
 162:MOVEMENT.c    ****             motor_left(STOP_PWM);
 587              		.loc 1 162 0 is_stmt 1
 588 0056 7F20     		movs	r0, #127
 589 0058 FFF7FEFF 		bl	motor_left
 163:MOVEMENT.c    ****             left_done = true;
 590              		.loc 1 163 0
 591 005c 0123     		movs	r3, #1
 592 005e FB73     		strb	r3, [r7, #15]
 593              	.L32:
 164:MOVEMENT.c    ****         }
 165:MOVEMENT.c    **** 
 166:MOVEMENT.c    ****         if (!right_done && abs(R) >= abs(RIGHT_TICKS_90_L)) {
 594              		.loc 1 166 0
 595 0060 BB7B     		ldrb	r3, [r7, #14]
 596 0062 83F00103 		eor	r3, r3, #1
 597 0066 DBB2     		uxtb	r3, r3
 598 0068 002B     		cmp	r3, #0
 599 006a 0AD0     		beq	.L31
 600              		.loc 1 166 0 is_stmt 0 discriminator 1
 601 006c 7B68     		ldr	r3, [r7, #4]
 602 006e 002B     		cmp	r3, #0
 603 0070 B8BF     		it	lt
 604 0072 5B42     		rsblt	r3, r3, #0
 605 0074 632B     		cmp	r3, #99
 606 0076 04DD     		ble	.L31
 167:MOVEMENT.c    ****             motor_right(STOP_PWM);
 607              		.loc 1 167 0 is_stmt 1
 608 0078 7F20     		movs	r0, #127
 609 007a FFF7FEFF 		bl	motor_right
 168:MOVEMENT.c    ****             right_done = true;
 610              		.loc 1 168 0
 611 007e 0123     		movs	r3, #1
 612 0080 BB73     		strb	r3, [r7, #14]
 613              	.L31:
 614              	.LBE6:
 156:MOVEMENT.c    ****     {
 615              		.loc 1 156 0
 616 0082 FB7B     		ldrb	r3, [r7, #15]
 617 0084 83F00103 		eor	r3, r3, #1
 618 0088 DBB2     		uxtb	r3, r3
 619 008a 002B     		cmp	r3, #0
 620 008c CFD1     		bne	.L33
 156:MOVEMENT.c    ****     {
 621              		.loc 1 156 0 is_stmt 0 discriminator 1
 622 008e BB7B     		ldrb	r3, [r7, #14]
 623 0090 83F00103 		eor	r3, r3, #1
 624 0094 DBB2     		uxtb	r3, r3
ARM GAS  C:\Users\cta10\AppData\Local\Temp\ccDzvORH.s 			page 15


 625 0096 002B     		cmp	r3, #0
 626 0098 C9D1     		bne	.L33
 169:MOVEMENT.c    ****         }
 170:MOVEMENT.c    ****     }
 171:MOVEMENT.c    ****     // SMALL adjustment if undershoot
 172:MOVEMENT.c    ****     motor_left(100);
 627              		.loc 1 172 0 is_stmt 1
 628 009a 6420     		movs	r0, #100
 629 009c FFF7FEFF 		bl	motor_left
 173:MOVEMENT.c    ****     motor_right(152);
 630              		.loc 1 173 0
 631 00a0 9820     		movs	r0, #152
 632 00a2 FFF7FEFF 		bl	motor_right
 174:MOVEMENT.c    ****     count_down = 0;
 633              		.loc 1 174 0
 634 00a6 124B     		ldr	r3, .L37
 635 00a8 0022     		movs	r2, #0
 636 00aa 1A80     		strh	r2, [r3]	@ movhi
 175:MOVEMENT.c    ****     if ((Output_4_Read() == 1) && (Output_5_Read() == 1)) {
 637              		.loc 1 175 0
 638 00ac FFF7FEFF 		bl	Output_4_Read
 639 00b0 0346     		mov	r3, r0
 640 00b2 012B     		cmp	r3, #1
 641 00b4 0ED1     		bne	.L35
 642              		.loc 1 175 0 is_stmt 0 discriminator 1
 643 00b6 FFF7FEFF 		bl	Output_5_Read
 644 00ba 0346     		mov	r3, r0
 645 00bc 012B     		cmp	r3, #1
 646 00be 09D1     		bne	.L35
 176:MOVEMENT.c    ****         count_down = COUNTDOWN_LEFT;
 647              		.loc 1 176 0 is_stmt 1
 648 00c0 0B4B     		ldr	r3, .L37
 649 00c2 0022     		movs	r2, #0
 650 00c4 1A80     		strh	r2, [r3]	@ movhi
 177:MOVEMENT.c    ****     }
 178:MOVEMENT.c    ****     while (count_down > 0)
 651              		.loc 1 178 0
 652 00c6 05E0     		b	.L35
 653              	.L36:
 179:MOVEMENT.c    ****     {
 180:MOVEMENT.c    ****         count_down--;
 654              		.loc 1 180 0
 655 00c8 094B     		ldr	r3, .L37
 656 00ca 1B88     		ldrh	r3, [r3]
 657 00cc 013B     		subs	r3, r3, #1
 658 00ce 9AB2     		uxth	r2, r3
 659 00d0 074B     		ldr	r3, .L37
 660 00d2 1A80     		strh	r2, [r3]	@ movhi
 661              	.L35:
 178:MOVEMENT.c    ****     {
 662              		.loc 1 178 0
 663 00d4 064B     		ldr	r3, .L37
 664 00d6 1B88     		ldrh	r3, [r3]
 665 00d8 002B     		cmp	r3, #0
 666 00da F5D1     		bne	.L36
 181:MOVEMENT.c    ****     }
 182:MOVEMENT.c    **** 
ARM GAS  C:\Users\cta10\AppData\Local\Temp\ccDzvORH.s 			page 16


 183:MOVEMENT.c    ****     stop();
 667              		.loc 1 183 0
 668 00dc FFF7FEFF 		bl	stop
 184:MOVEMENT.c    ****     CyDelay(100);
 669              		.loc 1 184 0
 670 00e0 6420     		movs	r0, #100
 671 00e2 FFF7FEFF 		bl	CyDelay
 185:MOVEMENT.c    **** }
 672              		.loc 1 185 0
 673 00e6 00BF     		nop
 674 00e8 1037     		adds	r7, r7, #16
 675              		.cfi_def_cfa_offset 8
 676 00ea BD46     		mov	sp, r7
 677              		.cfi_def_cfa_register 13
 678              		@ sp needed
 679 00ec 80BD     		pop	{r7, pc}
 680              	.L38:
 681 00ee 00BF     		.align	2
 682              	.L37:
 683 00f0 02000000 		.word	count_down
 684              		.cfi_endproc
 685              	.LFE70:
 686              		.size	turn_left_enc, .-turn_left_enc
 687              		.section	.text.turn_right_enc,"ax",%progbits
 688              		.align	2
 689              		.global	turn_right_enc
 690              		.thumb
 691              		.thumb_func
 692              		.type	turn_right_enc, %function
 693              	turn_right_enc:
 694              	.LFB71:
 186:MOVEMENT.c    **** 
 187:MOVEMENT.c    **** /* -------------------- RIGHT TURN -------------------- */
 188:MOVEMENT.c    **** void turn_right_enc(void)
 189:MOVEMENT.c    **** {
 695              		.loc 1 189 0
 696              		.cfi_startproc
 697              		@ args = 0, pretend = 0, frame = 16
 698              		@ frame_needed = 1, uses_anonymous_args = 0
 699 0000 80B5     		push	{r7, lr}
 700              		.cfi_def_cfa_offset 8
 701              		.cfi_offset 7, -8
 702              		.cfi_offset 14, -4
 703 0002 84B0     		sub	sp, sp, #16
 704              		.cfi_def_cfa_offset 24
 705 0004 00AF     		add	r7, sp, #0
 706              		.cfi_def_cfa_register 7
 190:MOVEMENT.c    ****     // Small forward movement before turning
 191:MOVEMENT.c    ****     move_forward_ticks(20);
 707              		.loc 1 191 0
 708 0006 1420     		movs	r0, #20
 709 0008 FFF7FEFF 		bl	move_forward_ticks
 192:MOVEMENT.c    **** 
 193:MOVEMENT.c    ****     // Reset encoders for the actual turn
 194:MOVEMENT.c    ****     QuadDec_M1_SetCounter(0);
 710              		.loc 1 194 0
 711 000c 0020     		movs	r0, #0
ARM GAS  C:\Users\cta10\AppData\Local\Temp\ccDzvORH.s 			page 17


 712 000e FFF7FEFF 		bl	QuadDec_M1_SetCounter
 195:MOVEMENT.c    ****     QuadDec_M2_SetCounter(0);
 713              		.loc 1 195 0
 714 0012 0020     		movs	r0, #0
 715 0014 FFF7FEFF 		bl	QuadDec_M2_SetCounter
 196:MOVEMENT.c    **** 
 197:MOVEMENT.c    ****     motor_left(L_FWD_PWM);
 716              		.loc 1 197 0
 717 0018 9620     		movs	r0, #150
 718 001a FFF7FEFF 		bl	motor_left
 198:MOVEMENT.c    ****     motor_right(R_REV_PWM);
 719              		.loc 1 198 0
 720 001e 5E20     		movs	r0, #94
 721 0020 FFF7FEFF 		bl	motor_right
 199:MOVEMENT.c    **** 
 200:MOVEMENT.c    ****     bool left_done = false;
 722              		.loc 1 200 0
 723 0024 0023     		movs	r3, #0
 724 0026 FB73     		strb	r3, [r7, #15]
 201:MOVEMENT.c    ****     bool right_done = false;
 725              		.loc 1 201 0
 726 0028 0023     		movs	r3, #0
 727 002a BB73     		strb	r3, [r7, #14]
 202:MOVEMENT.c    **** 
 203:MOVEMENT.c    ****     while (!(left_done && right_done))
 728              		.loc 1 203 0
 729 002c 29E0     		b	.L40
 730              	.L42:
 731              	.LBB7:
 204:MOVEMENT.c    ****     {
 205:MOVEMENT.c    ****         int32 L = ENCODER_LEFT_SIGN  * QuadDec_M1_GetCounter();
 732              		.loc 1 205 0
 733 002e FFF7FEFF 		bl	QuadDec_M1_GetCounter
 734 0032 0346     		mov	r3, r0
 735 0034 BB60     		str	r3, [r7, #8]
 206:MOVEMENT.c    ****         int32 R = ENCODER_RIGHT_SIGN * QuadDec_M2_GetCounter();
 736              		.loc 1 206 0
 737 0036 FFF7FEFF 		bl	QuadDec_M2_GetCounter
 738 003a 0346     		mov	r3, r0
 739 003c 7B60     		str	r3, [r7, #4]
 207:MOVEMENT.c    **** 
 208:MOVEMENT.c    ****         if (!left_done && abs(L) >= abs(LEFT_TICKS_90_R)) {
 740              		.loc 1 208 0
 741 003e FB7B     		ldrb	r3, [r7, #15]
 742 0040 83F00103 		eor	r3, r3, #1
 743 0044 DBB2     		uxtb	r3, r3
 744 0046 002B     		cmp	r3, #0
 745 0048 0AD0     		beq	.L41
 746              		.loc 1 208 0 is_stmt 0 discriminator 1
 747 004a BB68     		ldr	r3, [r7, #8]
 748 004c 002B     		cmp	r3, #0
 749 004e B8BF     		it	lt
 750 0050 5B42     		rsblt	r3, r3, #0
 751 0052 632B     		cmp	r3, #99
 752 0054 04DD     		ble	.L41
 209:MOVEMENT.c    ****             motor_left(STOP_PWM);
 753              		.loc 1 209 0 is_stmt 1
ARM GAS  C:\Users\cta10\AppData\Local\Temp\ccDzvORH.s 			page 18


 754 0056 7F20     		movs	r0, #127
 755 0058 FFF7FEFF 		bl	motor_left
 210:MOVEMENT.c    ****             left_done = true;
 756              		.loc 1 210 0
 757 005c 0123     		movs	r3, #1
 758 005e FB73     		strb	r3, [r7, #15]
 759              	.L41:
 211:MOVEMENT.c    ****         }
 212:MOVEMENT.c    **** 
 213:MOVEMENT.c    ****         if (!right_done && abs(R) >= abs(RIGHT_TICKS_90_R)) {
 760              		.loc 1 213 0
 761 0060 BB7B     		ldrb	r3, [r7, #14]
 762 0062 83F00103 		eor	r3, r3, #1
 763 0066 DBB2     		uxtb	r3, r3
 764 0068 002B     		cmp	r3, #0
 765 006a 0AD0     		beq	.L40
 766              		.loc 1 213 0 is_stmt 0 discriminator 1
 767 006c 7B68     		ldr	r3, [r7, #4]
 768 006e 002B     		cmp	r3, #0
 769 0070 B8BF     		it	lt
 770 0072 5B42     		rsblt	r3, r3, #0
 771 0074 592B     		cmp	r3, #89
 772 0076 04DD     		ble	.L40
 214:MOVEMENT.c    ****             motor_right(STOP_PWM);
 773              		.loc 1 214 0 is_stmt 1
 774 0078 7F20     		movs	r0, #127
 775 007a FFF7FEFF 		bl	motor_right
 215:MOVEMENT.c    ****             right_done = true;
 776              		.loc 1 215 0
 777 007e 0123     		movs	r3, #1
 778 0080 BB73     		strb	r3, [r7, #14]
 779              	.L40:
 780              	.LBE7:
 203:MOVEMENT.c    ****     {
 781              		.loc 1 203 0
 782 0082 FB7B     		ldrb	r3, [r7, #15]
 783 0084 83F00103 		eor	r3, r3, #1
 784 0088 DBB2     		uxtb	r3, r3
 785 008a 002B     		cmp	r3, #0
 786 008c CFD1     		bne	.L42
 203:MOVEMENT.c    ****     {
 787              		.loc 1 203 0 is_stmt 0 discriminator 1
 788 008e BB7B     		ldrb	r3, [r7, #14]
 789 0090 83F00103 		eor	r3, r3, #1
 790 0094 DBB2     		uxtb	r3, r3
 791 0096 002B     		cmp	r3, #0
 792 0098 C9D1     		bne	.L42
 216:MOVEMENT.c    ****         }
 217:MOVEMENT.c    **** 
 218:MOVEMENT.c    ****     }
 219:MOVEMENT.c    ****     // SMALL adjustment if undershoot
 220:MOVEMENT.c    ****     count_down = 0;
 793              		.loc 1 220 0 is_stmt 1
 794 009a 154B     		ldr	r3, .L46
 795 009c 0022     		movs	r2, #0
 796 009e 1A80     		strh	r2, [r3]	@ movhi
 221:MOVEMENT.c    ****     motor_left(150); //170, 80
ARM GAS  C:\Users\cta10\AppData\Local\Temp\ccDzvORH.s 			page 19


 797              		.loc 1 221 0
 798 00a0 9620     		movs	r0, #150
 799 00a2 FFF7FEFF 		bl	motor_left
 222:MOVEMENT.c    ****     motor_right(98);// 154, 90
 800              		.loc 1 222 0
 801 00a6 6220     		movs	r0, #98
 802 00a8 FFF7FEFF 		bl	motor_right
 223:MOVEMENT.c    ****             
 224:MOVEMENT.c    ****     if ((Output_5_Read() == 1) && (Output_4_Read() == 1)) {
 803              		.loc 1 224 0
 804 00ac FFF7FEFF 		bl	Output_5_Read
 805 00b0 0346     		mov	r3, r0
 806 00b2 012B     		cmp	r3, #1
 807 00b4 0ED1     		bne	.L44
 808              		.loc 1 224 0 is_stmt 0 discriminator 1
 809 00b6 FFF7FEFF 		bl	Output_4_Read
 810 00ba 0346     		mov	r3, r0
 811 00bc 012B     		cmp	r3, #1
 812 00be 09D1     		bne	.L44
 225:MOVEMENT.c    **** 
 226:MOVEMENT.c    ****         count_down = COUNTDOWN_RIGHT;
 813              		.loc 1 226 0 is_stmt 1
 814 00c0 0B4B     		ldr	r3, .L46
 815 00c2 0022     		movs	r2, #0
 816 00c4 1A80     		strh	r2, [r3]	@ movhi
 227:MOVEMENT.c    ****     }
 228:MOVEMENT.c    ****     while (count_down > 0){
 817              		.loc 1 228 0
 818 00c6 05E0     		b	.L44
 819              	.L45:
 229:MOVEMENT.c    ****         count_down--;
 820              		.loc 1 229 0
 821 00c8 094B     		ldr	r3, .L46
 822 00ca 1B88     		ldrh	r3, [r3]
 823 00cc 013B     		subs	r3, r3, #1
 824 00ce 9AB2     		uxth	r2, r3
 825 00d0 074B     		ldr	r3, .L46
 826 00d2 1A80     		strh	r2, [r3]	@ movhi
 827              	.L44:
 228:MOVEMENT.c    ****         count_down--;
 828              		.loc 1 228 0
 829 00d4 064B     		ldr	r3, .L46
 830 00d6 1B88     		ldrh	r3, [r3]
 831 00d8 002B     		cmp	r3, #0
 832 00da F5D1     		bne	.L45
 230:MOVEMENT.c    ****     }
 231:MOVEMENT.c    **** 
 232:MOVEMENT.c    ****     stop();
 833              		.loc 1 232 0
 834 00dc FFF7FEFF 		bl	stop
 233:MOVEMENT.c    ****     CyDelay(100);
 835              		.loc 1 233 0
 836 00e0 6420     		movs	r0, #100
 837 00e2 FFF7FEFF 		bl	CyDelay
 234:MOVEMENT.c    **** }
 838              		.loc 1 234 0
 839 00e6 00BF     		nop
ARM GAS  C:\Users\cta10\AppData\Local\Temp\ccDzvORH.s 			page 20


 840 00e8 1037     		adds	r7, r7, #16
 841              		.cfi_def_cfa_offset 8
 842 00ea BD46     		mov	sp, r7
 843              		.cfi_def_cfa_register 13
 844              		@ sp needed
 845 00ec 80BD     		pop	{r7, pc}
 846              	.L47:
 847 00ee 00BF     		.align	2
 848              	.L46:
 849 00f0 02000000 		.word	count_down
 850              		.cfi_endproc
 851              	.LFE71:
 852              		.size	turn_right_enc, .-turn_right_enc
 853              		.section	.text.u_turn_enc,"ax",%progbits
 854              		.align	2
 855              		.global	u_turn_enc
 856              		.thumb
 857              		.thumb_func
 858              		.type	u_turn_enc, %function
 859              	u_turn_enc:
 860              	.LFB72:
 235:MOVEMENT.c    **** 
 236:MOVEMENT.c    **** 
 237:MOVEMENT.c    **** 
 238:MOVEMENT.c    ****  void u_turn_enc(void)
 239:MOVEMENT.c    **** {
 861              		.loc 1 239 0
 862              		.cfi_startproc
 863              		@ args = 0, pretend = 0, frame = 8
 864              		@ frame_needed = 1, uses_anonymous_args = 0
 865 0000 80B5     		push	{r7, lr}
 866              		.cfi_def_cfa_offset 8
 867              		.cfi_offset 7, -8
 868              		.cfi_offset 14, -4
 869 0002 82B0     		sub	sp, sp, #8
 870              		.cfi_def_cfa_offset 16
 871 0004 00AF     		add	r7, sp, #0
 872              		.cfi_def_cfa_register 7
 240:MOVEMENT.c    ****     QuadDec_M1_SetCounter(0);
 873              		.loc 1 240 0
 874 0006 0020     		movs	r0, #0
 875 0008 FFF7FEFF 		bl	QuadDec_M1_SetCounter
 241:MOVEMENT.c    ****     QuadDec_M2_SetCounter(0);
 876              		.loc 1 241 0
 877 000c 0020     		movs	r0, #0
 878 000e FFF7FEFF 		bl	QuadDec_M2_SetCounter
 242:MOVEMENT.c    ****     
 243:MOVEMENT.c    ****     
 244:MOVEMENT.c    ****     motor_left(L_REV_PWM);
 879              		.loc 1 244 0
 880 0012 6020     		movs	r0, #96
 881 0014 FFF7FEFF 		bl	motor_left
 245:MOVEMENT.c    ****     motor_right(STOP_PWM);
 882              		.loc 1 245 0
 883 0018 7F20     		movs	r0, #127
 884 001a FFF7FEFF 		bl	motor_right
 885              	.L51:
ARM GAS  C:\Users\cta10\AppData\Local\Temp\ccDzvORH.s 			page 21


 886              	.LBB8:
 246:MOVEMENT.c    ****     while (1) {
 247:MOVEMENT.c    ****         int32 L = ENCODER_LEFT_SIGN  * QuadDec_M1_GetCounter();
 887              		.loc 1 247 0
 888 001e FFF7FEFF 		bl	QuadDec_M1_GetCounter
 889 0022 0346     		mov	r3, r0
 890 0024 7B60     		str	r3, [r7, #4]
 248:MOVEMENT.c    ****         
 249:MOVEMENT.c    ****         if (abs(L) >= abs(LEFT_TICKS_180_L) )
 891              		.loc 1 249 0
 892 0026 7B68     		ldr	r3, [r7, #4]
 893 0028 002B     		cmp	r3, #0
 894 002a B8BF     		it	lt
 895 002c 5B42     		rsblt	r3, r3, #0
 896 002e C22B     		cmp	r3, #194
 897 0030 00DC     		bgt	.L57
 898              	.LBE8:
 250:MOVEMENT.c    ****             break;
 251:MOVEMENT.c    ****     }
 899              		.loc 1 251 0
 900 0032 F4E7     		b	.L51
 901              	.L57:
 902              	.LBB9:
 250:MOVEMENT.c    ****             break;
 903              		.loc 1 250 0
 904 0034 00BF     		nop
 905              	.LBE9:
 252:MOVEMENT.c    ****     motor_left(STOP_PWM);
 906              		.loc 1 252 0
 907 0036 7F20     		movs	r0, #127
 908 0038 FFF7FEFF 		bl	motor_left
 253:MOVEMENT.c    ****     motor_right(R_FWD_PWM);
 909              		.loc 1 253 0
 910 003c 9A20     		movs	r0, #154
 911 003e FFF7FEFF 		bl	motor_right
 912              	.L54:
 913              	.LBB10:
 254:MOVEMENT.c    ****     while (1) {
 255:MOVEMENT.c    **** 
 256:MOVEMENT.c    ****         int32 R = ENCODER_RIGHT_SIGN * QuadDec_M2_GetCounter();
 914              		.loc 1 256 0
 915 0042 FFF7FEFF 		bl	QuadDec_M2_GetCounter
 916 0046 0346     		mov	r3, r0
 917 0048 3B60     		str	r3, [r7]
 257:MOVEMENT.c    ****         if (abs(R) >= abs(RIGHT_TICKS_180_L))
 918              		.loc 1 257 0
 919 004a 3B68     		ldr	r3, [r7]
 920 004c 002B     		cmp	r3, #0
 921 004e B8BF     		it	lt
 922 0050 5B42     		rsblt	r3, r3, #0
 923 0052 D12B     		cmp	r3, #209
 924 0054 00DC     		bgt	.L58
 925              	.LBE10:
 258:MOVEMENT.c    ****             break;
 259:MOVEMENT.c    ****     }
 926              		.loc 1 259 0
 927 0056 F4E7     		b	.L54
ARM GAS  C:\Users\cta10\AppData\Local\Temp\ccDzvORH.s 			page 22


 928              	.L58:
 929              	.LBB11:
 258:MOVEMENT.c    ****             break;
 930              		.loc 1 258 0
 931 0058 00BF     		nop
 932              	.LBE11:
 260:MOVEMENT.c    **** 
 261:MOVEMENT.c    ****     stop();
 933              		.loc 1 261 0
 934 005a FFF7FEFF 		bl	stop
 262:MOVEMENT.c    ****     CyDelay(100);
 935              		.loc 1 262 0
 936 005e 6420     		movs	r0, #100
 937 0060 FFF7FEFF 		bl	CyDelay
 263:MOVEMENT.c    ****     go_straight();
 938              		.loc 1 263 0
 939 0064 FFF7FEFF 		bl	go_straight
 264:MOVEMENT.c    **** 
 265:MOVEMENT.c    ****    
 266:MOVEMENT.c    **** }
 940              		.loc 1 266 0
 941 0068 00BF     		nop
 942 006a 0837     		adds	r7, r7, #8
 943              		.cfi_def_cfa_offset 8
 944 006c BD46     		mov	sp, r7
 945              		.cfi_def_cfa_register 13
 946              		@ sp needed
 947 006e 80BD     		pop	{r7, pc}
 948              		.cfi_endproc
 949              	.LFE72:
 950              		.size	u_turn_enc, .-u_turn_enc
 951              		.section	.text.move_forward_until_intersection,"ax",%progbits
 952              		.align	2
 953              		.global	move_forward_until_intersection
 954              		.thumb
 955              		.thumb_func
 956              		.type	move_forward_until_intersection, %function
 957              	move_forward_until_intersection:
 958              	.LFB73:
 267:MOVEMENT.c    **** 
 268:MOVEMENT.c    **** // ============================================================================
 269:MOVEMENT.c    **** // Line following and intersection logic
 270:MOVEMENT.c    **** // ============================================================================
 271:MOVEMENT.c    **** 
 272:MOVEMENT.c    **** 
 273:MOVEMENT.c    **** /*
 274:MOVEMENT.c    **** void move_forward_until_intersection(void)
 275:MOVEMENT.c    **** {
 276:MOVEMENT.c    ****     int stable = 0;
 277:MOVEMENT.c    ****     static int turn_cooldown = 0;
 278:MOVEMENT.c    **** 
 279:MOVEMENT.c    ****     while (stable < 1)
 280:MOVEMENT.c    ****     {
 281:MOVEMENT.c    ****         uint8 o1 = Output_1_Read();
 282:MOVEMENT.c    ****         uint8 o2 = Output_2_Read();
 283:MOVEMENT.c    ****         uint8 o3 = Output_3_Read();
 284:MOVEMENT.c    ****         uint8 o4 = Output_4_Read();
ARM GAS  C:\Users\cta10\AppData\Local\Temp\ccDzvORH.s 			page 23


 285:MOVEMENT.c    ****         uint8 o5 = Output_5_Read();
 286:MOVEMENT.c    ****         uint8 o6 = Output_6_Read();
 287:MOVEMENT.c    **** 
 288:MOVEMENT.c    ****         // cooldown countdown
 289:MOVEMENT.c    ****         if (turn_cooldown > 0)
 290:MOVEMENT.c    ****             turn_cooldown--;
 291:MOVEMENT.c    **** 
 292:MOVEMENT.c    ****         // intersection detection (with cooldown)
 293:MOVEMENT.c    ****         bool left_turn  = false;
 294:MOVEMENT.c    ****         bool right_turn = false;
 295:MOVEMENT.c    **** 
 296:MOVEMENT.c    ****         if (turn_cooldown == 0) {
 297:MOVEMENT.c    ****             if ((o6 == 0) && (o3 == 0)) {
 298:MOVEMENT.c    ****                 turn_cooldown = 20000;  // T intersection
 299:MOVEMENT.c    ****                 right_turn = true;
 300:MOVEMENT.c    ****             } 
 301:MOVEMENT.c    ****             else if (o6 == 0) {
 302:MOVEMENT.c    ****                 LED2_Write(1);
 303:MOVEMENT.c    ****                 turn_cooldown = 20000;
 304:MOVEMENT.c    ****                 left_turn = true;
 305:MOVEMENT.c    ****             } 
 306:MOVEMENT.c    ****             else if (o3 == 0) {
 307:MOVEMENT.c    ****                 LED4_Write(1);
 308:MOVEMENT.c    ****                 turn_cooldown = 20000;
 309:MOVEMENT.c    ****                 right_turn = true;
 310:MOVEMENT.c    ****             }
 311:MOVEMENT.c    ****         }
 312:MOVEMENT.c    **** 
 313:MOVEMENT.c    ****         bool intersection = left_turn || right_turn;
 314:MOVEMENT.c    ****         if (intersection)
 315:MOVEMENT.c    ****                     stable++;
 316:MOVEMENT.c    ****                 else
 317:MOVEMENT.c    ****                     stable = 0;
 318:MOVEMENT.c    ****     
 319:MOVEMENT.c    ****         go_straight();
 320:MOVEMENT.c    ****     }
 321:MOVEMENT.c    ****     //move_forward_ticks(50);   // Adjust 20–40 ticks depending on your map spacing
 322:MOVEMENT.c    **** 
 323:MOVEMENT.c    ****     stop();
 324:MOVEMENT.c    **** CyDelay(100);
 325:MOVEMENT.c    **** }
 326:MOVEMENT.c    **** 
 327:MOVEMENT.c    **** */
 328:MOVEMENT.c    **** 
 329:MOVEMENT.c    **** 
 330:MOVEMENT.c    **** void move_forward_until_intersection(void)
 331:MOVEMENT.c    **** {
 959              		.loc 1 331 0
 960              		.cfi_startproc
 961              		@ args = 0, pretend = 0, frame = 16
 962              		@ frame_needed = 1, uses_anonymous_args = 0
 963 0000 80B5     		push	{r7, lr}
 964              		.cfi_def_cfa_offset 8
 965              		.cfi_offset 7, -8
 966              		.cfi_offset 14, -4
 967 0002 84B0     		sub	sp, sp, #16
 968              		.cfi_def_cfa_offset 24
ARM GAS  C:\Users\cta10\AppData\Local\Temp\ccDzvORH.s 			page 24


 969 0004 00AF     		add	r7, sp, #0
 970              		.cfi_def_cfa_register 7
 332:MOVEMENT.c    ****     static uint32_t turn_cooldown = 0;  // stays across calls
 333:MOVEMENT.c    ****     int stable = 0;
 971              		.loc 1 333 0
 972 0006 0023     		movs	r3, #0
 973 0008 FB60     		str	r3, [r7, #12]
 334:MOVEMENT.c    **** 
 335:MOVEMENT.c    ****     while (stable < 1)
 974              		.loc 1 335 0
 975 000a 59E0     		b	.L60
 976              	.L70:
 977              	.LBB12:
 336:MOVEMENT.c    ****     {
 337:MOVEMENT.c    ****         uint8 o3 = Output_3_Read();  // right wing
 978              		.loc 1 337 0
 979 000c FFF7FEFF 		bl	Output_3_Read
 980 0010 0346     		mov	r3, r0
 981 0012 7B72     		strb	r3, [r7, #9]
 338:MOVEMENT.c    ****         uint8 o6 = Output_6_Read();  // left wing
 982              		.loc 1 338 0
 983 0014 FFF7FEFF 		bl	Output_6_Read
 984 0018 0346     		mov	r3, r0
 985 001a 3B72     		strb	r3, [r7, #8]
 339:MOVEMENT.c    **** 
 340:MOVEMENT.c    ****         // decrement cooldown to prevent re-trigger
 341:MOVEMENT.c    ****         if (turn_cooldown > 0)
 986              		.loc 1 341 0
 987 001c 2E4B     		ldr	r3, .L71
 988 001e 1B68     		ldr	r3, [r3]
 989 0020 002B     		cmp	r3, #0
 990 0022 07D0     		beq	.L61
 342:MOVEMENT.c    ****         {
 343:MOVEMENT.c    ****             turn_cooldown--;
 991              		.loc 1 343 0
 992 0024 2C4B     		ldr	r3, .L71
 993 0026 1B68     		ldr	r3, [r3]
 994 0028 013B     		subs	r3, r3, #1
 995 002a 2B4A     		ldr	r2, .L71
 996 002c 1360     		str	r3, [r2]
 344:MOVEMENT.c    ****             go_straight();
 997              		.loc 1 344 0
 998 002e FFF7FEFF 		bl	go_straight
 345:MOVEMENT.c    ****             continue;   // skip detection while cooling down
 999              		.loc 1 345 0
 1000 0032 45E0     		b	.L60
 1001              	.L61:
 346:MOVEMENT.c    ****         }
 347:MOVEMENT.c    **** 
 348:MOVEMENT.c    ****         bool left_turn  = false;
 1002              		.loc 1 348 0
 1003 0034 0023     		movs	r3, #0
 1004 0036 FB72     		strb	r3, [r7, #11]
 349:MOVEMENT.c    ****         bool right_turn = false;
 1005              		.loc 1 349 0
 1006 0038 0023     		movs	r3, #0
 1007 003a BB72     		strb	r3, [r7, #10]
ARM GAS  C:\Users\cta10\AppData\Local\Temp\ccDzvORH.s 			page 25


 350:MOVEMENT.c    **** 
 351:MOVEMENT.c    ****         if ((o6 == 0) && (o3 == 0)) {
 1008              		.loc 1 351 0
 1009 003c 3B7A     		ldrb	r3, [r7, #8]	@ zero_extendqisi2
 1010 003e 002B     		cmp	r3, #0
 1011 0040 0BD1     		bne	.L62
 1012              		.loc 1 351 0 is_stmt 0 discriminator 1
 1013 0042 7B7A     		ldrb	r3, [r7, #9]	@ zero_extendqisi2
 1014 0044 002B     		cmp	r3, #0
 1015 0046 08D1     		bne	.L62
 352:MOVEMENT.c    ****             LED2_Write(1);
 1016              		.loc 1 352 0 is_stmt 1
 1017 0048 0120     		movs	r0, #1
 1018 004a FFF7FEFF 		bl	LED2_Write
 353:MOVEMENT.c    ****             LED4_Write(1);
 1019              		.loc 1 353 0
 1020 004e 0120     		movs	r0, #1
 1021 0050 FFF7FEFF 		bl	LED4_Write
 354:MOVEMENT.c    ****             right_turn = true;       // T intersection
 1022              		.loc 1 354 0
 1023 0054 0123     		movs	r3, #1
 1024 0056 BB72     		strb	r3, [r7, #10]
 1025 0058 10E0     		b	.L63
 1026              	.L62:
 355:MOVEMENT.c    ****         } 
 356:MOVEMENT.c    ****         else if (o6 == 0) {
 1027              		.loc 1 356 0
 1028 005a 3B7A     		ldrb	r3, [r7, #8]	@ zero_extendqisi2
 1029 005c 002B     		cmp	r3, #0
 1030 005e 05D1     		bne	.L64
 357:MOVEMENT.c    ****             LED2_Write(1);
 1031              		.loc 1 357 0
 1032 0060 0120     		movs	r0, #1
 1033 0062 FFF7FEFF 		bl	LED2_Write
 358:MOVEMENT.c    ****             left_turn = true;
 1034              		.loc 1 358 0
 1035 0066 0123     		movs	r3, #1
 1036 0068 FB72     		strb	r3, [r7, #11]
 1037 006a 07E0     		b	.L63
 1038              	.L64:
 359:MOVEMENT.c    ****         } 
 360:MOVEMENT.c    ****         else if (o3 == 0) {
 1039              		.loc 1 360 0
 1040 006c 7B7A     		ldrb	r3, [r7, #9]	@ zero_extendqisi2
 1041 006e 002B     		cmp	r3, #0
 1042 0070 04D1     		bne	.L63
 361:MOVEMENT.c    ****             LED4_Write(1);
 1043              		.loc 1 361 0
 1044 0072 0120     		movs	r0, #1
 1045 0074 FFF7FEFF 		bl	LED4_Write
 362:MOVEMENT.c    ****             right_turn = true;
 1046              		.loc 1 362 0
 1047 0078 0123     		movs	r3, #1
 1048 007a BB72     		strb	r3, [r7, #10]
 1049              	.L63:
 363:MOVEMENT.c    ****         }
 364:MOVEMENT.c    **** 
ARM GAS  C:\Users\cta10\AppData\Local\Temp\ccDzvORH.s 			page 26


 365:MOVEMENT.c    ****         bool intersection = left_turn || right_turn;
 1050              		.loc 1 365 0
 1051 007c FB7A     		ldrb	r3, [r7, #11]	@ zero_extendqisi2
 1052 007e 002B     		cmp	r3, #0
 1053 0080 02D1     		bne	.L65
 1054              		.loc 1 365 0 is_stmt 0 discriminator 2
 1055 0082 BB7A     		ldrb	r3, [r7, #10]	@ zero_extendqisi2
 1056 0084 002B     		cmp	r3, #0
 1057 0086 01D0     		beq	.L66
 1058              	.L65:
 1059              		.loc 1 365 0 discriminator 3
 1060 0088 0123     		movs	r3, #1
 1061 008a 00E0     		b	.L67
 1062              	.L66:
 1063              		.loc 1 365 0 discriminator 4
 1064 008c 0023     		movs	r3, #0
 1065              	.L67:
 1066              		.loc 1 365 0 discriminator 6
 1067 008e FB71     		strb	r3, [r7, #7]
 1068 0090 FB79     		ldrb	r3, [r7, #7]
 1069 0092 03F00103 		and	r3, r3, #1
 1070 0096 FB71     		strb	r3, [r7, #7]
 366:MOVEMENT.c    **** 
 367:MOVEMENT.c    ****         if (intersection) {
 1071              		.loc 1 367 0 is_stmt 1 discriminator 6
 1072 0098 FB79     		ldrb	r3, [r7, #7]	@ zero_extendqisi2
 1073 009a 002B     		cmp	r3, #0
 1074 009c 06D0     		beq	.L68
 368:MOVEMENT.c    ****             stable++;
 1075              		.loc 1 368 0
 1076 009e FB68     		ldr	r3, [r7, #12]
 1077 00a0 0133     		adds	r3, r3, #1
 1078 00a2 FB60     		str	r3, [r7, #12]
 369:MOVEMENT.c    ****             turn_cooldown = 75000;   // 80000 works
 1079              		.loc 1 369 0
 1080 00a4 0C4B     		ldr	r3, .L71
 1081 00a6 0D4A     		ldr	r2, .L71+4
 1082 00a8 1A60     		str	r2, [r3]
 1083 00aa 07E0     		b	.L69
 1084              	.L68:
 370:MOVEMENT.c    ****         } else {
 371:MOVEMENT.c    ****             stable = 0;
 1085              		.loc 1 371 0
 1086 00ac 0023     		movs	r3, #0
 1087 00ae FB60     		str	r3, [r7, #12]
 372:MOVEMENT.c    ****             LED2_Write(0);
 1088              		.loc 1 372 0
 1089 00b0 0020     		movs	r0, #0
 1090 00b2 FFF7FEFF 		bl	LED2_Write
 373:MOVEMENT.c    ****             LED4_Write(0);
 1091              		.loc 1 373 0
 1092 00b6 0020     		movs	r0, #0
 1093 00b8 FFF7FEFF 		bl	LED4_Write
 1094              	.L69:
 374:MOVEMENT.c    ****         }
 375:MOVEMENT.c    **** 
 376:MOVEMENT.c    ****         go_straight();
ARM GAS  C:\Users\cta10\AppData\Local\Temp\ccDzvORH.s 			page 27


 1095              		.loc 1 376 0
 1096 00bc FFF7FEFF 		bl	go_straight
 1097              	.L60:
 1098              	.LBE12:
 335:MOVEMENT.c    ****     {
 1099              		.loc 1 335 0
 1100 00c0 FB68     		ldr	r3, [r7, #12]
 1101 00c2 002B     		cmp	r3, #0
 1102 00c4 A2DD     		ble	.L70
 377:MOVEMENT.c    ****     }
 378:MOVEMENT.c    **** 
 379:MOVEMENT.c    ****     stop();
 1103              		.loc 1 379 0
 1104 00c6 FFF7FEFF 		bl	stop
 380:MOVEMENT.c    ****     CyDelay(100);
 1105              		.loc 1 380 0
 1106 00ca 6420     		movs	r0, #100
 1107 00cc FFF7FEFF 		bl	CyDelay
 381:MOVEMENT.c    **** }
 1108              		.loc 1 381 0
 1109 00d0 00BF     		nop
 1110 00d2 1037     		adds	r7, r7, #16
 1111              		.cfi_def_cfa_offset 8
 1112 00d4 BD46     		mov	sp, r7
 1113              		.cfi_def_cfa_register 13
 1114              		@ sp needed
 1115 00d6 80BD     		pop	{r7, pc}
 1116              	.L72:
 1117              		.align	2
 1118              	.L71:
 1119 00d8 08000000 		.word	turn_cooldown.8577
 1120 00dc F8240100 		.word	75000
 1121              		.cfi_endproc
 1122              	.LFE73:
 1123              		.size	move_forward_until_intersection, .-move_forward_until_intersection
 1124              		.section	.text.run_for_food,"ax",%progbits
 1125              		.align	2
 1126              		.global	run_for_food
 1127              		.thumb
 1128              		.thumb_func
 1129              		.type	run_for_food, %function
 1130              	run_for_food:
 1131              	.LFB74:
 382:MOVEMENT.c    **** 
 383:MOVEMENT.c    **** // ============================================================================
 384:MOVEMENT.c    **** // Run Until Food
 385:MOVEMENT.c    **** // ============================================================================
 386:MOVEMENT.c    **** void run_for_food(uint8_t food_distance)
 387:MOVEMENT.c    **** {
 1132              		.loc 1 387 0
 1133              		.cfi_startproc
 1134              		@ args = 0, pretend = 0, frame = 8
 1135              		@ frame_needed = 1, uses_anonymous_args = 0
 1136 0000 80B5     		push	{r7, lr}
 1137              		.cfi_def_cfa_offset 8
 1138              		.cfi_offset 7, -8
 1139              		.cfi_offset 14, -4
ARM GAS  C:\Users\cta10\AppData\Local\Temp\ccDzvORH.s 			page 28


 1140 0002 82B0     		sub	sp, sp, #8
 1141              		.cfi_def_cfa_offset 16
 1142 0004 00AF     		add	r7, sp, #0
 1143              		.cfi_def_cfa_register 7
 1144 0006 0346     		mov	r3, r0
 1145 0008 FB71     		strb	r3, [r7, #7]
 388:MOVEMENT.c    ****          //if (food_index < food_len)
 389:MOVEMENT.c    ****                 //{
 390:MOVEMENT.c    ****     go_straigh_with_tick(83*food_distance);   // move forward to food location
 1146              		.loc 1 390 0
 1147 000a FB79     		ldrb	r3, [r7, #7]	@ zero_extendqisi2
 1148 000c 5322     		movs	r2, #83
 1149 000e 02FB03F3 		mul	r3, r2, r3
 1150 0012 1846     		mov	r0, r3
 1151 0014 FFF7FEFF 		bl	go_straigh_with_tick
 391:MOVEMENT.c    ****     stop();
 1152              		.loc 1 391 0
 1153 0018 FFF7FEFF 		bl	stop
 392:MOVEMENT.c    ****     CyDelay(100);                  // 1 second pickup delay
 1154              		.loc 1 392 0
 1155 001c 6420     		movs	r0, #100
 1156 001e FFF7FEFF 		bl	CyDelay
 393:MOVEMENT.c    ****                 //}
 394:MOVEMENT.c    **** }
 1157              		.loc 1 394 0
 1158 0022 00BF     		nop
 1159 0024 0837     		adds	r7, r7, #8
 1160              		.cfi_def_cfa_offset 8
 1161 0026 BD46     		mov	sp, r7
 1162              		.cfi_def_cfa_register 13
 1163              		@ sp needed
 1164 0028 80BD     		pop	{r7, pc}
 1165              		.cfi_endproc
 1166              	.LFE74:
 1167              		.size	run_for_food, .-run_for_food
 1168 002a 00BF     		.section	.text.move_forward_skip_one_intersection,"ax",%progbits
 1169              		.align	2
 1170              		.global	move_forward_skip_one_intersection
 1171              		.thumb
 1172              		.thumb_func
 1173              		.type	move_forward_skip_one_intersection, %function
 1174              	move_forward_skip_one_intersection:
 1175              	.LFB75:
 395:MOVEMENT.c    **** 
 396:MOVEMENT.c    **** void move_forward_skip_one_intersection(void)
 397:MOVEMENT.c    **** {
 1176              		.loc 1 397 0
 1177              		.cfi_startproc
 1178              		@ args = 0, pretend = 0, frame = 8
 1179              		@ frame_needed = 1, uses_anonymous_args = 0
 1180 0000 80B5     		push	{r7, lr}
 1181              		.cfi_def_cfa_offset 8
 1182              		.cfi_offset 7, -8
 1183              		.cfi_offset 14, -4
 1184 0002 82B0     		sub	sp, sp, #8
 1185              		.cfi_def_cfa_offset 16
 1186 0004 00AF     		add	r7, sp, #0
ARM GAS  C:\Users\cta10\AppData\Local\Temp\ccDzvORH.s 			page 29


 1187              		.cfi_def_cfa_register 7
 398:MOVEMENT.c    ****     // First intersection → skip
 399:MOVEMENT.c    ****     move_forward_until_intersection();
 1188              		.loc 1 399 0
 1189 0006 FFF7FEFF 		bl	move_forward_until_intersection
 400:MOVEMENT.c    **** 
 401:MOVEMENT.c    ****     // move forward along the line for 60 encoder ticks (ignore wings)
 402:MOVEMENT.c    ****     QuadDec_M1_SetCounter(0);
 1190              		.loc 1 402 0
 1191 000a 0020     		movs	r0, #0
 1192 000c FFF7FEFF 		bl	QuadDec_M1_SetCounter
 403:MOVEMENT.c    ****     QuadDec_M2_SetCounter(0);
 1193              		.loc 1 403 0
 1194 0010 0020     		movs	r0, #0
 1195 0012 FFF7FEFF 		bl	QuadDec_M2_SetCounter
 404:MOVEMENT.c    ****      int32 L = 0;
 1196              		.loc 1 404 0
 1197 0016 0023     		movs	r3, #0
 1198 0018 7B60     		str	r3, [r7, #4]
 405:MOVEMENT.c    ****     while (abs(L) < 60)
 1199              		.loc 1 405 0
 1200 001a 08E0     		b	.L75
 1201              	.L77:
 406:MOVEMENT.c    ****     {
 407:MOVEMENT.c    ****          L = ENCODER_LEFT_SIGN  * QuadDec_M1_GetCounter();
 1202              		.loc 1 407 0
 1203 001c FFF7FEFF 		bl	QuadDec_M1_GetCounter
 1204 0020 0346     		mov	r3, r0
 1205 0022 7B60     		str	r3, [r7, #4]
 408:MOVEMENT.c    ****         LED1_Write(1);
 1206              		.loc 1 408 0
 1207 0024 0120     		movs	r0, #1
 1208 0026 FFF7FEFF 		bl	LED1_Write
 409:MOVEMENT.c    ****         // follow the line using only front sensors
 410:MOVEMENT.c    ****         go_straight();
 1209              		.loc 1 410 0
 1210 002a FFF7FEFF 		bl	go_straight
 1211              	.L75:
 405:MOVEMENT.c    ****     {
 1212              		.loc 1 405 0
 1213 002e 7B68     		ldr	r3, [r7, #4]
 1214 0030 13F13B0F 		cmn	r3, #59
 1215 0034 02DB     		blt	.L76
 405:MOVEMENT.c    ****     {
 1216              		.loc 1 405 0 is_stmt 0 discriminator 1
 1217 0036 7B68     		ldr	r3, [r7, #4]
 1218 0038 3B2B     		cmp	r3, #59
 1219 003a EFDD     		ble	.L77
 1220              	.L76:
 411:MOVEMENT.c    **** 
 412:MOVEMENT.c    ****         
 413:MOVEMENT.c    ****          
 414:MOVEMENT.c    ****     }
 415:MOVEMENT.c    ****     LED1_Write(0);
 1221              		.loc 1 415 0 is_stmt 1
 1222 003c 0020     		movs	r0, #0
 1223 003e FFF7FEFF 		bl	LED1_Write
ARM GAS  C:\Users\cta10\AppData\Local\Temp\ccDzvORH.s 			page 30


 416:MOVEMENT.c    ****     stop();
 1224              		.loc 1 416 0
 1225 0042 FFF7FEFF 		bl	stop
 417:MOVEMENT.c    ****     CyDelay(50);
 1226              		.loc 1 417 0
 1227 0046 3220     		movs	r0, #50
 1228 0048 FFF7FEFF 		bl	CyDelay
 418:MOVEMENT.c    **** 
 419:MOVEMENT.c    ****     // second intersection → stop here
 420:MOVEMENT.c    ****     move_forward_until_intersection();
 1229              		.loc 1 420 0
 1230 004c FFF7FEFF 		bl	move_forward_until_intersection
 421:MOVEMENT.c    **** }
 1231              		.loc 1 421 0
 1232 0050 00BF     		nop
 1233 0052 0837     		adds	r7, r7, #8
 1234              		.cfi_def_cfa_offset 8
 1235 0054 BD46     		mov	sp, r7
 1236              		.cfi_def_cfa_register 13
 1237              		@ sp needed
 1238 0056 80BD     		pop	{r7, pc}
 1239              		.cfi_endproc
 1240              	.LFE75:
 1241              		.size	move_forward_skip_one_intersection, .-move_forward_skip_one_intersection
 1242              		.section	.text.execute_instruction,"ax",%progbits
 1243              		.align	2
 1244              		.global	execute_instruction
 1245              		.thumb
 1246              		.thumb_func
 1247              		.type	execute_instruction, %function
 1248              	execute_instruction:
 1249              	.LFB76:
 422:MOVEMENT.c    **** 
 423:MOVEMENT.c    **** 
 424:MOVEMENT.c    **** // ============================================================================
 425:MOVEMENT.c    **** // Execute instruction list
 426:MOVEMENT.c    **** // ============================================================================
 427:MOVEMENT.c    **** void execute_instruction(uint8_t instr,uint16_t *food_distances)
 428:MOVEMENT.c    **** {
 1250              		.loc 1 428 0
 1251              		.cfi_startproc
 1252              		@ args = 0, pretend = 0, frame = 8
 1253              		@ frame_needed = 1, uses_anonymous_args = 0
 1254 0000 80B5     		push	{r7, lr}
 1255              		.cfi_def_cfa_offset 8
 1256              		.cfi_offset 7, -8
 1257              		.cfi_offset 14, -4
 1258 0002 82B0     		sub	sp, sp, #8
 1259              		.cfi_def_cfa_offset 16
 1260 0004 00AF     		add	r7, sp, #0
 1261              		.cfi_def_cfa_register 7
 1262 0006 0346     		mov	r3, r0
 1263 0008 3960     		str	r1, [r7]
 1264 000a FB71     		strb	r3, [r7, #7]
 429:MOVEMENT.c    ****     switch (instr)
 1265              		.loc 1 429 0
 1266 000c FB79     		ldrb	r3, [r7, #7]	@ zero_extendqisi2
ARM GAS  C:\Users\cta10\AppData\Local\Temp\ccDzvORH.s 			page 31


 1267 000e 052B     		cmp	r3, #5
 1268 0010 2FD8     		bhi	.L79
 1269 0012 01A2     		adr	r2, .L81
 1270 0014 52F823F0 		ldr	pc, [r2, r3, lsl #2]
 1271              		.p2align 2
 1272              	.L81:
 1273 0018 31000000 		.word	.L80+1
 1274 001c 37000000 		.word	.L82+1
 1275 0020 3D000000 		.word	.L83+1
 1276 0024 73000000 		.word	.L79+1
 1277 0028 43000000 		.word	.L84+1
 1278 002c 49000000 		.word	.L85+1
 1279              		.p2align 1
 1280              	.L80:
 430:MOVEMENT.c    ****     {
 431:MOVEMENT.c    ****         case STRAIGHT:
 432:MOVEMENT.c    ****             move_forward_until_intersection();
 1281              		.loc 1 432 0
 1282 0030 FFF7FEFF 		bl	move_forward_until_intersection
 433:MOVEMENT.c    ****             break;
 1283              		.loc 1 433 0
 1284 0034 21E0     		b	.L86
 1285              	.L82:
 434:MOVEMENT.c    **** 
 435:MOVEMENT.c    ****         case LEFT_TURN:
 436:MOVEMENT.c    ****             turn_left_enc();
 1286              		.loc 1 436 0
 1287 0036 FFF7FEFF 		bl	turn_left_enc
 437:MOVEMENT.c    ****             break;
 1288              		.loc 1 437 0
 1289 003a 1EE0     		b	.L86
 1290              	.L83:
 438:MOVEMENT.c    **** 
 439:MOVEMENT.c    ****         case RIGHT_TURN:
 440:MOVEMENT.c    ****             turn_right_enc();
 1291              		.loc 1 440 0
 1292 003c FFF7FEFF 		bl	turn_right_enc
 441:MOVEMENT.c    ****             break;
 1293              		.loc 1 441 0
 1294 0040 1BE0     		b	.L86
 1295              	.L84:
 442:MOVEMENT.c    **** 
 443:MOVEMENT.c    ****         case U_TURN:
 444:MOVEMENT.c    ****             u_turn_enc();
 1296              		.loc 1 444 0
 1297 0042 FFF7FEFF 		bl	u_turn_enc
 445:MOVEMENT.c    ****             break;
 1298              		.loc 1 445 0
 1299 0046 18E0     		b	.L86
 1300              	.L85:
 446:MOVEMENT.c    ****         case FOOD:
 447:MOVEMENT.c    ****                 if (food_index < 5)
 1301              		.loc 1 447 0
 1302 0048 0E4B     		ldr	r3, .L89
 1303 004a 1B78     		ldrb	r3, [r3]	@ zero_extendqisi2
 1304 004c 042B     		cmp	r3, #4
 1305 004e 13D8     		bhi	.L88
ARM GAS  C:\Users\cta10\AppData\Local\Temp\ccDzvORH.s 			page 32


 448:MOVEMENT.c    ****                 {
 449:MOVEMENT.c    ****                     run_for_food(food_distances[food_index]);
 1306              		.loc 1 449 0
 1307 0050 0C4B     		ldr	r3, .L89
 1308 0052 1B78     		ldrb	r3, [r3]	@ zero_extendqisi2
 1309 0054 5B00     		lsls	r3, r3, #1
 1310 0056 3A68     		ldr	r2, [r7]
 1311 0058 1344     		add	r3, r3, r2
 1312 005a 1B88     		ldrh	r3, [r3]
 1313 005c DBB2     		uxtb	r3, r3
 1314 005e 1846     		mov	r0, r3
 1315 0060 FFF7FEFF 		bl	run_for_food
 450:MOVEMENT.c    ****                     food_index++;
 1316              		.loc 1 450 0
 1317 0064 074B     		ldr	r3, .L89
 1318 0066 1B78     		ldrb	r3, [r3]	@ zero_extendqisi2
 1319 0068 0133     		adds	r3, r3, #1
 1320 006a DAB2     		uxtb	r2, r3
 1321 006c 054B     		ldr	r3, .L89
 1322 006e 1A70     		strb	r2, [r3]
 451:MOVEMENT.c    ****                 }
 452:MOVEMENT.c    **** 
 453:MOVEMENT.c    ****             break;
 1323              		.loc 1 453 0
 1324 0070 02E0     		b	.L88
 1325              	.L79:
 454:MOVEMENT.c    ****    
 455:MOVEMENT.c    ****         default:
 456:MOVEMENT.c    ****             stop();
 1326              		.loc 1 456 0
 1327 0072 FFF7FEFF 		bl	stop
 457:MOVEMENT.c    ****             break;
 1328              		.loc 1 457 0
 1329 0076 00E0     		b	.L86
 1330              	.L88:
 453:MOVEMENT.c    ****    
 1331              		.loc 1 453 0
 1332 0078 00BF     		nop
 1333              	.L86:
 458:MOVEMENT.c    ****     }
 459:MOVEMENT.c    **** }
 1334              		.loc 1 459 0
 1335 007a 00BF     		nop
 1336 007c 0837     		adds	r7, r7, #8
 1337              		.cfi_def_cfa_offset 8
 1338 007e BD46     		mov	sp, r7
 1339              		.cfi_def_cfa_register 13
 1340              		@ sp needed
 1341 0080 80BD     		pop	{r7, pc}
 1342              	.L90:
 1343 0082 00BF     		.align	2
 1344              	.L89:
 1345 0084 00000000 		.word	food_index
 1346              		.cfi_endproc
 1347              	.LFE76:
 1348              		.size	execute_instruction, .-execute_instruction
 1349              		.section	.text.execute_path,"ax",%progbits
ARM GAS  C:\Users\cta10\AppData\Local\Temp\ccDzvORH.s 			page 33


 1350              		.align	2
 1351              		.global	execute_path
 1352              		.thumb
 1353              		.thumb_func
 1354              		.type	execute_path, %function
 1355              	execute_path:
 1356              	.LFB77:
 460:MOVEMENT.c    **** 
 461:MOVEMENT.c    **** // ============================================================================
 462:MOVEMENT.c    **** // Execute full instruction sequence
 463:MOVEMENT.c    **** // ============================================================================
 464:MOVEMENT.c    **** void execute_path(uint8_t *instructions, uint8_t length, uint16_t *food_distances)
 465:MOVEMENT.c    **** {
 1357              		.loc 1 465 0
 1358              		.cfi_startproc
 1359              		@ args = 0, pretend = 0, frame = 24
 1360              		@ frame_needed = 1, uses_anonymous_args = 0
 1361 0000 80B5     		push	{r7, lr}
 1362              		.cfi_def_cfa_offset 8
 1363              		.cfi_offset 7, -8
 1364              		.cfi_offset 14, -4
 1365 0002 86B0     		sub	sp, sp, #24
 1366              		.cfi_def_cfa_offset 32
 1367 0004 00AF     		add	r7, sp, #0
 1368              		.cfi_def_cfa_register 7
 1369 0006 F860     		str	r0, [r7, #12]
 1370 0008 0B46     		mov	r3, r1
 1371 000a 7A60     		str	r2, [r7, #4]
 1372 000c FB72     		strb	r3, [r7, #11]
 1373              	.LBB13:
 466:MOVEMENT.c    ****     for (uint8_t i = 0; i < length; i++)
 1374              		.loc 1 466 0
 1375 000e 0023     		movs	r3, #0
 1376 0010 FB75     		strb	r3, [r7, #23]
 1377 0012 24E0     		b	.L92
 1378              	.L97:
 1379              	.LBB14:
 467:MOVEMENT.c    ****     {
 468:MOVEMENT.c    ****         uint8_t current = instructions[i];
 1380              		.loc 1 468 0
 1381 0014 FB7D     		ldrb	r3, [r7, #23]	@ zero_extendqisi2
 1382 0016 FA68     		ldr	r2, [r7, #12]
 1383 0018 1344     		add	r3, r3, r2
 1384 001a 1B78     		ldrb	r3, [r3]
 1385 001c BB75     		strb	r3, [r7, #22]
 469:MOVEMENT.c    **** 
 470:MOVEMENT.c    ****         
 471:MOVEMENT.c    ****         
 472:MOVEMENT.c    ****         if (current == STRAIGHT && (i + 1 < length) && instructions[i + 1] == STRAIGHT)
 1386              		.loc 1 472 0
 1387 001e BB7D     		ldrb	r3, [r7, #22]	@ zero_extendqisi2
 1388 0020 002B     		cmp	r3, #0
 1389 0022 11D1     		bne	.L93
 1390              		.loc 1 472 0 is_stmt 0 discriminator 1
 1391 0024 FB7D     		ldrb	r3, [r7, #23]	@ zero_extendqisi2
 1392 0026 5A1C     		adds	r2, r3, #1
 1393 0028 FB7A     		ldrb	r3, [r7, #11]	@ zero_extendqisi2
ARM GAS  C:\Users\cta10\AppData\Local\Temp\ccDzvORH.s 			page 34


 1394 002a 9A42     		cmp	r2, r3
 1395 002c 0CDA     		bge	.L93
 1396              		.loc 1 472 0 discriminator 2
 1397 002e FB7D     		ldrb	r3, [r7, #23]	@ zero_extendqisi2
 1398 0030 0133     		adds	r3, r3, #1
 1399 0032 FA68     		ldr	r2, [r7, #12]
 1400 0034 1344     		add	r3, r3, r2
 1401 0036 1B78     		ldrb	r3, [r3]	@ zero_extendqisi2
 1402 0038 002B     		cmp	r3, #0
 1403 003a 05D1     		bne	.L93
 473:MOVEMENT.c    ****         {
 474:MOVEMENT.c    ****             move_forward_skip_one_intersection();
 1404              		.loc 1 474 0 is_stmt 1
 1405 003c FFF7FEFF 		bl	move_forward_skip_one_intersection
 475:MOVEMENT.c    ****             i++; // skip the next STRAIGHT since it’s handled
 1406              		.loc 1 475 0
 1407 0040 FB7D     		ldrb	r3, [r7, #23]	@ zero_extendqisi2
 1408 0042 0133     		adds	r3, r3, #1
 1409 0044 FB75     		strb	r3, [r7, #23]
 1410 0046 04E0     		b	.L94
 1411              	.L93:
 476:MOVEMENT.c    ****         }
 477:MOVEMENT.c    ****         else
 478:MOVEMENT.c    ****         {
 479:MOVEMENT.c    ****             execute_instruction(current, food_distances);
 1412              		.loc 1 479 0
 1413 0048 BB7D     		ldrb	r3, [r7, #22]	@ zero_extendqisi2
 1414 004a 7968     		ldr	r1, [r7, #4]
 1415 004c 1846     		mov	r0, r3
 1416 004e FFF7FEFF 		bl	execute_instruction
 1417              	.L94:
 480:MOVEMENT.c    ****         }
 481:MOVEMENT.c    ****        
 482:MOVEMENT.c    **** 
 483:MOVEMENT.c    ****         if (current == STOP) break;
 1418              		.loc 1 483 0
 1419 0052 BB7D     		ldrb	r3, [r7, #22]	@ zero_extendqisi2
 1420 0054 032B     		cmp	r3, #3
 1421 0056 07D0     		beq	.L98
 1422              	.LBE14:
 466:MOVEMENT.c    ****     {
 1423              		.loc 1 466 0 discriminator 2
 1424 0058 FB7D     		ldrb	r3, [r7, #23]	@ zero_extendqisi2
 1425 005a 0133     		adds	r3, r3, #1
 1426 005c FB75     		strb	r3, [r7, #23]
 1427              	.L92:
 466:MOVEMENT.c    ****     {
 1428              		.loc 1 466 0 is_stmt 0 discriminator 1
 1429 005e FA7D     		ldrb	r2, [r7, #23]	@ zero_extendqisi2
 1430 0060 FB7A     		ldrb	r3, [r7, #11]	@ zero_extendqisi2
 1431 0062 9A42     		cmp	r2, r3
 1432 0064 D6D3     		bcc	.L97
 1433              	.LBE13:
 484:MOVEMENT.c    ****     }
 485:MOVEMENT.c    **** }
 1434              		.loc 1 485 0 is_stmt 1
 1435 0066 00E0     		b	.L96
ARM GAS  C:\Users\cta10\AppData\Local\Temp\ccDzvORH.s 			page 35


 1436              	.L98:
 1437              	.LBB16:
 1438              	.LBB15:
 483:MOVEMENT.c    ****     }
 1439              		.loc 1 483 0
 1440 0068 00BF     		nop
 1441              	.L96:
 1442              	.LBE15:
 1443              	.LBE16:
 1444              		.loc 1 485 0
 1445 006a 00BF     		nop
 1446 006c 1837     		adds	r7, r7, #24
 1447              		.cfi_def_cfa_offset 8
 1448 006e BD46     		mov	sp, r7
 1449              		.cfi_def_cfa_register 13
 1450              		@ sp needed
 1451 0070 80BD     		pop	{r7, pc}
 1452              		.cfi_endproc
 1453              	.LFE77:
 1454              		.size	execute_path, .-execute_path
 1455 0072 00BF     		.bss
 1456 0005 000000   		.align	2
 1457              	turn_cooldown.8577:
 1458 0008 00000000 		.space	4
 1459              		.text
 1460              	.Letext0:
 1461              		.file 2 "c:\\cypress\\psoc creator\\4.4\\psoc creator\\import\\gnu\\arm\\5.4.1\\arm-none-eabi\\inc
 1462              		.file 3 "c:\\cypress\\psoc creator\\4.4\\psoc creator\\import\\gnu\\arm\\5.4.1\\arm-none-eabi\\inc
 1463              		.file 4 "Generated_Source\\PSoC5/cytypes.h"
 1464              		.file 5 "Generated_Source\\PSoC5/core_cm3.h"
 1465              		.file 6 "SENSORS_READ.h"
 1466              		.section	.debug_info,"",%progbits
 1467              	.Ldebug_info0:
 1468 0000 1E050000 		.4byte	0x51e
 1469 0004 0400     		.2byte	0x4
 1470 0006 00000000 		.4byte	.Ldebug_abbrev0
 1471 000a 04       		.byte	0x4
 1472 000b 01       		.uleb128 0x1
 1473 000c 99000000 		.4byte	.LASF68
 1474 0010 0C       		.byte	0xc
 1475 0011 77030000 		.4byte	.LASF69
 1476 0015 34000000 		.4byte	.LASF70
 1477 0019 90000000 		.4byte	.Ldebug_ranges0+0x90
 1478 001d 00000000 		.4byte	0
 1479 0021 00000000 		.4byte	.Ldebug_line0
 1480 0025 02       		.uleb128 0x2
 1481 0026 01       		.byte	0x1
 1482 0027 06       		.byte	0x6
 1483 0028 AF010000 		.4byte	.LASF0
 1484 002c 03       		.uleb128 0x3
 1485 002d 1A020000 		.4byte	.LASF3
 1486 0031 02       		.byte	0x2
 1487 0032 1D       		.byte	0x1d
 1488 0033 37000000 		.4byte	0x37
 1489 0037 02       		.uleb128 0x2
 1490 0038 01       		.byte	0x1
 1491 0039 08       		.byte	0x8
ARM GAS  C:\Users\cta10\AppData\Local\Temp\ccDzvORH.s 			page 36


 1492 003a 4E020000 		.4byte	.LASF1
 1493 003e 02       		.uleb128 0x2
 1494 003f 02       		.byte	0x2
 1495 0040 05       		.byte	0x5
 1496 0041 49010000 		.4byte	.LASF2
 1497 0045 03       		.uleb128 0x3
 1498 0046 3E010000 		.4byte	.LASF4
 1499 004a 02       		.byte	0x2
 1500 004b 2B       		.byte	0x2b
 1501 004c 50000000 		.4byte	0x50
 1502 0050 02       		.uleb128 0x2
 1503 0051 02       		.byte	0x2
 1504 0052 07       		.byte	0x7
 1505 0053 F4020000 		.4byte	.LASF5
 1506 0057 03       		.uleb128 0x3
 1507 0058 6D030000 		.4byte	.LASF6
 1508 005c 02       		.byte	0x2
 1509 005d 3F       		.byte	0x3f
 1510 005e 62000000 		.4byte	0x62
 1511 0062 02       		.uleb128 0x2
 1512 0063 04       		.byte	0x4
 1513 0064 05       		.byte	0x5
 1514 0065 E3020000 		.4byte	.LASF7
 1515 0069 03       		.uleb128 0x3
 1516 006a 33010000 		.4byte	.LASF8
 1517 006e 02       		.byte	0x2
 1518 006f 41       		.byte	0x41
 1519 0070 74000000 		.4byte	0x74
 1520 0074 02       		.uleb128 0x2
 1521 0075 04       		.byte	0x4
 1522 0076 07       		.byte	0x7
 1523 0077 40030000 		.4byte	.LASF9
 1524 007b 02       		.uleb128 0x2
 1525 007c 08       		.byte	0x8
 1526 007d 05       		.byte	0x5
 1527 007e DD010000 		.4byte	.LASF10
 1528 0082 02       		.uleb128 0x2
 1529 0083 08       		.byte	0x8
 1530 0084 07       		.byte	0x7
 1531 0085 6C020000 		.4byte	.LASF11
 1532 0089 04       		.uleb128 0x4
 1533 008a 04       		.byte	0x4
 1534 008b 05       		.byte	0x5
 1535 008c 696E7400 		.ascii	"int\000"
 1536 0090 02       		.uleb128 0x2
 1537 0091 04       		.byte	0x4
 1538 0092 07       		.byte	0x7
 1539 0093 99020000 		.4byte	.LASF12
 1540 0097 03       		.uleb128 0x3
 1541 0098 70010000 		.4byte	.LASF13
 1542 009c 03       		.byte	0x3
 1543 009d 18       		.byte	0x18
 1544 009e 2C000000 		.4byte	0x2c
 1545 00a2 03       		.uleb128 0x3
 1546 00a3 A6020000 		.4byte	.LASF14
 1547 00a7 03       		.byte	0x3
 1548 00a8 24       		.byte	0x24
ARM GAS  C:\Users\cta10\AppData\Local\Temp\ccDzvORH.s 			page 37


 1549 00a9 45000000 		.4byte	0x45
 1550 00ad 03       		.uleb128 0x3
 1551 00ae EC020000 		.4byte	.LASF15
 1552 00b2 03       		.byte	0x3
 1553 00b3 2C       		.byte	0x2c
 1554 00b4 57000000 		.4byte	0x57
 1555 00b8 03       		.uleb128 0x3
 1556 00b9 83020000 		.4byte	.LASF16
 1557 00bd 03       		.byte	0x3
 1558 00be 30       		.byte	0x30
 1559 00bf 69000000 		.4byte	0x69
 1560 00c3 05       		.uleb128 0x5
 1561 00c4 7F010000 		.4byte	.LASF17
 1562 00c8 04       		.byte	0x4
 1563 00c9 E901     		.2byte	0x1e9
 1564 00cb 37000000 		.4byte	0x37
 1565 00cf 05       		.uleb128 0x5
 1566 00d0 69010000 		.4byte	.LASF18
 1567 00d4 04       		.byte	0x4
 1568 00d5 EA01     		.2byte	0x1ea
 1569 00d7 50000000 		.4byte	0x50
 1570 00db 05       		.uleb128 0x5
 1571 00dc 52030000 		.4byte	.LASF19
 1572 00e0 04       		.byte	0x4
 1573 00e1 EE01     		.2byte	0x1ee
 1574 00e3 62000000 		.4byte	0x62
 1575 00e7 02       		.uleb128 0x2
 1576 00e8 04       		.byte	0x4
 1577 00e9 04       		.byte	0x4
 1578 00ea C2010000 		.4byte	.LASF20
 1579 00ee 02       		.uleb128 0x2
 1580 00ef 08       		.byte	0x8
 1581 00f0 04       		.byte	0x4
 1582 00f1 58030000 		.4byte	.LASF21
 1583 00f5 02       		.uleb128 0x2
 1584 00f6 01       		.byte	0x1
 1585 00f7 08       		.byte	0x8
 1586 00f8 EB010000 		.4byte	.LASF22
 1587 00fc 02       		.uleb128 0x2
 1588 00fd 08       		.byte	0x8
 1589 00fe 04       		.byte	0x4
 1590 00ff 27010000 		.4byte	.LASF23
 1591 0103 02       		.uleb128 0x2
 1592 0104 04       		.byte	0x4
 1593 0105 07       		.byte	0x7
 1594 0106 90000000 		.4byte	.LASF24
 1595 010a 06       		.uleb128 0x6
 1596 010b 01       		.byte	0x1
 1597 010c 37000000 		.4byte	0x37
 1598 0110 06       		.byte	0x6
 1599 0111 1B       		.byte	0x1b
 1600 0112 3B010000 		.4byte	0x13b
 1601 0116 07       		.uleb128 0x7
 1602 0117 93010000 		.4byte	.LASF25
 1603 011b 00       		.byte	0
 1604 011c 07       		.uleb128 0x7
 1605 011d 5F010000 		.4byte	.LASF26
ARM GAS  C:\Users\cta10\AppData\Local\Temp\ccDzvORH.s 			page 38


 1606 0121 01       		.byte	0x1
 1607 0122 07       		.uleb128 0x7
 1608 0123 C8020000 		.4byte	.LASF27
 1609 0127 02       		.byte	0x2
 1610 0128 07       		.uleb128 0x7
 1611 0129 82030000 		.4byte	.LASF28
 1612 012d 03       		.byte	0x3
 1613 012e 07       		.uleb128 0x7
 1614 012f 18030000 		.4byte	.LASF29
 1615 0133 04       		.byte	0x4
 1616 0134 07       		.uleb128 0x7
 1617 0135 0A000000 		.4byte	.LASF30
 1618 0139 05       		.byte	0x5
 1619 013a 00       		.byte	0
 1620 013b 08       		.uleb128 0x8
 1621 013c BD020000 		.4byte	.LASF31
 1622 0140 01       		.byte	0x1
 1623 0141 09       		.byte	0x9
 1624 0142 00000000 		.4byte	.LFB64
 1625 0146 1C000000 		.4byte	.LFE64-.LFB64
 1626 014a 01       		.uleb128 0x1
 1627 014b 9C       		.byte	0x9c
 1628 014c 5F010000 		.4byte	0x15f
 1629 0150 09       		.uleb128 0x9
 1630 0151 76616C00 		.ascii	"val\000"
 1631 0155 01       		.byte	0x1
 1632 0156 09       		.byte	0x9
 1633 0157 CF000000 		.4byte	0xcf
 1634 015b 02       		.uleb128 0x2
 1635 015c 91       		.byte	0x91
 1636 015d 76       		.sleb128 -10
 1637 015e 00       		.byte	0
 1638 015f 08       		.uleb128 0x8
 1639 0160 53010000 		.4byte	.LASF32
 1640 0164 01       		.byte	0x1
 1641 0165 0A       		.byte	0xa
 1642 0166 00000000 		.4byte	.LFB65
 1643 016a 1C000000 		.4byte	.LFE65-.LFB65
 1644 016e 01       		.uleb128 0x1
 1645 016f 9C       		.byte	0x9c
 1646 0170 83010000 		.4byte	0x183
 1647 0174 09       		.uleb128 0x9
 1648 0175 76616C00 		.ascii	"val\000"
 1649 0179 01       		.byte	0x1
 1650 017a 0A       		.byte	0xa
 1651 017b CF000000 		.4byte	0xcf
 1652 017f 02       		.uleb128 0x2
 1653 0180 91       		.byte	0x91
 1654 0181 76       		.sleb128 -10
 1655 0182 00       		.byte	0
 1656 0183 0A       		.uleb128 0xa
 1657 0184 D3020000 		.4byte	.LASF33
 1658 0188 01       		.byte	0x1
 1659 0189 30       		.byte	0x30
 1660 018a 00000000 		.4byte	.LFB66
 1661 018e 14000000 		.4byte	.LFE66-.LFB66
 1662 0192 01       		.uleb128 0x1
ARM GAS  C:\Users\cta10\AppData\Local\Temp\ccDzvORH.s 			page 39


 1663 0193 9C       		.byte	0x9c
 1664 0194 0A       		.uleb128 0xa
 1665 0195 91030000 		.4byte	.LASF34
 1666 0199 01       		.byte	0x1
 1667 019a 36       		.byte	0x36
 1668 019b 00000000 		.4byte	.LFB67
 1669 019f EC000000 		.4byte	.LFE67-.LFB67
 1670 01a3 01       		.uleb128 0x1
 1671 01a4 9C       		.byte	0x9c
 1672 01a5 08       		.uleb128 0x8
 1673 01a6 9C010000 		.4byte	.LASF35
 1674 01aa 01       		.byte	0x1
 1675 01ab 59       		.byte	0x59
 1676 01ac 00000000 		.4byte	.LFB68
 1677 01b0 66000000 		.4byte	.LFE68-.LFB68
 1678 01b4 01       		.uleb128 0x1
 1679 01b5 9C       		.byte	0x9c
 1680 01b6 E7010000 		.4byte	0x1e7
 1681 01ba 0B       		.uleb128 0xb
 1682 01bb B7020000 		.4byte	.LASF36
 1683 01bf 01       		.byte	0x1
 1684 01c0 59       		.byte	0x59
 1685 01c1 DB000000 		.4byte	0xdb
 1686 01c5 02       		.uleb128 0x2
 1687 01c6 91       		.byte	0x91
 1688 01c7 6C       		.sleb128 -20
 1689 01c8 0C       		.uleb128 0xc
 1690 01c9 00000000 		.4byte	.Ldebug_ranges0+0
 1691 01cd 0D       		.uleb128 0xd
 1692 01ce 4C00     		.ascii	"L\000"
 1693 01d0 01       		.byte	0x1
 1694 01d1 63       		.byte	0x63
 1695 01d2 DB000000 		.4byte	0xdb
 1696 01d6 02       		.uleb128 0x2
 1697 01d7 91       		.byte	0x91
 1698 01d8 74       		.sleb128 -12
 1699 01d9 0D       		.uleb128 0xd
 1700 01da 5200     		.ascii	"R\000"
 1701 01dc 01       		.byte	0x1
 1702 01dd 64       		.byte	0x64
 1703 01de DB000000 		.4byte	0xdb
 1704 01e2 02       		.uleb128 0x2
 1705 01e3 91       		.byte	0x91
 1706 01e4 70       		.sleb128 -16
 1707 01e5 00       		.byte	0
 1708 01e6 00       		.byte	0
 1709 01e7 08       		.uleb128 0x8
 1710 01e8 C8010000 		.4byte	.LASF37
 1711 01ec 01       		.byte	0x1
 1712 01ed 70       		.byte	0x70
 1713 01ee 00000000 		.4byte	.LFB69
 1714 01f2 D4000000 		.4byte	.LFE69-.LFB69
 1715 01f6 01       		.uleb128 0x1
 1716 01f7 9C       		.byte	0x9c
 1717 01f8 29020000 		.4byte	0x229
 1718 01fc 0B       		.uleb128 0xb
 1719 01fd B7020000 		.4byte	.LASF36
ARM GAS  C:\Users\cta10\AppData\Local\Temp\ccDzvORH.s 			page 40


 1720 0201 01       		.byte	0x1
 1721 0202 70       		.byte	0x70
 1722 0203 DB000000 		.4byte	0xdb
 1723 0207 02       		.uleb128 0x2
 1724 0208 91       		.byte	0x91
 1725 0209 6C       		.sleb128 -20
 1726 020a 0C       		.uleb128 0xc
 1727 020b 18000000 		.4byte	.Ldebug_ranges0+0x18
 1728 020f 0D       		.uleb128 0xd
 1729 0210 4C00     		.ascii	"L\000"
 1730 0212 01       		.byte	0x1
 1731 0213 84       		.byte	0x84
 1732 0214 DB000000 		.4byte	0xdb
 1733 0218 02       		.uleb128 0x2
 1734 0219 91       		.byte	0x91
 1735 021a 74       		.sleb128 -12
 1736 021b 0D       		.uleb128 0xd
 1737 021c 5200     		.ascii	"R\000"
 1738 021e 01       		.byte	0x1
 1739 021f 85       		.byte	0x85
 1740 0220 DB000000 		.4byte	0xdb
 1741 0224 02       		.uleb128 0x2
 1742 0225 91       		.byte	0x91
 1743 0226 70       		.sleb128 -16
 1744 0227 00       		.byte	0
 1745 0228 00       		.byte	0
 1746 0229 08       		.uleb128 0x8
 1747 022a 85010000 		.4byte	.LASF38
 1748 022e 01       		.byte	0x1
 1749 022f 8D       		.byte	0x8d
 1750 0230 00000000 		.4byte	.LFB70
 1751 0234 F4000000 		.4byte	.LFE70-.LFB70
 1752 0238 01       		.uleb128 0x1
 1753 0239 9C       		.byte	0x9c
 1754 023a 7D020000 		.4byte	0x27d
 1755 023e 0E       		.uleb128 0xe
 1756 023f 87030000 		.4byte	.LASF39
 1757 0243 01       		.byte	0x1
 1758 0244 99       		.byte	0x99
 1759 0245 7D020000 		.4byte	0x27d
 1760 0249 02       		.uleb128 0x2
 1761 024a 91       		.byte	0x91
 1762 024b 77       		.sleb128 -9
 1763 024c 0E       		.uleb128 0xe
 1764 024d 3D020000 		.4byte	.LASF40
 1765 0251 01       		.byte	0x1
 1766 0252 9A       		.byte	0x9a
 1767 0253 7D020000 		.4byte	0x27d
 1768 0257 02       		.uleb128 0x2
 1769 0258 91       		.byte	0x91
 1770 0259 76       		.sleb128 -10
 1771 025a 0F       		.uleb128 0xf
 1772 025b 2E000000 		.4byte	.LBB6
 1773 025f 54000000 		.4byte	.LBE6-.LBB6
 1774 0263 0D       		.uleb128 0xd
 1775 0264 4C00     		.ascii	"L\000"
 1776 0266 01       		.byte	0x1
ARM GAS  C:\Users\cta10\AppData\Local\Temp\ccDzvORH.s 			page 41


 1777 0267 9E       		.byte	0x9e
 1778 0268 DB000000 		.4byte	0xdb
 1779 026c 02       		.uleb128 0x2
 1780 026d 91       		.byte	0x91
 1781 026e 70       		.sleb128 -16
 1782 026f 0D       		.uleb128 0xd
 1783 0270 5200     		.ascii	"R\000"
 1784 0272 01       		.byte	0x1
 1785 0273 9F       		.byte	0x9f
 1786 0274 DB000000 		.4byte	0xdb
 1787 0278 02       		.uleb128 0x2
 1788 0279 91       		.byte	0x91
 1789 027a 6C       		.sleb128 -20
 1790 027b 00       		.byte	0
 1791 027c 00       		.byte	0
 1792 027d 02       		.uleb128 0x2
 1793 027e 01       		.byte	0x1
 1794 027f 02       		.byte	0x2
 1795 0280 12030000 		.4byte	.LASF41
 1796 0284 08       		.uleb128 0x8
 1797 0285 25000000 		.4byte	.LASF42
 1798 0289 01       		.byte	0x1
 1799 028a BC       		.byte	0xbc
 1800 028b 00000000 		.4byte	.LFB71
 1801 028f F4000000 		.4byte	.LFE71-.LFB71
 1802 0293 01       		.uleb128 0x1
 1803 0294 9C       		.byte	0x9c
 1804 0295 D8020000 		.4byte	0x2d8
 1805 0299 0E       		.uleb128 0xe
 1806 029a 87030000 		.4byte	.LASF39
 1807 029e 01       		.byte	0x1
 1808 029f C8       		.byte	0xc8
 1809 02a0 7D020000 		.4byte	0x27d
 1810 02a4 02       		.uleb128 0x2
 1811 02a5 91       		.byte	0x91
 1812 02a6 77       		.sleb128 -9
 1813 02a7 0E       		.uleb128 0xe
 1814 02a8 3D020000 		.4byte	.LASF40
 1815 02ac 01       		.byte	0x1
 1816 02ad C9       		.byte	0xc9
 1817 02ae 7D020000 		.4byte	0x27d
 1818 02b2 02       		.uleb128 0x2
 1819 02b3 91       		.byte	0x91
 1820 02b4 76       		.sleb128 -10
 1821 02b5 0F       		.uleb128 0xf
 1822 02b6 2E000000 		.4byte	.LBB7
 1823 02ba 54000000 		.4byte	.LBE7-.LBB7
 1824 02be 0D       		.uleb128 0xd
 1825 02bf 4C00     		.ascii	"L\000"
 1826 02c1 01       		.byte	0x1
 1827 02c2 CD       		.byte	0xcd
 1828 02c3 DB000000 		.4byte	0xdb
 1829 02c7 02       		.uleb128 0x2
 1830 02c8 91       		.byte	0x91
 1831 02c9 70       		.sleb128 -16
 1832 02ca 0D       		.uleb128 0xd
 1833 02cb 5200     		.ascii	"R\000"
ARM GAS  C:\Users\cta10\AppData\Local\Temp\ccDzvORH.s 			page 42


 1834 02cd 01       		.byte	0x1
 1835 02ce CE       		.byte	0xce
 1836 02cf DB000000 		.4byte	0xdb
 1837 02d3 02       		.uleb128 0x2
 1838 02d4 91       		.byte	0x91
 1839 02d5 6C       		.sleb128 -20
 1840 02d6 00       		.byte	0
 1841 02d7 00       		.byte	0
 1842 02d8 08       		.uleb128 0x8
 1843 02d9 24020000 		.4byte	.LASF43
 1844 02dd 01       		.byte	0x1
 1845 02de EE       		.byte	0xee
 1846 02df 00000000 		.4byte	.LFB72
 1847 02e3 70000000 		.4byte	.LFE72-.LFB72
 1848 02e7 01       		.uleb128 0x1
 1849 02e8 9C       		.byte	0x9c
 1850 02e9 17030000 		.4byte	0x317
 1851 02ed 10       		.uleb128 0x10
 1852 02ee 30000000 		.4byte	.Ldebug_ranges0+0x30
 1853 02f2 03030000 		.4byte	0x303
 1854 02f6 0D       		.uleb128 0xd
 1855 02f7 4C00     		.ascii	"L\000"
 1856 02f9 01       		.byte	0x1
 1857 02fa F7       		.byte	0xf7
 1858 02fb DB000000 		.4byte	0xdb
 1859 02ff 02       		.uleb128 0x2
 1860 0300 91       		.byte	0x91
 1861 0301 74       		.sleb128 -12
 1862 0302 00       		.byte	0
 1863 0303 0C       		.uleb128 0xc
 1864 0304 48000000 		.4byte	.Ldebug_ranges0+0x48
 1865 0308 11       		.uleb128 0x11
 1866 0309 5200     		.ascii	"R\000"
 1867 030b 01       		.byte	0x1
 1868 030c 0001     		.2byte	0x100
 1869 030e DB000000 		.4byte	0xdb
 1870 0312 02       		.uleb128 0x2
 1871 0313 91       		.byte	0x91
 1872 0314 70       		.sleb128 -16
 1873 0315 00       		.byte	0
 1874 0316 00       		.byte	0
 1875 0317 12       		.uleb128 0x12
 1876 0318 FA010000 		.4byte	.LASF44
 1877 031c 01       		.byte	0x1
 1878 031d 4A01     		.2byte	0x14a
 1879 031f 00000000 		.4byte	.LFB73
 1880 0323 E0000000 		.4byte	.LFE73-.LFB73
 1881 0327 01       		.uleb128 0x1
 1882 0328 9C       		.byte	0x9c
 1883 0329 A2030000 		.4byte	0x3a2
 1884 032d 13       		.uleb128 0x13
 1885 032e 5F030000 		.4byte	.LASF45
 1886 0332 01       		.byte	0x1
 1887 0333 4C01     		.2byte	0x14c
 1888 0335 B8000000 		.4byte	0xb8
 1889 0339 05       		.uleb128 0x5
 1890 033a 03       		.byte	0x3
ARM GAS  C:\Users\cta10\AppData\Local\Temp\ccDzvORH.s 			page 43


 1891 033b 08000000 		.4byte	turn_cooldown.8577
 1892 033f 13       		.uleb128 0x13
 1893 0340 78010000 		.4byte	.LASF46
 1894 0344 01       		.byte	0x1
 1895 0345 4D01     		.2byte	0x14d
 1896 0347 89000000 		.4byte	0x89
 1897 034b 02       		.uleb128 0x2
 1898 034c 91       		.byte	0x91
 1899 034d 74       		.sleb128 -12
 1900 034e 0F       		.uleb128 0xf
 1901 034f 0C000000 		.4byte	.LBB12
 1902 0353 B4000000 		.4byte	.LBE12-.LBB12
 1903 0357 11       		.uleb128 0x11
 1904 0358 6F3300   		.ascii	"o3\000"
 1905 035b 01       		.byte	0x1
 1906 035c 5101     		.2byte	0x151
 1907 035e C3000000 		.4byte	0xc3
 1908 0362 02       		.uleb128 0x2
 1909 0363 91       		.byte	0x91
 1910 0364 71       		.sleb128 -15
 1911 0365 11       		.uleb128 0x11
 1912 0366 6F3600   		.ascii	"o6\000"
 1913 0369 01       		.byte	0x1
 1914 036a 5201     		.2byte	0x152
 1915 036c C3000000 		.4byte	0xc3
 1916 0370 02       		.uleb128 0x2
 1917 0371 91       		.byte	0x91
 1918 0372 70       		.sleb128 -16
 1919 0373 13       		.uleb128 0x13
 1920 0374 F0010000 		.4byte	.LASF47
 1921 0378 01       		.byte	0x1
 1922 0379 5C01     		.2byte	0x15c
 1923 037b 7D020000 		.4byte	0x27d
 1924 037f 02       		.uleb128 0x2
 1925 0380 91       		.byte	0x91
 1926 0381 73       		.sleb128 -13
 1927 0382 13       		.uleb128 0x13
 1928 0383 0F000000 		.4byte	.LASF48
 1929 0387 01       		.byte	0x1
 1930 0388 5D01     		.2byte	0x15d
 1931 038a 7D020000 		.4byte	0x27d
 1932 038e 02       		.uleb128 0x2
 1933 038f 91       		.byte	0x91
 1934 0390 72       		.sleb128 -14
 1935 0391 13       		.uleb128 0x13
 1936 0392 8C020000 		.4byte	.LASF49
 1937 0396 01       		.byte	0x1
 1938 0397 6D01     		.2byte	0x16d
 1939 0399 7D020000 		.4byte	0x27d
 1940 039d 02       		.uleb128 0x2
 1941 039e 91       		.byte	0x91
 1942 039f 6F       		.sleb128 -17
 1943 03a0 00       		.byte	0
 1944 03a1 00       		.byte	0
 1945 03a2 12       		.uleb128 0x12
 1946 03a3 AC030000 		.4byte	.LASF50
 1947 03a7 01       		.byte	0x1
ARM GAS  C:\Users\cta10\AppData\Local\Temp\ccDzvORH.s 			page 44


 1948 03a8 8201     		.2byte	0x182
 1949 03aa 00000000 		.4byte	.LFB74
 1950 03ae 2A000000 		.4byte	.LFE74-.LFB74
 1951 03b2 01       		.uleb128 0x1
 1952 03b3 9C       		.byte	0x9c
 1953 03b4 C8030000 		.4byte	0x3c8
 1954 03b8 14       		.uleb128 0x14
 1955 03b9 2F020000 		.4byte	.LASF51
 1956 03bd 01       		.byte	0x1
 1957 03be 8201     		.2byte	0x182
 1958 03c0 97000000 		.4byte	0x97
 1959 03c4 02       		.uleb128 0x2
 1960 03c5 91       		.byte	0x91
 1961 03c6 77       		.sleb128 -9
 1962 03c7 00       		.byte	0
 1963 03c8 12       		.uleb128 0x12
 1964 03c9 6D000000 		.4byte	.LASF52
 1965 03cd 01       		.byte	0x1
 1966 03ce 8C01     		.2byte	0x18c
 1967 03d0 00000000 		.4byte	.LFB75
 1968 03d4 58000000 		.4byte	.LFE75-.LFB75
 1969 03d8 01       		.uleb128 0x1
 1970 03d9 9C       		.byte	0x9c
 1971 03da EC030000 		.4byte	0x3ec
 1972 03de 11       		.uleb128 0x11
 1973 03df 4C00     		.ascii	"L\000"
 1974 03e1 01       		.byte	0x1
 1975 03e2 9401     		.2byte	0x194
 1976 03e4 DB000000 		.4byte	0xdb
 1977 03e8 02       		.uleb128 0x2
 1978 03e9 91       		.byte	0x91
 1979 03ea 74       		.sleb128 -12
 1980 03eb 00       		.byte	0
 1981 03ec 12       		.uleb128 0x12
 1982 03ed 2C030000 		.4byte	.LASF53
 1983 03f1 01       		.byte	0x1
 1984 03f2 AB01     		.2byte	0x1ab
 1985 03f4 00000000 		.4byte	.LFB76
 1986 03f8 88000000 		.4byte	.LFE76-.LFB76
 1987 03fc 01       		.uleb128 0x1
 1988 03fd 9C       		.byte	0x9c
 1989 03fe 21040000 		.4byte	0x421
 1990 0402 14       		.uleb128 0x14
 1991 0403 48020000 		.4byte	.LASF54
 1992 0407 01       		.byte	0x1
 1993 0408 AB01     		.2byte	0x1ab
 1994 040a 97000000 		.4byte	0x97
 1995 040e 02       		.uleb128 0x2
 1996 040f 91       		.byte	0x91
 1997 0410 77       		.sleb128 -9
 1998 0411 14       		.uleb128 0x14
 1999 0412 9D030000 		.4byte	.LASF55
 2000 0416 01       		.byte	0x1
 2001 0417 AB01     		.2byte	0x1ab
 2002 0419 21040000 		.4byte	0x421
 2003 041d 02       		.uleb128 0x2
 2004 041e 91       		.byte	0x91
ARM GAS  C:\Users\cta10\AppData\Local\Temp\ccDzvORH.s 			page 45


 2005 041f 70       		.sleb128 -16
 2006 0420 00       		.byte	0
 2007 0421 15       		.uleb128 0x15
 2008 0422 04       		.byte	0x4
 2009 0423 A2000000 		.4byte	0xa2
 2010 0427 12       		.uleb128 0x12
 2011 0428 1F030000 		.4byte	.LASF56
 2012 042c 01       		.byte	0x1
 2013 042d D001     		.2byte	0x1d0
 2014 042f 00000000 		.4byte	.LFB77
 2015 0433 72000000 		.4byte	.LFE77-.LFB77
 2016 0437 01       		.uleb128 0x1
 2017 0438 9C       		.byte	0x9c
 2018 0439 93040000 		.4byte	0x493
 2019 043d 14       		.uleb128 0x14
 2020 043e DE030000 		.4byte	.LASF57
 2021 0442 01       		.byte	0x1
 2022 0443 D001     		.2byte	0x1d0
 2023 0445 93040000 		.4byte	0x493
 2024 0449 02       		.uleb128 0x2
 2025 044a 91       		.byte	0x91
 2026 044b 6C       		.sleb128 -20
 2027 044c 14       		.uleb128 0x14
 2028 044d BB010000 		.4byte	.LASF58
 2029 0451 01       		.byte	0x1
 2030 0452 D001     		.2byte	0x1d0
 2031 0454 97000000 		.4byte	0x97
 2032 0458 02       		.uleb128 0x2
 2033 0459 91       		.byte	0x91
 2034 045a 6B       		.sleb128 -21
 2035 045b 14       		.uleb128 0x14
 2036 045c 9D030000 		.4byte	.LASF55
 2037 0460 01       		.byte	0x1
 2038 0461 D001     		.2byte	0x1d0
 2039 0463 21040000 		.4byte	0x421
 2040 0467 02       		.uleb128 0x2
 2041 0468 91       		.byte	0x91
 2042 0469 64       		.sleb128 -28
 2043 046a 0C       		.uleb128 0xc
 2044 046b 60000000 		.4byte	.Ldebug_ranges0+0x60
 2045 046f 11       		.uleb128 0x11
 2046 0470 6900     		.ascii	"i\000"
 2047 0472 01       		.byte	0x1
 2048 0473 D201     		.2byte	0x1d2
 2049 0475 97000000 		.4byte	0x97
 2050 0479 02       		.uleb128 0x2
 2051 047a 91       		.byte	0x91
 2052 047b 77       		.sleb128 -9
 2053 047c 0C       		.uleb128 0xc
 2054 047d 78000000 		.4byte	.Ldebug_ranges0+0x78
 2055 0481 13       		.uleb128 0x13
 2056 0482 AF020000 		.4byte	.LASF59
 2057 0486 01       		.byte	0x1
 2058 0487 D401     		.2byte	0x1d4
 2059 0489 97000000 		.4byte	0x97
 2060 048d 02       		.uleb128 0x2
 2061 048e 91       		.byte	0x91
ARM GAS  C:\Users\cta10\AppData\Local\Temp\ccDzvORH.s 			page 46


 2062 048f 76       		.sleb128 -10
 2063 0490 00       		.byte	0
 2064 0491 00       		.byte	0
 2065 0492 00       		.byte	0
 2066 0493 15       		.uleb128 0x15
 2067 0494 04       		.byte	0x4
 2068 0495 97000000 		.4byte	0x97
 2069 0499 0E       		.uleb128 0xe
 2070 049a D8020000 		.4byte	.LASF60
 2071 049e 01       		.byte	0x1
 2072 049f 29       		.byte	0x29
 2073 04a0 97000000 		.4byte	0x97
 2074 04a4 05       		.uleb128 0x5
 2075 04a5 03       		.byte	0x3
 2076 04a6 00000000 		.4byte	food_index
 2077 04aa 0E       		.uleb128 0xe
 2078 04ab 07030000 		.4byte	.LASF61
 2079 04af 01       		.byte	0x1
 2080 04b0 2A       		.byte	0x2a
 2081 04b1 A2000000 		.4byte	0xa2
 2082 04b5 05       		.uleb128 0x5
 2083 04b6 03       		.byte	0x3
 2084 04b7 02000000 		.4byte	count_down
 2085 04bb 16       		.uleb128 0x16
 2086 04bc B9030000 		.4byte	.LASF62
 2087 04c0 05       		.byte	0x5
 2088 04c1 1207     		.2byte	0x712
 2089 04c3 C7040000 		.4byte	0x4c7
 2090 04c7 17       		.uleb128 0x17
 2091 04c8 AD000000 		.4byte	0xad
 2092 04cc 18       		.uleb128 0x18
 2093 04cd C6030000 		.4byte	.LASF63
 2094 04d1 01       		.byte	0x1
 2095 04d2 24       		.byte	0x24
 2096 04d3 97000000 		.4byte	0x97
 2097 04d7 05       		.uleb128 0x5
 2098 04d8 03       		.byte	0x3
 2099 04d9 00000000 		.4byte	left_pwm
 2100 04dd 18       		.uleb128 0x18
 2101 04de 00000000 		.4byte	.LASF64
 2102 04e2 01       		.byte	0x1
 2103 04e3 25       		.byte	0x25
 2104 04e4 97000000 		.4byte	0x97
 2105 04e8 05       		.uleb128 0x5
 2106 04e9 03       		.byte	0x3
 2107 04ea 00000000 		.4byte	right_pwm
 2108 04ee 18       		.uleb128 0x18
 2109 04ef CF030000 		.4byte	.LASF65
 2110 04f3 01       		.byte	0x1
 2111 04f4 26       		.byte	0x26
 2112 04f5 97000000 		.4byte	0x97
 2113 04f9 05       		.uleb128 0x5
 2114 04fa 03       		.byte	0x3
 2115 04fb 00000000 		.4byte	drift_left_pwm
 2116 04ff 18       		.uleb128 0x18
 2117 0500 5C020000 		.4byte	.LASF66
 2118 0504 01       		.byte	0x1
ARM GAS  C:\Users\cta10\AppData\Local\Temp\ccDzvORH.s 			page 47


 2119 0505 27       		.byte	0x27
 2120 0506 97000000 		.4byte	0x97
 2121 050a 05       		.uleb128 0x5
 2122 050b 03       		.byte	0x3
 2123 050c 00000000 		.4byte	drift_right_pwm
 2124 0510 18       		.uleb128 0x18
 2125 0511 1A000000 		.4byte	.LASF67
 2126 0515 01       		.byte	0x1
 2127 0516 2B       		.byte	0x2b
 2128 0517 97000000 		.4byte	0x97
 2129 051b 05       		.uleb128 0x5
 2130 051c 03       		.byte	0x3
 2131 051d 00000000 		.4byte	last_drift
 2132 0521 00       		.byte	0
 2133              		.section	.debug_abbrev,"",%progbits
 2134              	.Ldebug_abbrev0:
 2135 0000 01       		.uleb128 0x1
 2136 0001 11       		.uleb128 0x11
 2137 0002 01       		.byte	0x1
 2138 0003 25       		.uleb128 0x25
 2139 0004 0E       		.uleb128 0xe
 2140 0005 13       		.uleb128 0x13
 2141 0006 0B       		.uleb128 0xb
 2142 0007 03       		.uleb128 0x3
 2143 0008 0E       		.uleb128 0xe
 2144 0009 1B       		.uleb128 0x1b
 2145 000a 0E       		.uleb128 0xe
 2146 000b 55       		.uleb128 0x55
 2147 000c 17       		.uleb128 0x17
 2148 000d 11       		.uleb128 0x11
 2149 000e 01       		.uleb128 0x1
 2150 000f 10       		.uleb128 0x10
 2151 0010 17       		.uleb128 0x17
 2152 0011 00       		.byte	0
 2153 0012 00       		.byte	0
 2154 0013 02       		.uleb128 0x2
 2155 0014 24       		.uleb128 0x24
 2156 0015 00       		.byte	0
 2157 0016 0B       		.uleb128 0xb
 2158 0017 0B       		.uleb128 0xb
 2159 0018 3E       		.uleb128 0x3e
 2160 0019 0B       		.uleb128 0xb
 2161 001a 03       		.uleb128 0x3
 2162 001b 0E       		.uleb128 0xe
 2163 001c 00       		.byte	0
 2164 001d 00       		.byte	0
 2165 001e 03       		.uleb128 0x3
 2166 001f 16       		.uleb128 0x16
 2167 0020 00       		.byte	0
 2168 0021 03       		.uleb128 0x3
 2169 0022 0E       		.uleb128 0xe
 2170 0023 3A       		.uleb128 0x3a
 2171 0024 0B       		.uleb128 0xb
 2172 0025 3B       		.uleb128 0x3b
 2173 0026 0B       		.uleb128 0xb
 2174 0027 49       		.uleb128 0x49
 2175 0028 13       		.uleb128 0x13
ARM GAS  C:\Users\cta10\AppData\Local\Temp\ccDzvORH.s 			page 48


 2176 0029 00       		.byte	0
 2177 002a 00       		.byte	0
 2178 002b 04       		.uleb128 0x4
 2179 002c 24       		.uleb128 0x24
 2180 002d 00       		.byte	0
 2181 002e 0B       		.uleb128 0xb
 2182 002f 0B       		.uleb128 0xb
 2183 0030 3E       		.uleb128 0x3e
 2184 0031 0B       		.uleb128 0xb
 2185 0032 03       		.uleb128 0x3
 2186 0033 08       		.uleb128 0x8
 2187 0034 00       		.byte	0
 2188 0035 00       		.byte	0
 2189 0036 05       		.uleb128 0x5
 2190 0037 16       		.uleb128 0x16
 2191 0038 00       		.byte	0
 2192 0039 03       		.uleb128 0x3
 2193 003a 0E       		.uleb128 0xe
 2194 003b 3A       		.uleb128 0x3a
 2195 003c 0B       		.uleb128 0xb
 2196 003d 3B       		.uleb128 0x3b
 2197 003e 05       		.uleb128 0x5
 2198 003f 49       		.uleb128 0x49
 2199 0040 13       		.uleb128 0x13
 2200 0041 00       		.byte	0
 2201 0042 00       		.byte	0
 2202 0043 06       		.uleb128 0x6
 2203 0044 04       		.uleb128 0x4
 2204 0045 01       		.byte	0x1
 2205 0046 0B       		.uleb128 0xb
 2206 0047 0B       		.uleb128 0xb
 2207 0048 49       		.uleb128 0x49
 2208 0049 13       		.uleb128 0x13
 2209 004a 3A       		.uleb128 0x3a
 2210 004b 0B       		.uleb128 0xb
 2211 004c 3B       		.uleb128 0x3b
 2212 004d 0B       		.uleb128 0xb
 2213 004e 01       		.uleb128 0x1
 2214 004f 13       		.uleb128 0x13
 2215 0050 00       		.byte	0
 2216 0051 00       		.byte	0
 2217 0052 07       		.uleb128 0x7
 2218 0053 28       		.uleb128 0x28
 2219 0054 00       		.byte	0
 2220 0055 03       		.uleb128 0x3
 2221 0056 0E       		.uleb128 0xe
 2222 0057 1C       		.uleb128 0x1c
 2223 0058 0B       		.uleb128 0xb
 2224 0059 00       		.byte	0
 2225 005a 00       		.byte	0
 2226 005b 08       		.uleb128 0x8
 2227 005c 2E       		.uleb128 0x2e
 2228 005d 01       		.byte	0x1
 2229 005e 3F       		.uleb128 0x3f
 2230 005f 19       		.uleb128 0x19
 2231 0060 03       		.uleb128 0x3
 2232 0061 0E       		.uleb128 0xe
ARM GAS  C:\Users\cta10\AppData\Local\Temp\ccDzvORH.s 			page 49


 2233 0062 3A       		.uleb128 0x3a
 2234 0063 0B       		.uleb128 0xb
 2235 0064 3B       		.uleb128 0x3b
 2236 0065 0B       		.uleb128 0xb
 2237 0066 27       		.uleb128 0x27
 2238 0067 19       		.uleb128 0x19
 2239 0068 11       		.uleb128 0x11
 2240 0069 01       		.uleb128 0x1
 2241 006a 12       		.uleb128 0x12
 2242 006b 06       		.uleb128 0x6
 2243 006c 40       		.uleb128 0x40
 2244 006d 18       		.uleb128 0x18
 2245 006e 9642     		.uleb128 0x2116
 2246 0070 19       		.uleb128 0x19
 2247 0071 01       		.uleb128 0x1
 2248 0072 13       		.uleb128 0x13
 2249 0073 00       		.byte	0
 2250 0074 00       		.byte	0
 2251 0075 09       		.uleb128 0x9
 2252 0076 05       		.uleb128 0x5
 2253 0077 00       		.byte	0
 2254 0078 03       		.uleb128 0x3
 2255 0079 08       		.uleb128 0x8
 2256 007a 3A       		.uleb128 0x3a
 2257 007b 0B       		.uleb128 0xb
 2258 007c 3B       		.uleb128 0x3b
 2259 007d 0B       		.uleb128 0xb
 2260 007e 49       		.uleb128 0x49
 2261 007f 13       		.uleb128 0x13
 2262 0080 02       		.uleb128 0x2
 2263 0081 18       		.uleb128 0x18
 2264 0082 00       		.byte	0
 2265 0083 00       		.byte	0
 2266 0084 0A       		.uleb128 0xa
 2267 0085 2E       		.uleb128 0x2e
 2268 0086 00       		.byte	0
 2269 0087 3F       		.uleb128 0x3f
 2270 0088 19       		.uleb128 0x19
 2271 0089 03       		.uleb128 0x3
 2272 008a 0E       		.uleb128 0xe
 2273 008b 3A       		.uleb128 0x3a
 2274 008c 0B       		.uleb128 0xb
 2275 008d 3B       		.uleb128 0x3b
 2276 008e 0B       		.uleb128 0xb
 2277 008f 27       		.uleb128 0x27
 2278 0090 19       		.uleb128 0x19
 2279 0091 11       		.uleb128 0x11
 2280 0092 01       		.uleb128 0x1
 2281 0093 12       		.uleb128 0x12
 2282 0094 06       		.uleb128 0x6
 2283 0095 40       		.uleb128 0x40
 2284 0096 18       		.uleb128 0x18
 2285 0097 9642     		.uleb128 0x2116
 2286 0099 19       		.uleb128 0x19
 2287 009a 00       		.byte	0
 2288 009b 00       		.byte	0
 2289 009c 0B       		.uleb128 0xb
ARM GAS  C:\Users\cta10\AppData\Local\Temp\ccDzvORH.s 			page 50


 2290 009d 05       		.uleb128 0x5
 2291 009e 00       		.byte	0
 2292 009f 03       		.uleb128 0x3
 2293 00a0 0E       		.uleb128 0xe
 2294 00a1 3A       		.uleb128 0x3a
 2295 00a2 0B       		.uleb128 0xb
 2296 00a3 3B       		.uleb128 0x3b
 2297 00a4 0B       		.uleb128 0xb
 2298 00a5 49       		.uleb128 0x49
 2299 00a6 13       		.uleb128 0x13
 2300 00a7 02       		.uleb128 0x2
 2301 00a8 18       		.uleb128 0x18
 2302 00a9 00       		.byte	0
 2303 00aa 00       		.byte	0
 2304 00ab 0C       		.uleb128 0xc
 2305 00ac 0B       		.uleb128 0xb
 2306 00ad 01       		.byte	0x1
 2307 00ae 55       		.uleb128 0x55
 2308 00af 17       		.uleb128 0x17
 2309 00b0 00       		.byte	0
 2310 00b1 00       		.byte	0
 2311 00b2 0D       		.uleb128 0xd
 2312 00b3 34       		.uleb128 0x34
 2313 00b4 00       		.byte	0
 2314 00b5 03       		.uleb128 0x3
 2315 00b6 08       		.uleb128 0x8
 2316 00b7 3A       		.uleb128 0x3a
 2317 00b8 0B       		.uleb128 0xb
 2318 00b9 3B       		.uleb128 0x3b
 2319 00ba 0B       		.uleb128 0xb
 2320 00bb 49       		.uleb128 0x49
 2321 00bc 13       		.uleb128 0x13
 2322 00bd 02       		.uleb128 0x2
 2323 00be 18       		.uleb128 0x18
 2324 00bf 00       		.byte	0
 2325 00c0 00       		.byte	0
 2326 00c1 0E       		.uleb128 0xe
 2327 00c2 34       		.uleb128 0x34
 2328 00c3 00       		.byte	0
 2329 00c4 03       		.uleb128 0x3
 2330 00c5 0E       		.uleb128 0xe
 2331 00c6 3A       		.uleb128 0x3a
 2332 00c7 0B       		.uleb128 0xb
 2333 00c8 3B       		.uleb128 0x3b
 2334 00c9 0B       		.uleb128 0xb
 2335 00ca 49       		.uleb128 0x49
 2336 00cb 13       		.uleb128 0x13
 2337 00cc 02       		.uleb128 0x2
 2338 00cd 18       		.uleb128 0x18
 2339 00ce 00       		.byte	0
 2340 00cf 00       		.byte	0
 2341 00d0 0F       		.uleb128 0xf
 2342 00d1 0B       		.uleb128 0xb
 2343 00d2 01       		.byte	0x1
 2344 00d3 11       		.uleb128 0x11
 2345 00d4 01       		.uleb128 0x1
 2346 00d5 12       		.uleb128 0x12
ARM GAS  C:\Users\cta10\AppData\Local\Temp\ccDzvORH.s 			page 51


 2347 00d6 06       		.uleb128 0x6
 2348 00d7 00       		.byte	0
 2349 00d8 00       		.byte	0
 2350 00d9 10       		.uleb128 0x10
 2351 00da 0B       		.uleb128 0xb
 2352 00db 01       		.byte	0x1
 2353 00dc 55       		.uleb128 0x55
 2354 00dd 17       		.uleb128 0x17
 2355 00de 01       		.uleb128 0x1
 2356 00df 13       		.uleb128 0x13
 2357 00e0 00       		.byte	0
 2358 00e1 00       		.byte	0
 2359 00e2 11       		.uleb128 0x11
 2360 00e3 34       		.uleb128 0x34
 2361 00e4 00       		.byte	0
 2362 00e5 03       		.uleb128 0x3
 2363 00e6 08       		.uleb128 0x8
 2364 00e7 3A       		.uleb128 0x3a
 2365 00e8 0B       		.uleb128 0xb
 2366 00e9 3B       		.uleb128 0x3b
 2367 00ea 05       		.uleb128 0x5
 2368 00eb 49       		.uleb128 0x49
 2369 00ec 13       		.uleb128 0x13
 2370 00ed 02       		.uleb128 0x2
 2371 00ee 18       		.uleb128 0x18
 2372 00ef 00       		.byte	0
 2373 00f0 00       		.byte	0
 2374 00f1 12       		.uleb128 0x12
 2375 00f2 2E       		.uleb128 0x2e
 2376 00f3 01       		.byte	0x1
 2377 00f4 3F       		.uleb128 0x3f
 2378 00f5 19       		.uleb128 0x19
 2379 00f6 03       		.uleb128 0x3
 2380 00f7 0E       		.uleb128 0xe
 2381 00f8 3A       		.uleb128 0x3a
 2382 00f9 0B       		.uleb128 0xb
 2383 00fa 3B       		.uleb128 0x3b
 2384 00fb 05       		.uleb128 0x5
 2385 00fc 27       		.uleb128 0x27
 2386 00fd 19       		.uleb128 0x19
 2387 00fe 11       		.uleb128 0x11
 2388 00ff 01       		.uleb128 0x1
 2389 0100 12       		.uleb128 0x12
 2390 0101 06       		.uleb128 0x6
 2391 0102 40       		.uleb128 0x40
 2392 0103 18       		.uleb128 0x18
 2393 0104 9642     		.uleb128 0x2116
 2394 0106 19       		.uleb128 0x19
 2395 0107 01       		.uleb128 0x1
 2396 0108 13       		.uleb128 0x13
 2397 0109 00       		.byte	0
 2398 010a 00       		.byte	0
 2399 010b 13       		.uleb128 0x13
 2400 010c 34       		.uleb128 0x34
 2401 010d 00       		.byte	0
 2402 010e 03       		.uleb128 0x3
 2403 010f 0E       		.uleb128 0xe
ARM GAS  C:\Users\cta10\AppData\Local\Temp\ccDzvORH.s 			page 52


 2404 0110 3A       		.uleb128 0x3a
 2405 0111 0B       		.uleb128 0xb
 2406 0112 3B       		.uleb128 0x3b
 2407 0113 05       		.uleb128 0x5
 2408 0114 49       		.uleb128 0x49
 2409 0115 13       		.uleb128 0x13
 2410 0116 02       		.uleb128 0x2
 2411 0117 18       		.uleb128 0x18
 2412 0118 00       		.byte	0
 2413 0119 00       		.byte	0
 2414 011a 14       		.uleb128 0x14
 2415 011b 05       		.uleb128 0x5
 2416 011c 00       		.byte	0
 2417 011d 03       		.uleb128 0x3
 2418 011e 0E       		.uleb128 0xe
 2419 011f 3A       		.uleb128 0x3a
 2420 0120 0B       		.uleb128 0xb
 2421 0121 3B       		.uleb128 0x3b
 2422 0122 05       		.uleb128 0x5
 2423 0123 49       		.uleb128 0x49
 2424 0124 13       		.uleb128 0x13
 2425 0125 02       		.uleb128 0x2
 2426 0126 18       		.uleb128 0x18
 2427 0127 00       		.byte	0
 2428 0128 00       		.byte	0
 2429 0129 15       		.uleb128 0x15
 2430 012a 0F       		.uleb128 0xf
 2431 012b 00       		.byte	0
 2432 012c 0B       		.uleb128 0xb
 2433 012d 0B       		.uleb128 0xb
 2434 012e 49       		.uleb128 0x49
 2435 012f 13       		.uleb128 0x13
 2436 0130 00       		.byte	0
 2437 0131 00       		.byte	0
 2438 0132 16       		.uleb128 0x16
 2439 0133 34       		.uleb128 0x34
 2440 0134 00       		.byte	0
 2441 0135 03       		.uleb128 0x3
 2442 0136 0E       		.uleb128 0xe
 2443 0137 3A       		.uleb128 0x3a
 2444 0138 0B       		.uleb128 0xb
 2445 0139 3B       		.uleb128 0x3b
 2446 013a 05       		.uleb128 0x5
 2447 013b 49       		.uleb128 0x49
 2448 013c 13       		.uleb128 0x13
 2449 013d 3F       		.uleb128 0x3f
 2450 013e 19       		.uleb128 0x19
 2451 013f 3C       		.uleb128 0x3c
 2452 0140 19       		.uleb128 0x19
 2453 0141 00       		.byte	0
 2454 0142 00       		.byte	0
 2455 0143 17       		.uleb128 0x17
 2456 0144 35       		.uleb128 0x35
 2457 0145 00       		.byte	0
 2458 0146 49       		.uleb128 0x49
 2459 0147 13       		.uleb128 0x13
 2460 0148 00       		.byte	0
ARM GAS  C:\Users\cta10\AppData\Local\Temp\ccDzvORH.s 			page 53


 2461 0149 00       		.byte	0
 2462 014a 18       		.uleb128 0x18
 2463 014b 34       		.uleb128 0x34
 2464 014c 00       		.byte	0
 2465 014d 03       		.uleb128 0x3
 2466 014e 0E       		.uleb128 0xe
 2467 014f 3A       		.uleb128 0x3a
 2468 0150 0B       		.uleb128 0xb
 2469 0151 3B       		.uleb128 0x3b
 2470 0152 0B       		.uleb128 0xb
 2471 0153 49       		.uleb128 0x49
 2472 0154 13       		.uleb128 0x13
 2473 0155 3F       		.uleb128 0x3f
 2474 0156 19       		.uleb128 0x19
 2475 0157 02       		.uleb128 0x2
 2476 0158 18       		.uleb128 0x18
 2477 0159 00       		.byte	0
 2478 015a 00       		.byte	0
 2479 015b 00       		.byte	0
 2480              		.section	.debug_aranges,"",%progbits
 2481 0000 84000000 		.4byte	0x84
 2482 0004 0200     		.2byte	0x2
 2483 0006 00000000 		.4byte	.Ldebug_info0
 2484 000a 04       		.byte	0x4
 2485 000b 00       		.byte	0
 2486 000c 0000     		.2byte	0
 2487 000e 0000     		.2byte	0
 2488 0010 00000000 		.4byte	.LFB64
 2489 0014 1C000000 		.4byte	.LFE64-.LFB64
 2490 0018 00000000 		.4byte	.LFB65
 2491 001c 1C000000 		.4byte	.LFE65-.LFB65
 2492 0020 00000000 		.4byte	.LFB66
 2493 0024 14000000 		.4byte	.LFE66-.LFB66
 2494 0028 00000000 		.4byte	.LFB67
 2495 002c EC000000 		.4byte	.LFE67-.LFB67
 2496 0030 00000000 		.4byte	.LFB68
 2497 0034 66000000 		.4byte	.LFE68-.LFB68
 2498 0038 00000000 		.4byte	.LFB69
 2499 003c D4000000 		.4byte	.LFE69-.LFB69
 2500 0040 00000000 		.4byte	.LFB70
 2501 0044 F4000000 		.4byte	.LFE70-.LFB70
 2502 0048 00000000 		.4byte	.LFB71
 2503 004c F4000000 		.4byte	.LFE71-.LFB71
 2504 0050 00000000 		.4byte	.LFB72
 2505 0054 70000000 		.4byte	.LFE72-.LFB72
 2506 0058 00000000 		.4byte	.LFB73
 2507 005c E0000000 		.4byte	.LFE73-.LFB73
 2508 0060 00000000 		.4byte	.LFB74
 2509 0064 2A000000 		.4byte	.LFE74-.LFB74
 2510 0068 00000000 		.4byte	.LFB75
 2511 006c 58000000 		.4byte	.LFE75-.LFB75
 2512 0070 00000000 		.4byte	.LFB76
 2513 0074 88000000 		.4byte	.LFE76-.LFB76
 2514 0078 00000000 		.4byte	.LFB77
 2515 007c 72000000 		.4byte	.LFE77-.LFB77
 2516 0080 00000000 		.4byte	0
 2517 0084 00000000 		.4byte	0
ARM GAS  C:\Users\cta10\AppData\Local\Temp\ccDzvORH.s 			page 54


 2518              		.section	.debug_ranges,"",%progbits
 2519              	.Ldebug_ranges0:
 2520 0000 20000000 		.4byte	.LBB2
 2521 0004 50000000 		.4byte	.LBE2
 2522 0008 52000000 		.4byte	.LBB3
 2523 000c 54000000 		.4byte	.LBE3
 2524 0010 00000000 		.4byte	0
 2525 0014 00000000 		.4byte	0
 2526 0018 14000000 		.4byte	.LBB4
 2527 001c B8000000 		.4byte	.LBE4
 2528 0020 BA000000 		.4byte	.LBB5
 2529 0024 BC000000 		.4byte	.LBE5
 2530 0028 00000000 		.4byte	0
 2531 002c 00000000 		.4byte	0
 2532 0030 1E000000 		.4byte	.LBB8
 2533 0034 32000000 		.4byte	.LBE8
 2534 0038 34000000 		.4byte	.LBB9
 2535 003c 36000000 		.4byte	.LBE9
 2536 0040 00000000 		.4byte	0
 2537 0044 00000000 		.4byte	0
 2538 0048 42000000 		.4byte	.LBB10
 2539 004c 56000000 		.4byte	.LBE10
 2540 0050 58000000 		.4byte	.LBB11
 2541 0054 5A000000 		.4byte	.LBE11
 2542 0058 00000000 		.4byte	0
 2543 005c 00000000 		.4byte	0
 2544 0060 0E000000 		.4byte	.LBB13
 2545 0064 66000000 		.4byte	.LBE13
 2546 0068 68000000 		.4byte	.LBB16
 2547 006c 6A000000 		.4byte	.LBE16
 2548 0070 00000000 		.4byte	0
 2549 0074 00000000 		.4byte	0
 2550 0078 14000000 		.4byte	.LBB14
 2551 007c 58000000 		.4byte	.LBE14
 2552 0080 68000000 		.4byte	.LBB15
 2553 0084 6A000000 		.4byte	.LBE15
 2554 0088 00000000 		.4byte	0
 2555 008c 00000000 		.4byte	0
 2556 0090 00000000 		.4byte	.LFB64
 2557 0094 1C000000 		.4byte	.LFE64
 2558 0098 00000000 		.4byte	.LFB65
 2559 009c 1C000000 		.4byte	.LFE65
 2560 00a0 00000000 		.4byte	.LFB66
 2561 00a4 14000000 		.4byte	.LFE66
 2562 00a8 00000000 		.4byte	.LFB67
 2563 00ac EC000000 		.4byte	.LFE67
 2564 00b0 00000000 		.4byte	.LFB68
 2565 00b4 66000000 		.4byte	.LFE68
 2566 00b8 00000000 		.4byte	.LFB69
 2567 00bc D4000000 		.4byte	.LFE69
 2568 00c0 00000000 		.4byte	.LFB70
 2569 00c4 F4000000 		.4byte	.LFE70
 2570 00c8 00000000 		.4byte	.LFB71
 2571 00cc F4000000 		.4byte	.LFE71
 2572 00d0 00000000 		.4byte	.LFB72
 2573 00d4 70000000 		.4byte	.LFE72
 2574 00d8 00000000 		.4byte	.LFB73
ARM GAS  C:\Users\cta10\AppData\Local\Temp\ccDzvORH.s 			page 55


 2575 00dc E0000000 		.4byte	.LFE73
 2576 00e0 00000000 		.4byte	.LFB74
 2577 00e4 2A000000 		.4byte	.LFE74
 2578 00e8 00000000 		.4byte	.LFB75
 2579 00ec 58000000 		.4byte	.LFE75
 2580 00f0 00000000 		.4byte	.LFB76
 2581 00f4 88000000 		.4byte	.LFE76
 2582 00f8 00000000 		.4byte	.LFB77
 2583 00fc 72000000 		.4byte	.LFE77
 2584 0100 00000000 		.4byte	0
 2585 0104 00000000 		.4byte	0
 2586              		.section	.debug_line,"",%progbits
 2587              	.Ldebug_line0:
 2588 0000 A5030000 		.section	.debug_str,"MS",%progbits,1
 2588      02003A01 
 2588      00000201 
 2588      FB0E0D00 
 2588      01010101 
 2589              	.LASF64:
 2590 0000 72696768 		.ascii	"right_pwm\000"
 2590      745F7077 
 2590      6D00
 2591              	.LASF30:
 2592 000a 464F4F44 		.ascii	"FOOD\000"
 2592      00
 2593              	.LASF48:
 2594 000f 72696768 		.ascii	"right_turn\000"
 2594      745F7475 
 2594      726E00
 2595              	.LASF67:
 2596 001a 6C617374 		.ascii	"last_drift\000"
 2596      5F647269 
 2596      667400
 2597              	.LASF42:
 2598 0025 7475726E 		.ascii	"turn_right_enc\000"
 2598      5F726967 
 2598      68745F65 
 2598      6E6300
 2599              	.LASF70:
 2600 0034 433A5C4C 		.ascii	"C:\\LocalCode\\301MotorCar\\psoc firmware\\CS301_Cl"
 2600      6F63616C 
 2600      436F6465 
 2600      5C333031 
 2600      4D6F746F 
 2601 0063 6173732E 		.ascii	"ass.cydsn\000"
 2601      63796473 
 2601      6E00
 2602              	.LASF52:
 2603 006d 6D6F7665 		.ascii	"move_forward_skip_one_intersection\000"
 2603      5F666F72 
 2603      77617264 
 2603      5F736B69 
 2603      705F6F6E 
 2604              	.LASF24:
 2605 0090 73697A65 		.ascii	"sizetype\000"
 2605      74797065 
 2605      00
ARM GAS  C:\Users\cta10\AppData\Local\Temp\ccDzvORH.s 			page 56


 2606              	.LASF68:
 2607 0099 474E5520 		.ascii	"GNU C11 5.4.1 20160609 (release) [ARM/embedded-5-br"
 2607      43313120 
 2607      352E342E 
 2607      31203230 
 2607      31363036 
 2608 00cc 616E6368 		.ascii	"anch revision 237715] -mcpu=cortex-m3 -mthumb -g -O"
 2608      20726576 
 2608      6973696F 
 2608      6E203233 
 2608      37373135 
 2609 00ff 30202D66 		.ascii	"0 -ffunction-sections -ffat-lto-objects\000"
 2609      66756E63 
 2609      74696F6E 
 2609      2D736563 
 2609      74696F6E 
 2610              	.LASF23:
 2611 0127 6C6F6E67 		.ascii	"long double\000"
 2611      20646F75 
 2611      626C6500 
 2612              	.LASF8:
 2613 0133 5F5F7569 		.ascii	"__uint32_t\000"
 2613      6E743332 
 2613      5F7400
 2614              	.LASF4:
 2615 013e 5F5F7569 		.ascii	"__uint16_t\000"
 2615      6E743136 
 2615      5F7400
 2616              	.LASF2:
 2617 0149 73686F72 		.ascii	"short int\000"
 2617      7420696E 
 2617      7400
 2618              	.LASF32:
 2619 0153 6D6F746F 		.ascii	"motor_right\000"
 2619      725F7269 
 2619      67687400 
 2620              	.LASF26:
 2621 015f 4C454654 		.ascii	"LEFT_TURN\000"
 2621      5F545552 
 2621      4E00
 2622              	.LASF18:
 2623 0169 75696E74 		.ascii	"uint16\000"
 2623      313600
 2624              	.LASF13:
 2625 0170 75696E74 		.ascii	"uint8_t\000"
 2625      385F7400 
 2626              	.LASF46:
 2627 0178 73746162 		.ascii	"stable\000"
 2627      6C6500
 2628              	.LASF17:
 2629 017f 75696E74 		.ascii	"uint8\000"
 2629      3800
 2630              	.LASF38:
 2631 0185 7475726E 		.ascii	"turn_left_enc\000"
 2631      5F6C6566 
 2631      745F656E 
 2631      6300
ARM GAS  C:\Users\cta10\AppData\Local\Temp\ccDzvORH.s 			page 57


 2632              	.LASF25:
 2633 0193 53545241 		.ascii	"STRAIGHT\000"
 2633      49474854 
 2633      00
 2634              	.LASF35:
 2635 019c 6D6F7665 		.ascii	"move_forward_ticks\000"
 2635      5F666F72 
 2635      77617264 
 2635      5F746963 
 2635      6B7300
 2636              	.LASF0:
 2637 01af 7369676E 		.ascii	"signed char\000"
 2637      65642063 
 2637      68617200 
 2638              	.LASF58:
 2639 01bb 6C656E67 		.ascii	"length\000"
 2639      746800
 2640              	.LASF20:
 2641 01c2 666C6F61 		.ascii	"float\000"
 2641      7400
 2642              	.LASF37:
 2643 01c8 676F5F73 		.ascii	"go_straigh_with_tick\000"
 2643      74726169 
 2643      67685F77 
 2643      6974685F 
 2643      7469636B 
 2644              	.LASF10:
 2645 01dd 6C6F6E67 		.ascii	"long long int\000"
 2645      206C6F6E 
 2645      6720696E 
 2645      7400
 2646              	.LASF22:
 2647 01eb 63686172 		.ascii	"char\000"
 2647      00
 2648              	.LASF47:
 2649 01f0 6C656674 		.ascii	"left_turn\000"
 2649      5F747572 
 2649      6E00
 2650              	.LASF44:
 2651 01fa 6D6F7665 		.ascii	"move_forward_until_intersection\000"
 2651      5F666F72 
 2651      77617264 
 2651      5F756E74 
 2651      696C5F69 
 2652              	.LASF3:
 2653 021a 5F5F7569 		.ascii	"__uint8_t\000"
 2653      6E74385F 
 2653      7400
 2654              	.LASF43:
 2655 0224 755F7475 		.ascii	"u_turn_enc\000"
 2655      726E5F65 
 2655      6E6300
 2656              	.LASF51:
 2657 022f 666F6F64 		.ascii	"food_distance\000"
 2657      5F646973 
 2657      74616E63 
 2657      6500
ARM GAS  C:\Users\cta10\AppData\Local\Temp\ccDzvORH.s 			page 58


 2658              	.LASF40:
 2659 023d 72696768 		.ascii	"right_done\000"
 2659      745F646F 
 2659      6E6500
 2660              	.LASF54:
 2661 0248 696E7374 		.ascii	"instr\000"
 2661      7200
 2662              	.LASF1:
 2663 024e 756E7369 		.ascii	"unsigned char\000"
 2663      676E6564 
 2663      20636861 
 2663      7200
 2664              	.LASF66:
 2665 025c 64726966 		.ascii	"drift_right_pwm\000"
 2665      745F7269 
 2665      6768745F 
 2665      70776D00 
 2666              	.LASF11:
 2667 026c 6C6F6E67 		.ascii	"long long unsigned int\000"
 2667      206C6F6E 
 2667      6720756E 
 2667      7369676E 
 2667      65642069 
 2668              	.LASF16:
 2669 0283 75696E74 		.ascii	"uint32_t\000"
 2669      33325F74 
 2669      00
 2670              	.LASF49:
 2671 028c 696E7465 		.ascii	"intersection\000"
 2671      72736563 
 2671      74696F6E 
 2671      00
 2672              	.LASF12:
 2673 0299 756E7369 		.ascii	"unsigned int\000"
 2673      676E6564 
 2673      20696E74 
 2673      00
 2674              	.LASF14:
 2675 02a6 75696E74 		.ascii	"uint16_t\000"
 2675      31365F74 
 2675      00
 2676              	.LASF59:
 2677 02af 63757272 		.ascii	"current\000"
 2677      656E7400 
 2678              	.LASF36:
 2679 02b7 73746570 		.ascii	"steps\000"
 2679      7300
 2680              	.LASF31:
 2681 02bd 6D6F746F 		.ascii	"motor_left\000"
 2681      725F6C65 
 2681      667400
 2682              	.LASF27:
 2683 02c8 52494748 		.ascii	"RIGHT_TURN\000"
 2683      545F5455 
 2683      524E00
 2684              	.LASF33:
 2685 02d3 73746F70 		.ascii	"stop\000"
ARM GAS  C:\Users\cta10\AppData\Local\Temp\ccDzvORH.s 			page 59


 2685      00
 2686              	.LASF60:
 2687 02d8 666F6F64 		.ascii	"food_index\000"
 2687      5F696E64 
 2687      657800
 2688              	.LASF7:
 2689 02e3 6C6F6E67 		.ascii	"long int\000"
 2689      20696E74 
 2689      00
 2690              	.LASF15:
 2691 02ec 696E7433 		.ascii	"int32_t\000"
 2691      325F7400 
 2692              	.LASF5:
 2693 02f4 73686F72 		.ascii	"short unsigned int\000"
 2693      7420756E 
 2693      7369676E 
 2693      65642069 
 2693      6E7400
 2694              	.LASF61:
 2695 0307 636F756E 		.ascii	"count_down\000"
 2695      745F646F 
 2695      776E00
 2696              	.LASF41:
 2697 0312 5F426F6F 		.ascii	"_Bool\000"
 2697      6C00
 2698              	.LASF29:
 2699 0318 555F5455 		.ascii	"U_TURN\000"
 2699      524E00
 2700              	.LASF56:
 2701 031f 65786563 		.ascii	"execute_path\000"
 2701      7574655F 
 2701      70617468 
 2701      00
 2702              	.LASF53:
 2703 032c 65786563 		.ascii	"execute_instruction\000"
 2703      7574655F 
 2703      696E7374 
 2703      72756374 
 2703      696F6E00 
 2704              	.LASF9:
 2705 0340 6C6F6E67 		.ascii	"long unsigned int\000"
 2705      20756E73 
 2705      69676E65 
 2705      6420696E 
 2705      7400
 2706              	.LASF19:
 2707 0352 696E7433 		.ascii	"int32\000"
 2707      3200
 2708              	.LASF21:
 2709 0358 646F7562 		.ascii	"double\000"
 2709      6C6500
 2710              	.LASF45:
 2711 035f 7475726E 		.ascii	"turn_cooldown\000"
 2711      5F636F6F 
 2711      6C646F77 
 2711      6E00
 2712              	.LASF6:
ARM GAS  C:\Users\cta10\AppData\Local\Temp\ccDzvORH.s 			page 60


 2713 036d 5F5F696E 		.ascii	"__int32_t\000"
 2713      7433325F 
 2713      7400
 2714              	.LASF69:
 2715 0377 4D4F5645 		.ascii	"MOVEMENT.c\000"
 2715      4D454E54 
 2715      2E6300
 2716              	.LASF28:
 2717 0382 53544F50 		.ascii	"STOP\000"
 2717      00
 2718              	.LASF39:
 2719 0387 6C656674 		.ascii	"left_done\000"
 2719      5F646F6E 
 2719      6500
 2720              	.LASF34:
 2721 0391 676F5F73 		.ascii	"go_straight\000"
 2721      74726169 
 2721      67687400 
 2722              	.LASF55:
 2723 039d 666F6F64 		.ascii	"food_distances\000"
 2723      5F646973 
 2723      74616E63 
 2723      657300
 2724              	.LASF50:
 2725 03ac 72756E5F 		.ascii	"run_for_food\000"
 2725      666F725F 
 2725      666F6F64 
 2725      00
 2726              	.LASF62:
 2727 03b9 49544D5F 		.ascii	"ITM_RxBuffer\000"
 2727      52784275 
 2727      66666572 
 2727      00
 2728              	.LASF63:
 2729 03c6 6C656674 		.ascii	"left_pwm\000"
 2729      5F70776D 
 2729      00
 2730              	.LASF65:
 2731 03cf 64726966 		.ascii	"drift_left_pwm\000"
 2731      745F6C65 
 2731      66745F70 
 2731      776D00
 2732              	.LASF57:
 2733 03de 696E7374 		.ascii	"instructions\000"
 2733      72756374 
 2733      696F6E73 
 2733      00
 2734              		.ident	"GCC: (GNU Tools for ARM Embedded Processors) 5.4.1 20160609 (release) [ARM/embedded-5-bran
